# DIRECT ASCENT ASAT TRAJECTORY EPHEMERIS (ECI J2000)
# Time of Flight: 9000 seconds
# Columns: Time(s), Pos_X(m), Pos_Y(m), Pos_Z(m), Vel_X(m/s), Vel_Y(m/s), Vel_Z(m/s)
# -----------------------------------------------------------------------------------------------
    0,   4830443.4772,   4053223.3401,   1689606.1846,  -2883.4769,   6596.3544,   7837.6624
    1,   4827556.5427,   4059816.7912,   1697442.6355,  -2890.3893,   6590.5478,   7835.2382
    2,   4824662.7042,   4066404.4362,   1705276.6589,  -2897.2849,   6584.7424,   7832.8073
    3,   4821761.9785,   4072986.2764,   1713108.2480,  -2904.1637,   6578.9382,   7830.3697
    4,   4818854.3824,   4079562.3131,   1720937.3961,  -2911.0258,   6573.1354,   7827.9254
    5,   4815939.9326,   4086132.5476,   1728764.0965,  -2917.8711,   6567.3338,   7825.4745
    6,   4813018.6458,   4092696.9812,   1736588.3428,  -2924.6996,   6561.5337,   7823.0169
    7,   4810090.5389,   4099255.6153,   1744410.1282,  -2931.5115,   6555.7349,   7820.5529
    8,   4807155.6284,   4105808.4514,   1752229.4464,  -2938.3067,   6549.9375,   7818.0823
    9,   4804213.9311,   4112355.4908,   1760046.2907,  -2945.0852,   6544.1416,   7815.6052
   10,   4801265.4636,   4118896.7350,   1767860.6547,  -2951.8470,   6538.3471,   7813.1217
   11,   4798310.2426,   4125432.1855,   1775672.5320,  -2958.5922,   6532.5542,   7810.6318
   12,   4795348.2847,   4131961.8438,   1783481.9162,  -2965.3209,   6526.7627,   7808.1356
   13,   4792379.6064,   4138485.7115,   1791288.8010,  -2972.0329,   6520.9729,   7805.6330
   14,   4789404.2244,   4145003.7902,   1799093.1802,  -2978.7283,   6515.1847,   7803.1242
   15,   4786422.1553,   4151516.0814,   1806895.0473,  -2985.4072,   6509.3980,   7800.6091
   16,   4783433.4155,   4158022.5868,   1814694.3963,  -2992.0696,   6503.6131,   7798.0878
   17,   4780438.0216,   4164523.3081,   1822491.2208,  -2998.7155,   6497.8298,   7795.5603
   18,   4777435.9900,   4171018.2470,   1830285.5149,  -3005.3449,   6492.0483,   7793.0268
   19,   4774427.3373,   4177507.4052,   1838077.2723,  -3011.9578,   6486.2684,   7790.4871
   20,   4771412.0800,   4183990.7845,   1845866.4871,  -3018.5542,   6480.4904,   7787.9414
   21,   4768390.2344,   4190468.3866,   1853653.1531,  -3025.1343,   6474.7141,   7785.3897
   22,   4765361.8169,   4196940.2133,   1861437.2644,  -3031.6979,   6468.9397,   7782.8320
   23,   4762326.8440,   4203406.2666,   1869218.8150,  -3038.2452,   6463.1671,   7780.2683
   24,   4759285.3320,   4209866.5483,   1876997.7991,  -3044.7761,   6457.3965,   7777.6988
   25,   4756237.2973,   4216321.0602,   1884774.2107,  -3051.2906,   6451.6277,   7775.1234
   26,   4753182.7562,   4222769.8043,   1892548.0439,  -3057.7889,   6445.8609,   7772.5422
   27,   4750121.7250,   4229212.7826,   1900319.2931,  -3064.2708,   6440.0960,   7769.9552
   28,   4747054.2201,   4235649.9970,   1908087.9523,  -3070.7365,   6434.3331,   7767.3624
   29,   4743980.2575,   4242081.4496,   1915854.0160,  -3077.1859,   6428.5723,   7764.7639
   30,   4740899.8537,   4248507.1423,   1923617.4783,  -3083.6191,   6422.8135,   7762.1598
   31,   4737813.0248,   4254927.0772,   1931378.3336,  -3090.0360,   6417.0568,   7759.5500
   32,   4734719.7870,   4261341.2565,   1939136.5764,  -3096.4368,   6411.3022,   7756.9346
   33,   4731620.1565,   4267749.6823,   1946892.2010,  -3102.8215,   6405.5497,   7754.3137
   34,   4728514.1495,   4274152.3566,   1954645.2019,  -3109.1900,   6399.7993,   7751.6872
   35,   4725401.7820,   4280549.2816,   1962395.5735,  -3115.5423,   6394.0512,   7749.0552
   36,   4722283.0702,   4286940.4596,   1970143.3105,  -3121.8786,   6388.3052,   7746.4178
   37,   4719158.0302,   4293325.8928,   1977888.4072,  -3128.1988,   6382.5615,   7743.7749
   38,   4716026.6780,   4299705.5833,   1985630.8585,  -3134.5029,   6376.8200,   7741.1267
   39,   4712889.0296,   4306079.5336,   1993370.6588,  -3140.7911,   6371.0808,   7738.4731
   40,   4709745.1011,   4312447.7458,   2001107.8029,  -3147.0632,   6365.3440,   7735.8142
   41,   4706594.9086,   4318810.2223,   2008842.2854,  -3153.3193,   6359.6094,   7733.1500
   42,   4703438.4678,   4325166.9655,   2016574.1012,  -3159.5595,   6353.8773,   7730.4806
   43,   4700275.7948,   4331517.9776,   2024303.2449,  -3165.7838,   6348.1475,   7727.8060
   44,   4697106.9056,   4337863.2612,   2032029.7114,  -3171.9921,   6342.4201,   7725.1262
   45,   4693931.8159,   4344202.8186,   2039753.4955,  -3178.1845,   6336.6951,   7722.4412
   46,   4690750.5418,   4350536.6523,   2047474.5922,  -3184.3611,   6330.9726,   7719.7512
   47,   4687563.0989,   4356864.7647,   2055192.9963,  -3190.5219,   6325.2526,   7717.0561
   48,   4684369.5033,   4363187.1584,   2062908.7027,  -3196.6668,   6319.5351,   7714.3560
   49,   4681169.7706,   4369503.8358,   2070621.7066,  -3202.7959,   6313.8201,   7711.6509
   50,   4677963.9166,   4375814.7995,   2078332.0028,  -3208.9093,   6308.1077,   7708.9408
   51,   4674751.9572,   4382120.0521,   2086039.5865,  -3215.0069,   6302.3979,   7706.2258
   52,   4671533.9080,   4388419.5962,   2093744.4527,  -3221.0888,   6296.6906,   7703.5059
   53,   4668309.7848,   4394713.4343,   2101446.5966,  -3227.1550,   6290.9860,   7700.7811
   54,   4665079.6032,   4401001.5691,   2109146.0133,  -3233.2056,   6285.2840,   7698.0515
   55,   4661843.3788,   4407284.0033,   2116842.6980,  -3239.2405,   6279.5847,   7695.3171
   56,   4658601.1275,   4413560.7395,   2124536.6460,  -3245.2597,   6273.8881,   7692.5780
   57,   4655352.8646,   4419831.7804,   2132227.8524,  -3251.2634,   6268.1942,   7689.8341
   58,   4652098.6059,   4426097.1288,   2139916.3127,  -3257.2515,   6262.5031,   7687.0856
   59,   4648838.3669,   4432356.7875,   2147602.0220,  -3263.2240,   6256.8147,   7684.3324
   60,   4645572.1630,   4438610.7591,   2155284.9759,  -3269.1810,   6251.1291,   7681.5746
   61,   4642300.0100,   4444859.0465,   2162965.1696,  -3275.1225,   6245.4463,   7678.8122
   62,   4639021.9232,   4451101.6526,   2170642.5987,  -3281.0486,   6239.7663,   7676.0452
   63,   4635737.9180,   4457338.5800,   2178317.2585,  -3286.9591,   6234.0891,   7673.2737
   64,   4632448.0100,   4463569.8318,   2185989.1446,  -3292.8543,   6228.4149,   7670.4977
   65,   4629152.2146,   4469795.4107,   2193658.2525,  -3298.7341,   6222.7435,   7667.7173
   66,   4625850.5470,   4476015.3198,   2201324.5777,  -3304.5984,   6217.0750,   7664.9324
   67,   4622543.0228,   4482229.5618,   2208988.1159,  -3310.4475,   6211.4095,   7662.1432
   68,   4619229.6572,   4488438.1398,   2216648.8627,  -3316.2812,   6205.7469,   7659.3496
   69,   4615910.4656,   4494641.0567,   2224306.8137,  -3322.0996,   6200.0874,   7656.5517
   70,   4612585.4632,   4500838.3155,   2231961.9646,  -3327.9027,   6194.4308,   7653.7495
   71,   4609254.6653,   4507029.9192,   2239614.3112,  -3333.6906,   6188.7772,   7650.9430
   72,   4605918.0871,   4513215.8709,   2247263.8492,  -3339.4632,   6183.1266,   7648.1323
   73,   4602575.7439,   4519396.1735,   2254910.5743,  -3345.2207,   6177.4792,   7645.3174
   74,   4599227.6509,   4525570.8302,   2262554.4825,  -3350.9629,   6171.8347,   7642.4983
   75,   4595873.8231,   4531739.8440,   2270195.5695,  -3356.6901,   6166.1934,   7639.6751
   76,   4592514.2758,   4537903.2181,   2277833.8313,  -3362.4021,   6160.5553,   7636.8478
   77,   4589149.0240,   4544060.9556,   2285469.2637,  -3368.0990,   6154.9202,   7634.0164
   78,   4585778.0828,   4550213.0596,   2293101.8628,  -3373.7808,   6149.2883,   7631.1810
   79,   4582401.4673,   4556359.5333,   2300731.6244,  -3379.4476,   6143.6596,   7628.3416
   80,   4579019.1925,   4562500.3798,   2308358.5446,  -3385.0994,   6138.0341,   7625.4982
   81,   4575631.2735,   4568635.6025,   2315982.6195,  -3390.7362,   6132.4118,   7622.6509
   82,   4572237.7252,   4574765.2045,   2323603.8450,  -3396.3580,   6126.7927,   7619.7996
   83,   4568838.5625,   4580889.1890,   2331222.2174,  -3401.9649,   6121.1769,   7616.9445
   84,   4565433.8004,   4587007.5594,   2338837.7327,  -3407.5568,   6115.5644,   7614.0855
   85,   4562023.4538,   4593120.3188,   2346450.3871,  -3413.1339,   6109.9551,   7611.2227
   86,   4558607.5375,   4599227.4707,   2354060.1768,  -3418.6961,   6104.3492,   7608.3561
   87,   4555186.0665,   4605329.0183,   2361667.0980,  -3424.2435,   6098.7466,   7605.4857
   88,   4551759.0555,   4611424.9649,   2369271.1469,  -3429.7760,   6093.1473,   7602.6116
   89,   4548326.5194,   4617515.3140,   2376872.3200,  -3435.2938,   6087.5514,   7599.7338
   90,   4544888.4728,   4623600.0688,   2384470.6134,  -3440.7968,   6081.9589,   7596.8524
   91,   4541444.9306,   4629679.2328,   2392066.0235,  -3446.2851,   6076.3697,   7593.9673
   92,   4537995.9075,   4635752.8094,   2399658.5467,  -3451.7587,   6070.7840,   7591.0786
   93,   4534541.4181,   4641820.8021,   2407248.1795,  -3457.2176,   6065.2018,   7588.1863
   94,   4531081.4772,   4647883.2142,   2414834.9181,  -3462.6618,   6059.6230,   7585.2904
   95,   4527616.0994,   4653940.0492,   2422418.7592,  -3468.0915,   6054.0476,   7582.3911
   96,   4524145.2992,   4659991.3106,   2429999.6991,  -3473.5065,   6048.4758,   7579.4882
   97,   4520669.0913,   4666037.0018,   2437577.7344,  -3478.9069,   6042.9074,   7576.5819
   98,   4517187.4902,   4672077.1265,   2445152.8618,  -3484.2928,   6037.3426,   7573.6722
   99,   4513700.5104,   4678111.6882,   2452725.0776,  -3489.6642,   6031.7813,   7570.7590
  100,   4510208.1666,   4684140.6903,   2460294.3786,  -3495.0211,   6026.2235,   7567.8425
  101,   4506710.4731,   4690164.1364,   2467860.7615,  -3500.3635,   6020.6694,   7564.9226
  102,   4503207.4443,   4696182.0302,   2475424.2227,  -3505.6915,   6015.1188,   7561.9994
  103,   4499699.0948,   4702194.3752,   2482984.7592,  -3511.0051,   6009.5718,   7559.0729
  104,   4496185.4390,   4708201.1751,   2490542.3675,  -3516.3043,   6004.0284,   7556.1432
  105,   4492666.4911,   4714202.4333,   2498097.0445,  -3521.5891,   5998.4887,   7553.2102
  106,   4489142.2655,   4720198.1537,   2505648.7868,  -3526.8596,   5992.9527,   7550.2740
  107,   4485612.7767,   4726188.3399,   2513197.5914,  -3532.1158,   5987.4202,   7547.3347
  108,   4482078.0387,   4732172.9954,   2520743.4551,  -3537.3577,   5981.8915,   7544.3922
  109,   4478538.0660,   4738152.1241,   2528286.3747,  -3542.5854,   5976.3665,   7541.4465
  110,   4474992.8728,   4744125.7297,   2535826.3472,  -3547.7988,   5970.8452,   7538.4978
  111,   4471442.4732,   4750093.8157,   2543363.3694,  -3552.9980,   5965.3276,   7535.5460
  112,   4467886.8814,   4756056.3861,   2550897.4383,  -3558.1831,   5959.8138,   7532.5912
  113,   4464326.1117,   4762013.4445,   2558428.5508,  -3563.3540,   5954.3037,   7529.6334
  114,   4460760.1781,   4767964.9947,   2565956.7041,  -3568.5108,   5948.7974,   7526.6726
  115,   4457189.0947,   4773911.0405,   2573481.8950,  -3573.6536,   5943.2948,   7523.7088
  116,   4453612.8756,   4779851.5857,   2581004.1208,  -3578.7822,   5937.7961,   7520.7421
  117,   4450031.5349,   4785786.6341,   2588523.3783,  -3583.8968,   5932.3012,   7517.7726
  118,   4446445.0866,   4791716.1894,   2596039.6649,  -3588.9975,   5926.8102,   7514.8001
  119,   4442853.5447,   4797640.2557,   2603552.9776,  -3594.0841,   5921.3229,   7511.8248
  120,   4439256.9230,   4803558.8366,   2611063.3135,  -3599.1568,   5915.8396,   7508.8466
  121,   4435655.2357,   4809471.9361,   2618570.6699,  -3604.2155,   5910.3601,   7505.8657
  122,   4432048.4966,   4815379.5581,   2626075.0440,  -3609.2604,   5904.8845,   7502.8820
  123,   4428436.7195,   4821281.7064,   2633576.4331,  -3614.2914,   5899.4128,   7499.8956
  124,   4424819.9184,   4827178.3850,   2641074.8343,  -3619.3085,   5893.9450,   7496.9065
  125,   4421198.1071,   4833069.5977,   2648570.2451,  -3624.3119,   5888.4811,   7493.9146
  126,   4417571.2993,   4838955.3486,   2656062.6627,  -3629.3014,   5883.0212,   7490.9201
  127,   4413939.5089,   4844835.6415,   2663552.0845,  -3634.2772,   5877.5653,   7487.9230
  128,   4410302.7495,   4850710.4804,   2671038.5078,  -3639.2392,   5872.1133,   7484.9233
  129,   4406661.0350,   4856579.8694,   2678521.9301,  -3644.1876,   5866.6653,   7481.9209
  130,   4403014.3790,   4862443.8123,   2686002.3488,  -3649.1222,   5861.2213,   7478.9160
  131,   4399362.7951,   4868302.3132,   2693479.7614,  -3654.0432,   5855.7813,   7475.9086
  132,   4395706.2971,   4874155.3762,   2700954.1652,  -3658.9506,   5850.3453,   7472.8987
  133,   4392044.8985,   4880003.0051,   2708425.5580,  -3663.8444,   5844.9133,   7469.8863
  134,   4388378.6129,   4885845.2042,   2715893.9370,  -3668.7246,   5839.4854,   7466.8714
  135,   4384707.4539,   4891681.9773,   2723359.3000,  -3673.5912,   5834.0616,   7463.8541
  136,   4381031.4350,   4897513.3286,   2730821.6445,  -3678.4444,   5828.6418,   7460.8344
  137,   4377350.5696,   4903339.2622,   2738280.9681,  -3683.2840,   5823.2261,   7457.8123
  138,   4373664.8714,   4909159.7821,   2745737.2684,  -3688.1102,   5817.8145,   7454.7879
  139,   4369974.3537,   4914974.8925,   2753190.5431,  -3692.9230,   5812.4070,   7451.7611
  140,   4366279.0299,   4920784.5974,   2760640.7899,  -3697.7224,   5807.0036,   7448.7320
  141,   4362578.9134,   4926588.9011,   2768088.0065,  -3702.5083,   5801.6043,   7445.7007
  142,   4358874.0176,   4932387.8075,   2775532.1905,  -3707.2810,   5796.2092,   7442.6671
  143,   4355164.3559,   4938181.3209,   2782973.3398,  -3712.0403,   5790.8183,   7439.6312
  144,   4351449.9415,   4943969.4454,   2790411.4522,  -3716.7863,   5785.4315,   7436.5931
  145,   4347730.7878,   4949752.1852,   2797846.5253,  -3721.5190,   5780.0488,   7433.5529
  146,   4344006.9079,   4955529.5445,   2805278.5572,  -3726.2385,   5774.6704,   7430.5104
  147,   4340278.3152,   4961301.5274,   2812707.5455,  -3730.9448,   5769.2962,   7427.4659
  148,   4336545.0227,   4967068.1382,   2820133.4882,  -3735.6379,   5763.9261,   7424.4192
  149,   4332807.0437,   4972829.3811,   2827556.3832,  -3740.3178,   5758.5603,   7421.3704
  150,   4329064.3914,   4978585.2603,   2834976.2284,  -3744.9846,   5753.1987,   7418.3196
  151,   4325317.0788,   4984335.7800,   2842393.0218,  -3749.6384,   5747.8414,   7415.2667
  152,   4321565.1191,   4990080.9445,   2849806.7612,  -3754.2790,   5742.4883,   7412.2118
  153,   4317808.5252,   4995820.7580,   2857217.4447,  -3758.9066,   5737.1395,   7409.1549
  154,   4314047.3103,   5001555.2249,   2864625.0704,  -3763.5211,   5731.7949,   7406.0961
  155,   4310281.4873,   5007284.3493,   2872029.6362,  -3768.1227,   5726.4546,   7403.0352
  156,   4306511.0692,   5013008.1356,   2879431.1402,  -3772.7113,   5721.1187,   7399.9725
  157,   4302736.0691,   5018726.5880,   2886829.5805,  -3777.2869,   5715.7870,   7396.9078
  158,   4298956.4997,   5024439.7110,   2894224.9552,  -3781.8497,   5710.4596,   7393.8413
  159,   4295172.3740,   5030147.5087,   2901617.2624,  -3786.3995,   5705.1366,   7390.7729
  160,   4291383.7049,   5035849.9855,   2909006.5003,  -3790.9365,   5699.8178,   7387.7026
  161,   4287590.5052,   5041547.1458,   2916392.6671,  -3795.4607,   5694.5035,   7384.6306
  162,   4283792.7877,   5047238.9939,   2923775.7608,  -3799.9721,   5689.1934,   7381.5567
  163,   4279990.5652,   5052925.5342,   2931155.7799,  -3804.4707,   5683.8878,   7378.4811
  164,   4276183.8505,   5058606.7709,   2938532.7224,  -3808.9565,   5678.5865,   7375.4037
  165,   4272372.6564,   5064282.7086,   2945906.5867,  -3813.4297,   5673.2896,   7372.3246
  166,   4268556.9954,   5069953.3515,   2953277.3711,  -3817.8901,   5667.9970,   7369.2438
  167,   4264736.8803,   5075618.7041,   2960645.0738,  -3822.3379,   5662.7089,   7366.1613
  168,   4260912.3238,   5081278.7708,   2968009.6932,  -3826.7730,   5657.4252,   7363.0772
  169,   4257083.3385,   5086933.5559,   2975371.2276,  -3831.1956,   5652.1459,   7359.9914
  170,   4253249.9369,   5092583.0640,   2982729.6754,  -3835.6055,   5646.8710,   7356.9040
  171,   4249412.1317,   5098227.2993,   2990085.0350,  -3840.0029,   5641.6005,   7353.8150
  172,   4245569.9353,   5103866.2664,   2997437.3048,  -3844.3878,   5636.3345,   7350.7244
  173,   4241723.3603,   5109499.9698,   3004786.4832,  -3848.7601,   5631.0729,   7347.6322
  174,   4237872.4192,   5115128.4137,   3012132.5688,  -3853.1200,   5625.8158,   7344.5386
  175,   4234017.1245,   5120751.6028,   3019475.5599,  -3857.4674,   5620.5631,   7341.4434
  176,   4230157.4885,   5126369.5415,   3026815.4550,  -3861.8025,   5615.3150,   7338.3467
  177,   4226293.5237,   5131982.2343,   3034152.2528,  -3866.1251,   5610.0713,   7335.2486
  178,   4222425.2424,   5137589.6856,   3041485.9517,  -3870.4354,   5604.8321,   7332.1490
  179,   4218552.6571,   5143191.8999,   3048816.5503,  -3874.7333,   5599.5974,   7329.0480
  180,   4214675.7799,   5148788.8818,   3056144.0472,  -3879.0189,   5594.3672,   7325.9455
  181,   4210794.6233,   5154380.6357,   3063468.4409,  -3883.2922,   5589.1415,   7322.8417
  182,   4206909.1995,   5159967.1662,   3070789.7301,  -3887.5533,   5583.9203,   7319.7365
  183,   4203019.5208,   5165548.4778,   3078107.9135,  -3891.8022,   5578.7037,   7316.6300
  184,   4199125.5993,   5171124.5751,   3085422.9896,  -3896.0388,   5573.4916,   7313.5221
  185,   4195227.4472,   5176695.4625,   3092734.9573,  -3900.2633,   5568.2840,   7310.4129
  186,   4191325.0767,   5182261.1446,   3100043.8151,  -3904.4756,   5563.0810,   7307.3025
  187,   4187418.5000,   5187821.6259,   3107349.5618,  -3908.6758,   5557.8825,   7304.1908
  188,   4183507.7290,   5193376.9111,   3114652.1962,  -3912.8640,   5552.6886,   7301.0778
  189,   4179592.7760,   5198927.0047,   3121951.7170,  -3917.0400,   5547.4993,   7297.9636
  190,   4175673.6530,   5204471.9113,   3129248.1230,  -3921.2040,   5542.3146,   7294.8482
  191,   4171750.3720,   5210011.6354,   3136541.4129,  -3925.3560,   5537.1344,   7291.7316
  192,   4167822.9449,   5215546.1817,   3143831.5857,  -3929.4961,   5531.9589,   7288.6138
  193,   4163891.3839,   5221075.5546,   3151118.6402,  -3933.6241,   5526.7879,   7285.4949
  194,   4159955.7007,   5226599.7590,   3158402.5751,  -3937.7402,   5521.6215,   7282.3748
  195,   4156015.9073,   5232118.7992,   3165683.3895,  -3941.8445,   5516.4598,   7279.2537
  196,   4152072.0157,   5237632.6801,   3172961.0822,  -3945.9368,   5511.3026,   7276.1314
  197,   4148124.0376,   5243141.4061,   3180235.6520,  -3950.0173,   5506.1501,   7273.0081
  198,   4144171.9850,   5248644.9819,   3187507.0980,  -3954.0860,   5501.0023,   7269.8837
  199,   4140215.8695,   5254143.4121,   3194775.4191,  -3958.1429,   5495.8590,   7266.7583
  200,   4136255.7031,   5259636.7015,   3202040.6143,  -3962.1880,   5490.7204,   7263.6319
  201,   4132291.4974,   5265124.8545,   3209302.6825,  -3966.2214,   5485.5865,   7260.5044
  202,   4128323.2642,   5270607.8760,   3216561.6228,  -3970.2430,   5480.4572,   7257.3760
  203,   4124351.0152,   5276085.7705,   3223817.4343,  -3974.2530,   5475.3326,   7254.2467
  204,   4120374.7621,   5281558.5427,   3231070.1158,  -3978.2513,   5470.2126,   7251.1163
  205,   4116394.5164,   5287026.1972,   3238319.6666,  -3982.2380,   5465.0973,   7247.9851
  206,   4112410.2899,   5292488.7388,   3245566.0857,  -3986.2131,   5459.9867,   7244.8529
  207,   4108422.0942,   5297946.1721,   3252809.3722,  -3990.1766,   5454.8808,   7241.7199
  208,   4104429.9407,   5303398.5019,   3260049.5252,  -3994.1285,   5449.7795,   7238.5860
  209,   4100433.8410,   5308845.7327,   3267286.5439,  -3998.0689,   5444.6830,   7235.4512
  210,   4096433.8067,   5314287.8694,   3274520.4274,  -4001.9978,   5439.5911,   7232.3156
  211,   4092429.8493,   5319724.9165,   3281751.1748,  -4005.9152,   5434.5040,   7229.1792
  212,   4088421.9801,   5325156.8789,   3288978.7855,  -4009.8212,   5429.4215,   7226.0420
  213,   4084410.2107,   5330583.7611,   3296203.2586,  -4013.7157,   5424.3438,   7222.9040
  214,   4080394.5525,   5336005.5680,   3303424.5932,  -4017.5989,   5419.2708,   7219.7652
  215,   4076375.0167,   5341422.3043,   3310642.7887,  -4021.4707,   5414.2025,   7216.6257
  216,   4072351.6148,   5346833.9747,   3317857.8444,  -4025.3311,   5409.1390,   7213.4855
  217,   4068324.3582,   5352240.5838,   3325069.7594,  -4029.1803,   5404.0802,   7210.3445
  218,   4064293.2580,   5357642.1366,   3332278.5332,  -4033.0181,   5399.0261,   7207.2029
  219,   4060258.3257,   5363038.6376,   3339484.1649,  -4036.8447,   5393.9768,   7204.0605
  220,   4056219.5724,   5368430.0917,   3346686.6540,  -4040.6601,   5388.9322,   7200.9175
  221,   4052177.0093,   5373816.5035,   3353885.9998,  -4044.4642,   5383.8923,   7197.7739
  222,   4048130.6477,   5379197.8779,   3361082.2016,  -4048.2571,   5378.8573,   7194.6296
  223,   4044080.4988,   5384574.2197,   3368275.2588,  -4052.0389,   5373.8270,   7191.4847
  224,   4040026.5736,   5389945.5335,   3375465.1709,  -4055.8096,   5368.8014,   7188.3393
  225,   4035968.8833,   5395311.8241,   3382651.9372,  -4059.5691,   5363.7806,   7185.1932
  226,   4031907.4390,   5400673.0963,   3389835.5571,  -4063.3176,   5358.7646,   7182.0466
  227,   4027842.2517,   5406029.3550,   3397016.0302,  -4067.0550,   5353.7534,   7178.8994
  228,   4023773.3325,   5411380.6047,   3404193.3558,  -4070.7814,   5348.7470,   7175.7518
  229,   4019700.6925,   5416726.8505,   3411367.5335,  -4074.4968,   5343.7453,   7172.6036
  230,   4015624.3425,   5422068.0970,   3418538.5628,  -4078.2013,   5338.7484,   7169.4548
  231,   4011544.2936,   5427404.3490,   3425706.4431,  -4081.8947,   5333.7564,   7166.3057
  232,   4007460.5567,   5432735.6113,   3432871.1740,  -4085.5773,   5328.7691,   7163.1560
  233,   4003373.1427,   5438061.8888,   3440032.7550,  -4089.2489,   5323.7866,   7160.0059
  234,   3999282.0624,   5443383.1862,   3447191.1857,  -4092.9097,   5318.8089,   7156.8554
  235,   3995187.3268,   5448699.5083,   3454346.4656,  -4096.5597,   5313.8361,   7153.7044
  236,   3991088.9467,   5454010.8599,   3461498.5944,  -4100.1988,   5308.8680,   7150.5531
  237,   3986986.9329,   5459317.2459,   3468647.5717,  -4103.8271,   5303.9048,   7147.4014
  238,   3982881.2961,   5464618.6711,   3475793.3970,  -4107.4447,   5298.9464,   7144.2492
  239,   3978772.0471,   5469915.1403,   3482936.0700,  -4111.0515,   5293.9928,   7141.0968
  240,   3974659.1967,   5475206.6583,   3490075.5904,  -4114.6476,   5289.0440,   7137.9440
  241,   3970542.7556,   5480493.2299,   3497211.9578,  -4118.2330,   5284.1001,   7134.7908
  242,   3966422.7343,   5485774.8600,   3504345.1720,  -4121.8077,   5279.1609,   7131.6374
  243,   3962299.1436,   5491051.5534,   3511475.2325,  -4125.3718,   5274.2267,   7128.4837
  244,   3958171.9942,   5496323.3149,   3518602.1392,  -4128.9253,   5269.2972,   7125.3296
  245,   3954041.2965,   5501590.1494,   3525725.8917,  -4132.4682,   5264.3726,   7122.1754
  246,   3949907.0612,   5506852.0617,   3532846.4898,  -4136.0006,   5259.4528,   7119.0208
  247,   3945769.2989,   5512109.0567,   3539963.9333,  -4139.5224,   5254.5379,   7115.8660
  248,   3941628.0200,   5517361.1392,   3547078.2218,  -4143.0337,   5249.6278,   7112.7111
  249,   3937483.2350,   5522608.3140,   3554189.3553,  -4146.5345,   5244.7226,   7109.5559
  250,   3933334.9545,   5527850.5860,   3561297.3335,  -4150.0248,   5239.8222,   7106.4005
  251,   3929183.1888,   5533087.9601,   3568402.1562,  -4153.5047,   5234.9267,   7103.2449
  252,   3925027.9485,   5538320.4411,   3575503.8232,  -4156.9742,   5230.0361,   7100.0892
  253,   3920869.2438,   5543548.0339,   3582602.3344,  -4160.4334,   5225.1503,   7096.9333
  254,   3916707.0852,   5548770.7433,   3589697.6897,  -4163.8821,   5220.2693,   7093.7773
  255,   3912541.4830,   5553988.5742,   3596789.8889,  -4167.3205,   5215.3933,   7090.6211
  256,   3908372.4475,   5559201.5314,   3603878.9319,  -4170.7487,   5210.5221,   7087.4649
  257,   3904199.9891,   5564409.6199,   3610964.8187,  -4174.1665,   5205.6557,   7084.3085
  258,   3900024.1180,   5569612.8445,   3618047.5490,  -4177.5741,   5200.7943,   7081.1521
  259,   3895844.8444,   5574811.2100,   3625127.1229,  -4180.9714,   5195.9377,   7077.9957
  260,   3891662.1786,   5580004.7214,   3632203.5403,  -4184.3585,   5191.0859,   7074.8391
  261,   3887476.1307,   5585193.3835,   3639276.8011,  -4187.7355,   5186.2391,   7071.6826
  262,   3883286.7110,   5590377.2012,   3646346.9054,  -4191.1023,   5181.3971,   7068.5260
  263,   3879093.9296,   5595556.1794,   3653413.8531,  -4194.4589,   5176.5601,   7065.3694
  264,   3874897.7965,   5600730.3230,   3660477.6441,  -4197.8055,   5171.7278,   7062.2128
  265,   3870698.3220,   5605899.6367,   3667538.2786,  -4201.1419,   5166.9005,   7059.0562
  266,   3866495.5161,   5611064.1257,   3674595.7565,  -4204.4683,   5162.0781,   7055.8996
  267,   3862289.3887,   5616223.7946,   3681650.0778,  -4207.7847,   5157.2606,   7052.7431
  268,   3858079.9500,   5621378.6484,   3688701.2427,  -4211.0910,   5152.4479,   7049.5867
  269,   3853867.2100,   5626528.6920,   3695749.2512,  -4214.3874,   5147.6401,   7046.4303
  270,   3849651.1785,   5631673.9303,   3702794.1033,  -4217.6738,   5142.8372,   7043.2740
  271,   3845431.8656,   5636814.3681,   3709835.7991,  -4220.9503,   5138.0393,   7040.1178
  272,   3841209.2812,   5641950.0104,   3716874.3388,  -4224.2169,   5133.2462,   7036.9617
  273,   3836983.4352,   5647080.8621,   3723909.7225,  -4227.4735,   5128.4580,   7033.8057
  274,   3832754.3374,   5652206.9280,   3730941.9503,  -4230.7203,   5123.6747,   7030.6498
  275,   3828521.9978,   5657328.2131,   3737971.0223,  -4233.9573,   5118.8963,   7027.4941
  276,   3824286.4261,   5662444.7222,   3744996.9386,  -4237.1845,   5114.1228,   7024.3386
  277,   3820047.6321,   5667556.4602,   3752019.6995,  -4240.4019,   5109.3542,   7021.1832
  278,   3815805.6256,   5672663.4321,   3759039.3052,  -4243.6095,   5104.5905,   7018.0281
  279,   3811560.4164,   5677765.6428,   3766055.7557,  -4246.8073,   5099.8317,   7014.8731
  280,   3807312.0142,   5682863.0971,   3773069.0514,  -4249.9955,   5095.0778,   7011.7183
  281,   3803060.4287,   5687955.7999,   3780079.1924,  -4253.1739,   5090.3288,   7008.5637
  282,   3798805.6696,   5693043.7562,   3787086.1789,  -4256.3427,   5085.5847,   7005.4094
  283,   3794547.7465,   5698126.9709,   3794090.0113,  -4259.5019,   5080.8455,   7002.2553
  284,   3790286.6691,   5703205.4488,   3801090.6897,  -4262.6514,   5076.1112,   6999.1015
  285,   3786022.4469,   5708279.1949,   3808088.2144,  -4265.7913,   5071.3818,   6995.9480
  286,   3781755.0896,   5713348.2141,   3815082.5858,  -4268.9217,   5066.6573,   6992.7947
  287,   3777484.6068,   5718412.5112,   3822073.8040,  -4272.0425,   5061.9378,   6989.6417
  288,   3773211.0078,   5723472.0913,   3829061.8693,  -4275.1538,   5057.2231,   6986.4891
  289,   3768934.3024,   5728526.9591,   3836046.7822,  -4278.2555,   5052.5134,   6983.3367
  290,   3764654.4999,   5733577.1196,   3843028.5429,  -4281.3479,   5047.8085,   6980.1847
  291,   3760371.6098,   5738622.5778,   3850007.1517,  -4284.4307,   5043.1086,   6977.0330
  292,   3756085.6416,   5743663.3384,   3856982.6090,  -4287.5041,   5038.4136,   6973.8817
  293,   3751796.6047,   5748699.4065,   3863954.9151,  -4290.5682,   5033.7235,   6970.7307
  294,   3747504.5084,   5753730.7870,   3870924.0705,  -4293.6228,   5029.0382,   6967.5801
  295,   3743209.3622,   5758757.4847,   3877890.0755,  -4296.6681,   5024.3579,   6964.4299
  296,   3738911.1754,   5763779.5045,   3884852.9304,  -4299.7040,   5019.6826,   6961.2801
  297,   3734609.9573,   5768796.8514,   3891812.6358,  -4302.7307,   5015.0121,   6958.1307
  298,   3730305.7171,   5773809.5303,   3898769.1919,  -4305.7480,   5010.3465,   6954.9817
  299,   3725998.4643,   5778817.5461,   3905722.5993,  -4308.7561,   5005.6859,   6951.8331
  300,   3721688.2080,   5783820.9037,   3912672.8584,  -4311.7549,   5001.0301,   6948.6850
  301,   3717374.9575,   5788819.6080,   3919619.9695,  -4314.7446,   4996.3793,   6945.5374
  302,   3713058.7219,   5793813.6639,   3926563.9333,  -4317.7250,   4991.7333,   6942.3902
  303,   3708739.5105,   5798803.0763,   3933504.7500,  -4320.6963,   4987.0923,   6939.2435
  304,   3704417.3324,   5803787.8501,   3940442.4203,  -4323.6584,   4982.4562,   6936.0972
  305,   3700092.1968,   5808767.9903,   3947376.9447,  -4326.6114,   4977.8250,   6932.9515
  306,   3695764.1127,   5813743.5018,   3954308.3235,  -4329.5553,   4973.1987,   6929.8062
  307,   3691433.0893,   5818714.3894,   3961236.5573,  -4332.4901,   4968.5773,   6926.6615
  308,   3687099.1355,   5823680.6581,   3968161.6467,  -4335.4159,   4963.9608,   6923.5173
  309,   3682762.2606,   5828642.3127,   3975083.5922,  -4338.3326,   4959.3493,   6920.3737
  310,   3678422.4734,   5833599.3582,   3982002.3943,  -4341.2403,   4954.7426,   6917.2306
  311,   3674079.7830,   5838551.7996,   3988918.0535,  -4344.1390,   4950.1408,   6914.0880
  312,   3669734.1983,   5843499.6416,   3995830.5705,  -4347.0288,   4945.5440,   6910.9461
  313,   3665385.7283,   5848442.8892,   4002739.9458,  -4349.9096,   4940.9520,   6907.8047
  314,   3661034.3820,   5853381.5473,   4009646.1801,  -4352.7816,   4936.3650,   6904.6639
  315,   3656680.1682,   5858315.6208,   4016549.2738,  -4355.6446,   4931.7829,   6901.5237
  316,   3652323.0958,   5863245.1146,   4023449.2276,  -4358.4987,   4927.2056,   6898.3841
  317,   3647963.1737,   5868170.0337,   4030346.0421,  -4361.3440,   4922.6333,   6895.2451
  318,   3643600.4107,   5873090.3828,   4037239.7179,  -4364.1805,   4918.0658,   6892.1067
  319,   3639234.8157,   5878006.1670,   4044130.2557,  -4367.0082,   4913.5033,   6888.9690
  320,   3634866.3973,   5882917.3911,   4051017.6562,  -4369.8270,   4908.9457,   6885.8320
  321,   3630495.1645,   5887824.0599,   4057901.9199,  -4372.6372,   4904.3929,   6882.6955
  322,   3626121.1259,   5892726.1785,   4064783.0475,  -4375.4386,   4899.8451,   6879.5598
  323,   3621744.2902,   5897623.7518,   4071661.0397,  -4378.2312,   4895.3021,   6876.4248
  324,   3617364.6663,   5902516.7845,   4078535.8972,  -4381.0152,   4890.7641,   6873.2904
  325,   3612982.2627,   5907405.2816,   4085407.6207,  -4383.7906,   4886.2309,   6870.1567
  326,   3608597.0881,   5912289.2480,   4092276.2109,  -4386.5572,   4881.7027,   6867.0238
  327,   3604209.1511,   5917168.6886,   4099141.6685,  -4389.3153,   4877.1793,   6863.8915
  328,   3599818.4604,   5922043.6082,   4106003.9942,  -4392.0647,   4872.6608,   6860.7600
  329,   3595425.0245,   5926914.0119,   4112863.1887,  -4394.8056,   4868.1472,   6857.6292
  330,   3591028.8521,   5931779.9043,   4119719.2528,  -4397.5379,   4863.6385,   6854.4991
  331,   3586629.9516,   5936641.2906,   4126572.1872,  -4400.2617,   4859.1347,   6851.3699
  332,   3582228.3316,   5941498.1754,   4133421.9928,  -4402.9769,   4854.6358,   6848.2413
  333,   3577824.0006,   5946350.5638,   4140268.6702,  -4405.6837,   4850.1418,   6845.1136
  334,   3573416.9671,   5951198.4606,   4147112.2202,  -4408.3820,   4845.6526,   6841.9866
  335,   3569007.2395,   5956041.8706,   4153952.6436,  -4411.0718,   4841.1683,   6838.8604
  336,   3564594.8263,   5960880.7988,   4160789.9412,  -4413.7532,   4836.6889,   6835.7350
  337,   3560179.7358,   5965715.2501,   4167624.1139,  -4416.4262,   4832.2144,   6832.6104
  338,   3555761.9766,   5970545.2293,   4174455.1624,  -4419.0909,   4827.7448,   6829.4867
  339,   3551341.5569,   5975370.7412,   4181283.0875,  -4421.7471,   4823.2800,   6826.3637
  340,   3546918.4851,   5980191.7909,   4188107.8901,  -4424.3951,   4818.8201,   6823.2416
  341,   3542492.7695,   5985008.3830,   4194929.5710,  -4427.0347,   4814.3651,   6820.1203
  342,   3538064.4185,   5989820.5226,   4201748.1310,  -4429.6660,   4809.9149,   6816.9999
  343,   3533633.4402,   5994628.2145,   4208563.5711,  -4432.2890,   4805.4696,   6813.8804
  344,   3529199.8431,   5999431.4635,   4215375.8920,  -4434.9038,   4801.0292,   6810.7617
  345,   3524763.6353,   6004230.2746,   4222185.0947,  -4437.5104,   4796.5937,   6807.6439
  346,   3520324.8251,   6009024.6525,   4228991.1800,  -4440.1087,   4792.1630,   6804.5269
  347,   3515883.4206,   6013814.6022,   4235794.1489,  -4442.6989,   4787.7372,   6801.4109
  348,   3511439.4300,   6018600.1285,   4242594.0021,  -4445.2809,   4783.3162,   6798.2957
  349,   3506992.8615,   6023381.2362,   4249390.7406,  -4447.8547,   4778.9001,   6795.1815
  350,   3502543.7233,   6028157.9303,   4256184.3654,  -4450.4204,   4774.4888,   6792.0682
  351,   3498092.0234,   6032930.2155,   4262974.8773,  -4452.9780,   4770.0825,   6788.9558
  352,   3493637.7699,   6037698.0968,   4269762.2773,  -4455.5276,   4765.6809,   6785.8444
  353,   3489180.9709,   6042461.5790,   4276546.5664,  -4458.0690,   4761.2842,   6782.7338
  354,   3484721.6345,   6047220.6669,   4283327.7453,  -4460.6025,   4756.8924,   6779.6243
  355,   3480259.7686,   6051975.3653,   4290105.8152,  -4463.1279,   4752.5054,   6776.5157
  356,   3475795.3814,   6056725.6792,   4296880.7770,  -4465.6453,   4748.1232,   6773.4080
  357,   3471328.4807,   6061471.6134,   4303652.6316,  -4468.1547,   4743.7459,   6770.3014
  358,   3466859.0746,   6066213.1726,   4310421.3800,  -4470.6562,   4739.3734,   6767.1957
  359,   3462387.1710,   6070950.3618,   4317187.0233,  -4473.1497,   4735.0058,   6764.0910
  360,   3457912.7778,   6075683.1858,   4323949.5623,  -4475.6353,   4730.6430,   6760.9873
  361,   3453435.9030,   6080411.6494,   4330708.9981,  -4478.1131,   4726.2850,   6757.8846
  362,   3448956.5543,   6085135.7574,   4337465.3318,  -4480.5829,   4721.9319,   6754.7829
  363,   3444474.7398,   6089855.5147,   4344218.5642,  -4483.0449,   4717.5836,   6751.6822
  364,   3439990.4671,   6094570.9262,   4350968.6965,  -4485.4991,   4713.2401,   6748.5826
  365,   3435503.7442,   6099281.9965,   4357715.7296,  -4487.9454,   4708.9014,   6745.4839
  366,   3431014.5789,   6103988.7306,   4364459.6647,  -4490.3840,   4704.5676,   6742.3864
  367,   3426522.9788,   6108691.1333,   4371200.5027,  -4492.8148,   4700.2386,   6739.2898
  368,   3422028.9519,   6113389.2093,   4377938.2447,  -4495.2378,   4695.9144,   6736.1944
  369,   3417532.5058,   6118082.9636,   4384672.8918,  -4497.6531,   4691.5950,   6733.1000
  370,   3413033.6482,   6122772.4008,   4391404.4450,  -4500.0607,   4687.2804,   6730.0066
  371,   3408532.3869,   6127457.5259,   4398132.9055,  -4502.4606,   4682.9706,   6726.9144
  372,   3404028.7296,   6132138.3437,   4404858.2742,  -4504.8529,   4678.6656,   6723.8232
  373,   3399522.6838,   6136814.8588,   4411580.5522,  -4507.2374,   4674.3655,   6720.7331
  374,   3395014.2572,   6141487.0762,   4418299.7407,  -4509.6144,   4670.0701,   6717.6441
  375,   3390503.4575,   6146155.0007,   4425015.8408,  -4511.9837,   4665.7796,   6714.5562
  376,   3385990.2923,   6150818.6370,   4431728.8536,  -4514.3455,   4661.4938,   6711.4695
  377,   3381474.7691,   6155477.9899,   4438438.7802,  -4516.6997,   4657.2128,   6708.3838
  378,   3376956.8954,   6160133.0642,   4445145.6217,  -4519.0463,   4652.9367,   6705.2993
  379,   3372436.6789,   6164783.8648,   4451849.3792,  -4521.3854,   4648.6653,   6702.2159
  380,   3367914.1271,   6169430.3963,   4458550.0539,  -4523.7170,   4644.3987,   6699.1337
  381,   3363389.2474,   6174072.6637,   4465247.6469,  -4526.0411,   4640.1368,   6696.0526
  382,   3358862.0473,   6178710.6716,   4471942.1593,  -4528.3578,   4635.8798,   6692.9726
  383,   3354332.5343,   6183344.4248,   4478633.5924,  -4530.6670,   4631.6275,   6689.8938
  384,   3349800.7158,   6187973.9282,   4485321.9473,  -4532.9687,   4627.3800,   6686.8162
  385,   3345266.5993,   6192599.1865,   4492007.2252,  -4535.2631,   4623.1373,   6683.7397
  386,   3340730.1921,   6197220.2044,   4498689.4271,  -4537.5500,   4618.8993,   6680.6644
  387,   3336191.5017,   6201836.9867,   4505368.5544,  -4539.8296,   4614.6661,   6677.5903
  388,   3331650.5354,   6206449.5382,   4512044.6082,  -4542.1018,   4610.4377,   6674.5174
  389,   3327107.3005,   6211057.8637,   4518717.5897,  -4544.3667,   4606.2140,   6671.4457
  390,   3322561.8043,   6215661.9679,   4525387.5001,  -4546.6243,   4601.9951,   6668.3752
  391,   3318014.0542,   6220261.8556,   4532054.3405,  -4548.8746,   4597.7810,   6665.3059
  392,   3313464.0575,   6224857.5315,   4538718.1123,  -4551.1176,   4593.5716,   6662.2378
  393,   3308911.8214,   6229449.0003,   4545378.8166,  -4553.3534,   4589.3669,   6659.1710
  394,   3304357.3531,   6234036.2669,   4552036.4547,  -4555.5819,   4585.1670,   6656.1054
  395,   3299800.6599,   6238619.3359,   4558691.0278,  -4557.8032,   4580.9718,   6653.0410
  396,   3295241.7490,   6243198.2121,   4565342.5371,  -4560.0173,   4576.7814,   6649.9778
  397,   3290680.6276,   6247772.9002,   4571990.9838,  -4562.2243,   4572.5957,   6646.9159
  398,   3286117.3029,   6252343.4050,   4578636.3693,  -4564.4240,   4568.4147,   6643.8553
  399,   3281551.7819,   6256909.7312,   4585278.6948,  -4566.6167,   4564.2385,   6640.7959
  400,   3276984.0719,   6261471.8835,   4591917.9615,  -4568.8022,   4560.0669,   6637.7377
  401,   3272414.1799,   6266029.8666,   4598554.1707,  -4570.9806,   4555.9001,   6634.6809
  402,   3267842.1130,   6270583.6853,   4605187.3237,  -4573.1519,   4551.7381,   6631.6253
  403,   3263267.8784,   6275133.3443,   4611817.4217,  -4575.3162,   4547.5807,   6628.5710
  404,   3258691.4830,   6279678.8483,   4618444.4661,  -4577.4734,   4543.4281,   6625.5180
  405,   3254112.9340,   6284220.2020,   4625068.4581,  -4579.6236,   4539.2801,   6622.4663
  406,   3249532.2382,   6288757.4101,   4631689.3991,  -4581.7668,   4535.1369,   6619.4158
  407,   3244949.4028,   6293290.4773,   4638307.2902,  -4583.9029,   4530.9984,   6616.3667
  408,   3240364.4346,   6297819.4084,   4644922.1329,  -4586.0322,   4526.8645,   6613.3189
  409,   3235777.3407,   6302344.2079,   4651533.9285,  -4588.1544,   4522.7354,   6610.2724
  410,   3231188.1281,   6306864.8807,   4658142.6782,  -4590.2698,   4518.6109,   6607.2272
  411,   3226596.8035,   6311381.4314,   4664748.3834,  -4592.3782,   4514.4912,   6604.1834
  412,   3222003.3740,   6315893.8647,   4671351.0454,  -4594.4797,   4510.3761,   6601.1409
  413,   3217407.8464,   6320402.1852,   4677950.6656,  -4596.5743,   4506.2657,   6598.0997
  414,   3212810.2276,   6324906.3977,   4684547.2453,  -4598.6621,   4502.1600,   6595.0599
  415,   3208210.5245,   6329406.5068,   4691140.7858,  -4600.7430,   4498.0590,   6592.0214
  416,   3203608.7438,   6333902.5172,   4697731.2885,  -4602.8172,   4493.9626,   6588.9842
  417,   3199004.8924,   6338394.4336,   4704318.7547,  -4604.8845,   4489.8709,   6585.9485
  418,   3194398.9772,   6342882.2607,   4710903.1859,  -4606.9450,   4485.7839,   6582.9140
  419,   3189791.0047,   6347366.0030,   4717484.5833,  -4608.9987,   4481.7015,   6579.8810
  420,   3185180.9819,   6351845.6653,   4724062.9483,  -4611.0457,   4477.6238,   6576.8493
  421,   3180568.9155,   6356321.2522,   4730638.2824,  -4613.0860,   4473.5508,   6573.8190
  422,   3175954.8122,   6360792.7684,   4737210.5868,  -4615.1196,   4469.4824,   6570.7901
  423,   3171338.6786,   6365260.2186,   4743779.8631,  -4617.1464,   4465.4186,   6567.7626
  424,   3166720.5216,   6369723.6072,   4750346.1125,  -4619.1666,   4461.3595,   6564.7365
  425,   3162100.3477,   6374182.9391,   4756909.3364,  -4621.1801,   4457.3050,   6561.7117
  426,   3157478.1636,   6378638.2188,   4763469.5364,  -4623.1870,   4453.2552,   6558.6884
  427,   3152853.9759,   6383089.4511,   4770026.7137,  -4625.1872,   4449.2100,   6555.6665
  428,   3148227.7913,   6387536.6404,   4776580.8698,  -4627.1809,   4445.1694,   6552.6460
  429,   3143599.6164,   6391979.7914,   4783132.0061,  -4629.1679,   4441.1335,   6549.6269
  430,   3138969.4577,   6396418.9088,   4789680.1240,  -4631.1484,   4437.1021,   6546.6092
  431,   3134337.3218,   6400853.9972,   4796225.2249,  -4633.1223,   4433.0754,   6543.5929
  432,   3129703.2152,   6405285.0612,   4802767.3103,  -4635.0897,   4429.0533,   6540.5781
  433,   3125067.1446,   6409712.1054,   4809306.3817,  -4637.0506,   4425.0358,   6537.5648
  434,   3120429.1163,   6414135.1343,   4815842.4403,  -4639.0049,   4421.0229,   6534.5528
  435,   3115789.1369,   6418554.1528,   4822375.4878,  -4640.9528,   4417.0146,   6531.5423
  436,   3111147.2128,   6422969.1652,   4828905.5255,  -4642.8942,   4413.0110,   6528.5333
  437,   3106503.3506,   6427380.1762,   4835432.5549,  -4644.8292,   4409.0119,   6525.5257
  438,   3101857.5566,   6431787.1905,   4841956.5774,  -4646.7577,   4405.0174,   6522.5196
  439,   3097209.8373,   6436190.2125,   4848477.5945,  -4648.6798,   4401.0275,   6519.5149
  440,   3092560.1990,   6440589.2469,   4854995.6077,  -4650.5955,   4397.0421,   6516.5117
  441,   3087908.6483,   6444984.2983,   4861510.6184,  -4652.5049,   4393.0614,   6513.5100
  442,   3083255.1914,   6449375.3712,   4868022.6281,  -4654.4079,   4389.0852,   6510.5097
  443,   3078599.8347,   6453762.4702,   4874531.6383,  -4656.3045,   4385.1136,   6507.5110
  444,   3073942.5845,   6458145.5999,   4881037.6505,  -4658.1948,   4381.1466,   6504.5137
  445,   3069283.4472,   6462524.7649,   4887540.6662,  -4660.0788,   4377.1841,   6501.5179
  446,   3064622.4291,   6466899.9697,   4894040.6868,  -4661.9565,   4373.2262,   6498.5236
  447,   3059959.5364,   6471271.2188,   4900537.7138,  -4663.8279,   4369.2728,   6495.5308
  448,   3055294.7754,   6475638.5168,   4907031.7488,  -4665.6930,   4365.3240,   6492.5395
  449,   3050628.1524,   6480001.8683,   4913522.7932,  -4667.5519,   4361.3798,   6489.5496
  450,   3045959.6736,   6484361.2779,   4920010.8486,  -4669.4046,   4357.4400,   6486.5614
  451,   3041289.3452,   6488716.7499,   4926495.9164,  -4671.2511,   4353.5049,   6483.5746
  452,   3036617.1735,   6493068.2891,   4932977.9982,  -4673.0914,   4349.5742,   6480.5893
  453,   3031943.1646,   6497415.8999,   4939457.0956,  -4674.9255,   4345.6481,   6477.6056
  454,   3027267.3246,   6501759.5869,   4945933.2099,  -4676.7534,   4341.7265,   6474.6234
  455,   3022589.6598,   6506099.3545,   4952406.3428,  -4678.5752,   4337.8095,   6471.6427
  456,   3017910.1763,   6510435.2074,   4958876.4957,  -4680.3909,   4333.8970,   6468.6635
  457,   3013228.8801,   6514767.1499,   4965343.6703,  -4682.2004,   4329.9889,   6465.6859
  458,   3008545.7774,   6519095.1867,   4971807.8681,  -4684.0039,   4326.0854,   6462.7098
  459,   3003860.8744,   6523419.3223,   4978269.0905,  -4685.8013,   4322.1864,   6459.7353
  460,   2999174.1769,   6527739.5611,   4984727.3392,  -4687.5926,   4318.2919,   6456.7623
  461,   2994485.6912,   6532055.9076,   4991182.6156,  -4689.3779,   4314.4019,   6453.7909
  462,   2989795.4232,   6536368.3664,   4997634.9214,  -4691.1571,   4310.5164,   6450.8210
  463,   2985103.3790,   6540676.9419,   5004084.2581,  -4692.9304,   4306.6354,   6447.8527
  464,   2980409.5645,   6544981.6387,   5010530.6273,  -4694.6976,   4302.7589,   6444.8859
  465,   2975713.9858,   6549282.4611,   5016974.0305,  -4696.4589,   4298.8868,   6441.9207
  466,   2971016.6488,   6553579.4138,   5023414.4693,  -4698.2141,   4295.0192,   6438.9571
  467,   2966317.5595,   6557872.5011,   5029851.9452,  -4699.9635,   4291.1561,   6435.9951
  468,   2961616.7238,   6562161.7276,   5036286.4599,  -4701.7069,   4287.2975,   6433.0346
  469,   2956914.1476,   6566447.0976,   5042718.0149,  -4703.4444,   4283.4434,   6430.0757
  470,   2952209.8369,   6570728.6158,   5049146.6119,  -4705.1760,   4279.5937,   6427.1184
  471,   2947503.7976,   6575006.2864,   5055572.2523,  -4706.9017,   4275.7484,   6424.1627
  472,   2942796.0354,   6579280.1141,   5061994.9378,  -4708.6216,   4271.9076,   6421.2085
  473,   2938086.5563,   6583550.1031,   5068414.6699,  -4710.3356,   4268.0713,   6418.2560
  474,   2933375.3662,   6587816.2581,   5074831.4503,  -4712.0438,   4264.2394,   6415.3051
  475,   2928662.4708,   6592078.5834,   5081245.2806,  -4713.7461,   4260.4119,   6412.3557
  476,   2923947.8759,   6596337.0834,   5087656.1623,  -4715.4426,   4256.5889,   6409.4080
  477,   2919231.5874,   6600591.7627,   5094064.0971,  -4717.1334,   4252.7703,   6406.4619
  478,   2914513.6111,   6604842.6255,   5100469.0866,  -4718.8184,   4248.9561,   6403.5174
  479,   2909793.9526,   6609089.6764,   5106871.1324,  -4720.4976,   4245.1464,   6400.5745
  480,   2905072.6178,   6613332.9198,   5113270.2361,  -4722.1711,   4241.3411,   6397.6332
  481,   2900349.6124,   6617572.3600,   5119666.3993,  -4723.8388,   4237.5402,   6394.6935
  482,   2895624.9421,   6621808.0016,   5126059.6236,  -4725.5009,   4233.7437,   6391.7555
  483,   2890898.6126,   6626039.8488,   5132449.9107,  -4727.1572,   4229.9516,   6388.8190
  484,   2886170.6295,   6630267.9062,   5138837.2622,  -4728.8079,   4226.1639,   6385.8842
  485,   2881440.9987,   6634492.1780,   5145221.6798,  -4730.4529,   4222.3806,   6382.9511
  486,   2876709.7257,   6638712.6688,   5151603.1650,  -4732.0922,   4218.6017,   6380.0196
  487,   2871976.8161,   6642929.3829,   5157981.7194,  -4733.7260,   4214.8272,   6377.0897
  488,   2867242.2756,   6647142.3246,   5164357.3449,  -4735.3541,   4211.0570,   6374.1614
  489,   2862506.1098,   6651351.4984,   5170730.0429,  -4736.9766,   4207.2913,   6371.2348
  490,   2857768.3243,   6655556.9086,   5177099.8151,  -4738.5935,   4203.5299,   6368.3099
  491,   2853028.9247,   6659758.5596,   5183466.6632,  -4740.2048,   4199.7729,   6365.3866
  492,   2848287.9165,   6663956.4558,   5189830.5888,  -4741.8106,   4196.0202,   6362.4649
  493,   2843545.3053,   6668150.6015,   5196191.5935,  -4743.4109,   4192.2720,   6359.5449
  494,   2838801.0966,   6672341.0012,   5202549.6791,  -4745.0056,   4188.5280,   6356.6266
  495,   2834055.2960,   6676527.6590,   5208904.8472,  -4746.5948,   4184.7885,   6353.7099
  496,   2829307.9089,   6680710.5795,   5215257.0995,  -4748.1785,   4181.0532,   6350.7949
  497,   2824558.9409,   6684889.7670,   5221606.4376,  -4749.7567,   4177.3224,   6347.8815
  498,   2819808.3973,   6689065.2257,   5227952.8631,  -4751.3295,   4173.5958,   6344.9698
  499,   2815056.2838,   6693236.9600,   5234296.3778,  -4752.8968,   4169.8736,   6342.0598
  500,   2810302.6056,   6697404.9743,   5240636.9833,  -4754.4586,   4166.1557,   6339.1515
  501,   2805547.3683,   6701569.2729,   5246974.6813,  -4756.0151,   4162.4422,   6336.2448
  502,   2800790.5773,   6705729.8601,   5253309.4735,  -4757.5661,   4158.7329,   6333.3399
  503,   2796032.2379,   6709886.7402,   5259641.3616,  -4759.1118,   4155.0280,   6330.4365
  504,   2791272.3556,   6714039.9176,   5265970.3472,  -4760.6520,   4151.3274,   6327.5349
  505,   2786510.9356,   6718189.3965,   5272296.4320,  -4762.1869,   4147.6311,   6324.6350
  506,   2781747.9835,   6722335.1813,   5278619.6178,  -4763.7165,   4143.9391,   6321.7368
  507,   2776983.5045,   6726477.2763,   5284939.9061,  -4765.2407,   4140.2515,   6318.8402
  508,   2772217.5039,   6730615.6857,   5291257.2988,  -4766.7596,   4136.5681,   6315.9454
  509,   2767449.9871,   6734750.4138,   5297571.7974,  -4768.2732,   4132.8890,   6313.0522
  510,   2762680.9593,   6738881.4650,   5303883.4037,  -4769.7815,   4129.2141,   6310.1607
  511,   2757910.4259,   6743008.8435,   5310192.1195,  -4771.2845,   4125.5436,   6307.2710
  512,   2753138.3921,   6747132.5536,   5316497.9463,  -4772.7822,   4121.8773,   6304.3829
  513,   2748364.8632,   6751252.5996,   5322800.8859,  -4774.2748,   4118.2153,   6301.4966
  514,   2743589.8443,   6755368.9857,   5329100.9400,  -4775.7620,   4114.5576,   6298.6119
  515,   2738813.3408,   6759481.7162,   5335398.1103,  -4777.2441,   4110.9041,   6295.7290
  516,   2734035.3579,   6763590.7954,   5341692.3986,  -4778.7209,   4107.2549,   6292.8478
  517,   2729255.9007,   6767696.2275,   5347983.8065,  -4780.1926,   4103.6100,   6289.9683
  518,   2724474.9744,   6771798.0167,   5354272.3357,  -4781.6591,   4099.9693,   6287.0905
  519,   2719692.5842,   6775896.1674,   5360557.9881,  -4783.1204,   4096.3328,   6284.2144
  520,   2714908.7353,   6779990.6838,   5366840.7652,  -4784.5766,   4092.7006,   6281.3401
  521,   2710123.4328,   6784081.5700,   5373120.6688,  -4786.0276,   4089.0726,   6278.4675
  522,   2705336.6818,   6788168.8304,   5379397.7007,  -4787.4735,   4085.4488,   6275.5966
  523,   2700548.4874,   6792252.4691,   5385671.8625,  -4788.9143,   4081.8293,   6272.7274
  524,   2695758.8548,   6796332.4904,   5391943.1561,  -4790.3501,   4078.2140,   6269.8600
  525,   2690967.7890,   6800408.8985,   5398211.5831,  -4791.7807,   4074.6029,   6266.9943
  526,   2686175.2951,   6804481.6976,   5404477.1452,  -4793.2063,   4070.9960,   6264.1303
  527,   2681381.3782,   6808550.8919,   5410739.8442,  -4794.6268,   4067.3933,   6261.2681
  528,   2676586.0432,   6812616.4857,   5416999.6819,  -4796.0423,   4063.7949,   6258.4076
  529,   2671789.2953,   6816678.4830,   5423256.6599,  -4797.4527,   4060.2006,   6255.5488
  530,   2666991.1395,   6820736.8882,   5429510.7800,  -4798.8582,   4056.6105,   6252.6918
  531,   2662191.5807,   6824791.7055,   5435762.0440,  -4800.2586,   4053.0246,   6249.8365
  532,   2657390.6239,   6828842.9389,   5442010.4536,  -4801.6541,   4049.4429,   6246.9830
  533,   2652588.2742,   6832890.5927,   5448256.0106,  -4803.0446,   4045.8654,   6244.1312
  534,   2647784.5364,   6836934.6710,   5454498.7166,  -4804.4301,   4042.2920,   6241.2812
  535,   2642979.4156,   6840975.1781,   5460738.5735,  -4805.8107,   4038.7228,   6238.4329
  536,   2638172.9166,   6845012.1181,   5466975.5830,  -4807.1864,   4035.1578,   6235.5864
  537,   2633365.0444,   6849045.4951,   5473209.7468,  -4808.5572,   4031.5970,   6232.7416
  538,   2628555.8039,   6853075.3134,   5479441.0667,  -4809.9230,   4028.0402,   6229.8986
  539,   2623745.2000,   6857101.5770,   5485669.5445,  -4811.2840,   4024.4877,   6227.0573
  540,   2618933.2376,   6861124.2901,   5491895.1820,  -4812.6401,   4020.9393,   6224.2178
  541,   2614119.9215,   6865143.4570,   5498117.9808,  -4813.9913,   4017.3950,   6221.3801
  542,   2609305.2567,   6869159.0816,   5504337.9427,  -4815.3377,   4013.8549,   6218.5441
  543,   2604489.2478,   6873171.1681,   5510555.0696,  -4816.6792,   4010.3189,   6215.7099
  544,   2599671.8998,   6877179.7208,   5516769.3631,  -4818.0159,   4006.7870,   6212.8775
  545,   2594853.2175,   6881184.7436,   5522980.8251,  -4819.3479,   4003.2593,   6210.0468
  546,   2590033.2057,   6885186.2407,   5529189.4573,  -4820.6750,   3999.7357,   6207.2179
  547,   2585211.8692,   6889184.2163,   5535395.2615,  -4821.9973,   3996.2162,   6204.3908
  548,   2580389.2127,   6893178.6744,   5541598.2394,  -4823.3149,   3992.7008,   6201.5654
  549,   2575565.2410,   6897169.6191,   5547798.3929,  -4824.6277,   3989.1895,   6198.7418
  550,   2570739.9589,   6901157.0547,   5553995.7237,  -4825.9358,   3985.6823,   6195.9200
  551,   2565913.3711,   6905140.9850,   5560190.2335,  -4827.2391,   3982.1792,   6193.1000
  552,   2561085.4823,   6909121.4143,   5566381.9243,  -4828.5377,   3978.6801,   6190.2817
  553,   2556256.2972,   6913098.3467,   5572570.7976,  -4829.8316,   3975.1852,   6187.4653
  554,   2551425.8206,   6917071.7861,   5578756.8554,  -4831.1208,   3971.6944,   6184.6506
  555,   2546594.0571,   6921041.7367,   5584940.0994,  -4832.4054,   3968.2076,   6181.8377
  556,   2541761.0114,   6925008.2026,   5591120.5314,  -4833.6853,   3964.7249,   6179.0266
  557,   2536926.6882,   6928971.1879,   5597298.1532,  -4834.9605,   3961.2463,   6176.2172
  558,   2532091.0920,   6932930.6965,   5603472.9665,  -4836.2311,   3957.7717,   6173.4097
  559,   2527254.2276,   6936886.7326,   5609644.9731,  -4837.4970,   3954.3012,   6170.6039
  560,   2522416.0995,   6940839.3002,   5615814.1750,  -4838.7583,   3950.8347,   6167.8000
  561,   2517576.7124,   6944788.4034,   5621980.5737,  -4840.0151,   3947.3723,   6164.9978
  562,   2512736.0709,   6948734.0461,   5628144.1712,  -4841.2672,   3943.9139,   6162.1974
  563,   2507894.1795,   6952676.2326,   5634304.9692,  -4842.5148,   3940.4596,   6159.3989
  564,   2503051.0428,   6956614.9667,   5640462.9695,  -4843.7578,   3937.0093,   6156.6021
  565,   2498206.6654,   6960550.2525,   5646618.1739,  -4844.9962,   3933.5630,   6153.8071
  566,   2493361.0519,   6964482.0940,   5652770.5843,  -4846.2302,   3930.1208,   6151.0139
  567,   2488514.2066,   6968410.4954,   5658920.2023,  -4847.4595,   3926.6825,   6148.2225
  568,   2483666.1343,   6972335.4605,   5665067.0299,  -4848.6844,   3923.2483,   6145.4329
  569,   2478816.8394,   6976256.9934,   5671211.0687,  -4849.9048,   3919.8181,   6142.6451
  570,   2473966.3263,   6980175.0981,   5677352.3207,  -4851.1206,   3916.3919,   6139.8591
  571,   2469114.5996,   6984089.7786,   5683490.7876,  -4852.3320,   3912.9697,   6137.0749
  572,   2464261.6637,   6988001.0389,   5689626.4712,  -4853.5389,   3909.5515,   6134.2926
  573,   2459407.5232,   6991908.8830,   5695759.3733,  -4854.7414,   3906.1373,   6131.5120
  574,   2454552.1824,   6995813.3149,   5701889.4958,  -4855.9395,   3902.7271,   6128.7332
  575,   2449695.6457,   6999714.3385,   5708016.8404,  -4857.1331,   3899.3209,   6125.9563
  576,   2444837.9177,   7003611.9579,   5714141.4090,  -4858.3222,   3895.9186,   6123.1811
  577,   2439979.0027,   7007506.1770,   5720263.2033,  -4859.5070,   3892.5203,   6120.4078
  578,   2435118.9052,   7011396.9998,   5726382.2252,  -4860.6874,   3889.1260,   6117.6363
  579,   2430257.6294,   7015284.4302,   5732498.4765,  -4861.8634,   3885.7356,   6114.8666
  580,   2425395.1798,   7019168.4723,   5738611.9590,  -4863.0350,   3882.3492,   6112.0987
  581,   2420531.5608,   7023049.1299,   5744722.6745,  -4864.2023,   3878.9667,   6109.3326
  582,   2415666.7767,   7026926.4071,   5750830.6248,  -4865.3652,   3875.5882,   6106.5684
  583,   2410800.8318,   7030800.3077,   5756935.8118,  -4866.5238,   3872.2137,   6103.8059
  584,   2405933.7304,   7034670.8357,   5763038.2372,  -4867.6781,   3868.8430,   6101.0453
  585,   2401065.4770,   7038537.9950,   5769137.9029,  -4868.8281,   3865.4763,   6098.2865
  586,   2396196.0757,   7042401.7897,   5775234.8108,  -4869.9737,   3862.1136,   6095.5295
  587,   2391325.5309,   7046262.2235,   5781328.9625,  -4871.1151,   3858.7547,   6092.7743
  588,   2386453.8469,   7050119.3004,   5787420.3600,  -4872.2522,   3855.3998,   6090.0210
  589,   2381581.0279,   7053973.0244,   5793509.0050,  -4873.3851,   3852.0488,   6087.2694
  590,   2376707.0782,   7057823.3993,   5799594.8995,  -4874.5137,   3848.7017,   6084.5197
  591,   2371832.0020,   7061670.4291,   5805678.0451,  -4875.6380,   3845.3585,   6081.7719
  592,   2366955.8035,   7065514.1177,   5811758.4438,  -4876.7581,   3842.0192,   6079.0258
  593,   2362078.4871,   7069354.4689,   5817836.0973,  -4877.8740,   3838.6838,   6076.2816
  594,   2357200.0569,   7073191.4867,   5823911.0076,  -4878.9857,   3835.3523,   6073.5392
  595,   2352320.5170,   7077025.1749,   5829983.1763,  -4880.0933,   3832.0247,   6070.7986
  596,   2347439.8717,   7080855.5374,   5836052.6054,  -4881.1966,   3828.7010,   6068.0599
  597,   2342558.1252,   7084682.5781,   5842119.2966,  -4882.2957,   3825.3811,   6065.3229
  598,   2337675.2816,   7088506.3009,   5848183.2519,  -4883.3907,   3822.0651,   6062.5879
  599,   2332791.3451,   7092326.7096,   5854244.4730,  -4884.4816,   3818.7530,   6059.8546
  600,   2327906.3199,   7096143.8082,   5860302.9617,  -4885.5683,   3815.4447,   6057.1232
  601,   2323020.2099,   7099957.6004,   5866358.7199,  -4886.6509,   3812.1403,   6054.3936
  602,   2318133.0194,   7103768.0902,   5872411.7495,  -4887.7294,   3808.8398,   6051.6658
  603,   2313244.7526,   7107575.2813,   5878462.0522,  -4888.8037,   3805.5431,   6048.9399
  604,   2308355.4133,   7111379.1777,   5884509.6299,  -4889.8740,   3802.2502,   6046.2158
  605,   2303465.0059,   7115179.7831,   5890554.4844,  -4890.9402,   3798.9612,   6043.4935
  606,   2298573.5343,   7118977.1014,   5896596.6176,  -4892.0023,   3795.6760,   6040.7731
  607,   2293681.0025,   7122771.1364,   5902636.0312,  -4893.0604,   3792.3947,   6038.0545
  608,   2288787.4148,   7126561.8920,   5908672.7272,  -4894.1145,   3789.1172,   6035.3378
  609,   2283892.7750,   7130349.3720,   5914706.7074,  -4895.1644,   3785.8434,   6032.6229
  610,   2278997.0872,   7134133.5802,   5920737.9736,  -4896.2104,   3782.5735,   6029.9098
  611,   2274100.3555,   7137914.5204,   5926766.5275,  -4897.2524,   3779.3075,   6027.1985
  612,   2269202.5838,   7141692.1964,   5932792.3712,  -4898.2903,   3776.0452,   6024.4891
  613,   2264303.7762,   7145466.6120,   5938815.5064,  -4899.3243,   3772.7867,   6021.7816
  614,   2259403.9366,   7149237.7710,   5944835.9349,  -4900.3543,   3769.5320,   6019.0758
  615,   2254503.0690,   7153005.6772,   5950853.6587,  -4901.3803,   3766.2811,   6016.3719
  616,   2249601.1774,   7156770.3345,   5956868.6794,  -4902.4023,   3763.0340,   6013.6699
  617,   2244698.2657,   7160531.7465,   5962880.9991,  -4903.4204,   3759.7907,   6010.9697
  618,   2239794.3379,   7164289.9171,   5968890.6194,  -4904.4346,   3756.5511,   6008.2713
  619,   2234889.3978,   7168044.8500,   5974897.5424,  -4905.4448,   3753.3153,   6005.5748
  620,   2229983.4495,   7171796.5490,   5980901.7697,  -4906.4512,   3750.0833,   6002.8801
  621,   2225076.4968,   7175545.0179,   5986903.3032,  -4907.4536,   3746.8551,   6000.1873
  622,   2220168.5437,   7179290.2604,   5992902.1449,  -4908.4521,   3743.6306,   5997.4963
  623,   2215259.5939,   7183032.2803,   5998898.2964,  -4909.4467,   3740.4098,   5994.8071
  624,   2210349.6515,   7186771.0813,   6004891.7598,  -4910.4375,   3737.1929,   5992.1198
  625,   2205438.7202,   7190506.6673,   6010882.5367,  -4911.4244,   3733.9796,   5989.4344
  626,   2200526.8040,   7194239.0418,   6016870.6291,  -4912.4075,   3730.7701,   5986.7508
  627,   2195613.9066,   7197968.2087,   6022856.0388,  -4913.3867,   3727.5643,   5984.0690
  628,   2190700.0319,   7201694.1717,   6028838.7677,  -4914.3621,   3724.3623,   5981.3890
  629,   2185785.1837,   7205416.9345,   6034818.8176,  -4915.3336,   3721.1640,   5978.7110
  630,   2180869.3659,   7209136.5009,   6040796.1902,  -4916.3014,   3717.9694,   5976.0347
  631,   2175952.5822,   7212852.8745,   6046770.8876,  -4917.2653,   3714.7785,   5973.3603
  632,   2171034.8365,   7216566.0590,   6052742.9115,  -4918.2255,   3711.5913,   5970.6878
  633,   2166116.1325,   7220276.0583,   6058712.2638,  -4919.1819,   3708.4078,   5968.0171
  634,   2161196.4740,   7223982.8759,   6064678.9463,  -4920.1345,   3705.2281,   5965.3482
  635,   2156275.8647,   7227686.5156,   6070642.9609,  -4921.0834,   3702.0520,   5962.6812
  636,   2151354.3085,   7231386.9811,   6076604.3094,  -4922.0285,   3698.8796,   5960.0161
  637,   2146431.8090,   7235084.2760,   6082562.9937,  -4922.9698,   3695.7109,   5957.3528
  638,   2141508.3701,   7238778.4041,   6088519.0156,  -4923.9075,   3692.5459,   5954.6913
  639,   2136583.9953,   7242469.3691,   6094472.3769,  -4924.8414,   3689.3846,   5952.0317
  640,   2131658.6884,   7246157.1745,   6100423.0796,  -4925.7717,   3686.2269,   5949.3739
  641,   2126732.4532,   7249841.8241,   6106371.1254,  -4926.6982,   3683.0729,   5946.7180
  642,   2121805.2933,   7253523.3215,   6112316.5162,  -4927.6210,   3679.9226,   5944.0639
  643,   2116877.2124,   7257201.6704,   6118259.2539,  -4928.5402,   3676.7759,   5941.4117
  644,   2111948.2141,   7260876.8745,   6124199.3403,  -4929.4557,   3673.6329,   5938.7614
  645,   2107018.3022,   7264548.9374,   6130136.7772,  -4930.3675,   3670.4935,   5936.1128
  646,   2102087.4803,   7268217.8627,   6136071.5666,  -4931.2757,   3667.3578,   5933.4662
  647,   2097155.7520,   7271883.6541,   6142003.7101,  -4932.1803,   3664.2257,   5930.8213
  648,   2092223.1209,   7275546.3153,   6147933.2098,  -4933.0812,   3661.0972,   5928.1784
  649,   2087289.5907,   7279205.8498,   6153860.0675,  -4933.9785,   3657.9724,   5925.5372
  650,   2082355.1650,   7282862.2613,   6159784.2849,  -4934.8723,   3654.8512,   5922.8980
  651,   2077419.8474,   7286515.5534,   6165705.8640,  -4935.7624,   3651.7336,   5920.2605
  652,   2072483.6415,   7290165.7298,   6171624.8066,  -4936.6489,   3648.6197,   5917.6250
  653,   2067546.5508,   7293812.7940,   6177541.1145,  -4937.5318,   3645.5093,   5914.9912
  654,   2062608.5790,   7297456.7496,   6183454.7897,  -4938.4112,   3642.4026,   5912.3594
  655,   2057669.7296,   7301097.6003,   6189365.8339,  -4939.2871,   3639.2994,   5909.7293
  656,   2052730.0061,   7304735.3497,   6195274.2490,  -4940.1593,   3636.1999,   5907.1011
  657,   2047789.4121,   7308370.0013,   6201180.0368,  -4941.0281,   3633.1040,   5904.4748
  658,   2042847.9511,   7312001.5588,   6207083.1992,  -4941.8933,   3630.0116,   5901.8503
  659,   2037905.6267,   7315630.0257,   6212983.7381,  -4942.7550,   3626.9228,   5899.2277
  660,   2032962.4423,   7319255.4056,   6218881.6553,  -4943.6132,   3623.8376,   5896.6069
  661,   2028018.4015,   7322877.7021,   6224776.9526,  -4944.4679,   3620.7560,   5893.9880
  662,   2023073.5077,   7326496.9188,   6230669.6319,  -4945.3191,   3617.6779,   5891.3709
  663,   2018127.7645,   7330113.0591,   6236559.6951,  -4946.1668,   3614.6034,   5888.7557
  664,   2013181.1754,   7333726.1268,   6242447.1439,  -4947.0110,   3611.5325,   5886.1423
  665,   2008233.7437,   7337336.1253,   6248331.9803,  -4947.8518,   3608.4651,   5883.5308
  666,   2003285.4729,   7340943.0583,   6254214.2061,  -4948.6891,   3605.4013,   5880.9211
  667,   1998336.3665,   7344546.9291,   6260093.8232,  -4949.5230,   3602.3410,   5878.3133
  668,   1993386.4280,   7348147.7415,   6265970.8333,  -4950.3535,   3599.2843,   5875.7073
  669,   1988435.6607,   7351745.4989,   6271845.2384,  -4951.1805,   3596.2311,   5873.1032
  670,   1983484.0681,   7355340.2048,   6277717.0402,  -4952.0041,   3593.1814,   5870.5009
  671,   1978531.6536,   7358931.8629,   6283586.2408,  -4952.8243,   3590.1353,   5867.9004
  672,   1973578.4206,   7362520.4765,   6289452.8418,  -4953.6412,   3587.0927,   5865.3019
  673,   1968624.3724,   7366106.0494,   6295316.8451,  -4954.4546,   3584.0536,   5862.7051
  674,   1963669.5125,   7369688.5848,   6301178.2526,  -4955.2647,   3581.0180,   5860.1102
  675,   1958713.8442,   7373268.0865,   6307037.0662,  -4956.0713,   3577.9859,   5857.5172
  676,   1953757.3709,   7376844.5578,   6312893.2876,  -4956.8747,   3574.9573,   5854.9260
  677,   1948800.0960,   7380418.0022,   6318746.9188,  -4957.6747,   3571.9322,   5852.3367
  678,   1943842.0227,   7383988.4234,   6324597.9615,  -4958.4713,   3568.9107,   5849.7492
  679,   1938883.1545,   7387555.8247,   6330446.4177,  -4959.2646,   3565.8926,   5847.1635
  680,   1933923.4946,   7391120.2097,   6336292.2892,  -4960.0546,   3562.8780,   5844.5797
  681,   1928963.0464,   7394681.5818,   6342135.5777,  -4960.8413,   3559.8668,   5841.9977
  682,   1924001.8131,   7398239.9446,   6347976.2853,  -4961.6246,   3556.8592,   5839.4176
  683,   1919039.7982,   7401795.3014,   6353814.4136,  -4962.4047,   3553.8550,   5836.8394
  684,   1914077.0048,   7405347.6558,   6359649.9647,  -4963.1815,   3550.8543,   5834.2630
  685,   1909113.4363,   7408897.0112,   6365482.9402,  -4963.9550,   3547.8571,   5831.6884
  686,   1904149.0958,   7412443.3711,   6371313.3420,  -4964.7253,   3544.8633,   5829.1157
  687,   1899183.9868,   7415986.7389,   6377141.1721,  -4965.4923,   3541.8730,   5826.5448
  688,   1894218.1124,   7419527.1182,   6382966.4322,  -4966.2560,   3538.8861,   5823.9758
  689,   1889251.4759,   7423064.5122,   6388789.1242,  -4967.0165,   3535.9026,   5821.4086
  690,   1884284.0805,   7426598.9246,   6394609.2500,  -4967.7738,   3532.9226,   5818.8432
  691,   1879315.9294,   7430130.3587,   6400426.8113,  -4968.5278,   3529.9461,   5816.2797
  692,   1874347.0259,   7433658.8179,   6406241.8100,  -4969.2786,   3526.9730,   5813.7181
  693,   1869377.3732,   7437184.3057,   6412054.2480,  -4970.0263,   3524.0032,   5811.1583
  694,   1864406.9745,   7440706.8255,   6417864.1272,  -4970.7707,   3521.0370,   5808.6003
  695,   1859435.8329,   7444226.3808,   6423671.4492,  -4971.5119,   3518.0741,   5806.0442
  696,   1854463.9517,   7447742.9749,   6429476.2161,  -4972.2500,   3515.1146,   5803.4899
  697,   1849491.3341,   7451256.6112,   6435278.4296,  -4972.9849,   3512.1586,   5800.9374
  698,   1844517.9831,   7454767.2932,   6441078.0916,  -4973.7166,   3509.2060,   5798.3868
  699,   1839543.9019,   7458275.0243,   6446875.2039,  -4974.4452,   3506.2567,   5795.8381
  700,   1834569.0938,   7461779.8078,   6452669.7684,  -4975.1706,   3503.3109,   5793.2912
  701,   1829593.5618,   7465281.6471,   6458461.7868,  -4975.8929,   3500.3684,   5790.7461
  702,   1824617.3091,   7468780.5457,   6464251.2612,  -4976.6120,   3497.4293,   5788.2029
  703,   1819640.3388,   7472276.5069,   6470038.1932,  -4977.3281,   3494.4936,   5785.6615
  704,   1814662.6540,   7475769.5341,   6475822.5847,  -4978.0410,   3491.5613,   5783.1219
  705,   1809684.2578,   7479259.6306,   6481604.4376,  -4978.7508,   3488.6324,   5780.5842
  706,   1804705.1534,   7482746.7999,   6487383.7537,  -4979.4576,   3485.7068,   5778.0483
  707,   1799725.3437,   7486231.0453,   6493160.5349,  -4980.1612,   3482.7846,   5775.5143
  708,   1794744.8320,   7489712.3702,   6498934.7829,  -4980.8618,   3479.8657,   5772.9821
  709,   1789763.6212,   7493190.7779,   6504706.4996,  -4981.5593,   3476.9502,   5770.4517
  710,   1784781.7144,   7496666.2717,   6510475.6869,  -4982.2537,   3474.0381,   5767.9232
  711,   1779799.1147,   7500138.8551,   6516242.3466,  -4982.9451,   3471.1292,   5765.3965
  712,   1774815.8251,   7503608.5313,   6522006.4805,  -4983.6335,   3468.2238,   5762.8716
  713,   1769831.8487,   7507075.3037,   6527768.0905,  -4984.3188,   3465.3216,   5760.3486
  714,   1764847.1885,   7510539.1757,   6533527.1784,  -4985.0011,   3462.4228,   5757.8274
  715,   1759861.8476,   7514000.1505,   6539283.7460,  -4985.6804,   3459.5273,   5755.3081
  716,   1754875.8288,   7517458.2315,   6545037.7952,  -4986.3566,   3456.6352,   5752.7906
  717,   1749889.1353,   7520913.4220,   6550789.3278,  -4987.0299,   3453.7463,   5750.2749
  718,   1744901.7701,   7524365.7253,   6556538.3456,  -4987.7001,   3450.8608,   5747.7611
  719,   1739913.7360,   7527815.1447,   6562284.8505,  -4988.3674,   3447.9786,   5745.2490
  720,   1734925.0362,   7531261.6836,   6568028.8443,  -4989.0317,   3445.0997,   5742.7389
  721,   1729935.6736,   7534705.3452,   6573770.3289,  -4989.6931,   3442.2241,   5740.2305
  722,   1724945.6511,   7538146.1329,   6579509.3059,  -4990.3514,   3439.3518,   5737.7240
  723,   1719954.9717,   7541584.0498,   6585245.7774,  -4991.0068,   3436.4827,   5735.2193
  724,   1714963.6384,   7545019.0994,   6590979.7451,  -4991.6593,   3433.6170,   5732.7164
  725,   1709971.6540,   7548451.2849,   6596711.2109,  -4992.3089,   3430.7545,   5730.2154
  726,   1704979.0216,   7551880.6096,   6602440.1766,  -4992.9555,   3427.8953,   5727.7162
  727,   1699985.7441,   7555307.0767,   6608166.6439,  -4993.5991,   3425.0394,   5725.2188
  728,   1694991.8243,   7558730.6895,   6613890.6148,  -4994.2399,   3422.1868,   5722.7233
  729,   1689997.2652,   7562151.4514,   6619612.0911,  -4994.8778,   3419.3374,   5720.2296
  730,   1685002.0697,   7565569.3655,   6625331.0746,  -4995.5128,   3416.4913,   5717.7377
  731,   1680006.2407,   7568984.4351,   6631047.5671,  -4996.1448,   3413.6484,   5715.2476
  732,   1675009.7810,   7572396.6634,   6636761.5704,  -4996.7740,   3410.8088,   5712.7594
  733,   1670012.6936,   7575806.0538,   6642473.0864,  -4997.4004,   3407.9725,   5710.2729
  734,   1665014.9812,   7579212.6094,   6648182.1169,  -4998.0238,   3405.1393,   5707.7884
  735,   1660016.6469,   7582616.3336,   6653888.6637,  -4998.6444,   3402.3095,   5705.3056
  736,   1655017.6933,   7586017.2294,   6659592.7287,  -4999.2622,   3399.4828,   5702.8246
  737,   1650018.1235,   7589415.3002,   6665294.3136,  -4999.8771,   3396.6594,   5700.3455
  738,   1645017.9401,   7592810.5492,   6670993.4203,  -5000.4892,   3393.8392,   5697.8682
  739,   1640017.1461,   7596202.9797,   6676690.0506,  -5001.0984,   3391.0222,   5695.3927
  740,   1635015.7442,   7599592.5947,   6682384.2063,  -5001.7048,   3388.2084,   5692.9191
  741,   1630013.7373,   7602979.3976,   6688075.8893,  -5002.3085,   3385.3979,   5690.4472
  742,   1625011.1282,   7606363.3915,   6693765.1014,  -5002.9093,   3382.5905,   5687.9772
  743,   1620007.9197,   7609744.5797,   6699451.8443,  -5003.5073,   3379.7864,   5685.5090
  744,   1615004.1146,   7613122.9654,   6705136.1199,  -5004.1025,   3376.9854,   5683.0426
  745,   1609999.7156,   7616498.5517,   6710817.9301,  -5004.6950,   3374.1877,   5680.5780
  746,   1604994.7256,   7619871.3419,   6716497.2766,  -5005.2846,   3371.3931,   5678.1153
  747,   1599989.1473,   7623241.3390,   6722174.1612,  -5005.8715,   3368.6018,   5675.6543
  748,   1594982.9834,   7626608.5464,   6727848.5858,  -5006.4557,   3365.8136,   5673.1952
  749,   1589976.2368,   7629972.9672,   6733520.5522,  -5007.0371,   3363.0285,   5670.7379
  750,   1584968.9101,   7633334.6046,   6739190.0622,  -5007.6158,   3360.2467,   5668.2824
  751,   1579961.0062,   7636693.4616,   6744857.1176,  -5008.1917,   3357.4680,   5665.8287
  752,   1574952.5277,   7640049.5416,   6750521.7202,  -5008.7649,   3354.6925,   5663.3768
  753,   1569943.4773,   7643402.8477,   6756183.8718,  -5009.3353,   3351.9201,   5660.9268
  754,   1564933.8579,   7646753.3829,   6761843.5743,  -5009.9031,   3349.1509,   5658.4785
  755,   1559923.6720,   7650101.1506,   6767500.8294,  -5010.4682,   3346.3849,   5656.0321
  756,   1554912.9225,   7653446.1537,   6773155.6390,  -5011.0305,   3343.6220,   5653.5874
  757,   1549901.6119,   7656788.3955,   6778808.0049,  -5011.5902,   3340.8622,   5651.1446
  758,   1544889.7430,   7660127.8792,   6784457.9288,  -5012.1472,   3338.1056,   5648.7036
  759,   1539877.3185,   7663464.6077,   6790105.4126,  -5012.7015,   3335.3521,   5646.2644
  760,   1534864.3410,   7666798.5843,   6795750.4581,  -5013.2531,   3332.6017,   5643.8270
  761,   1529850.8132,   7670129.8121,   6801393.0671,  -5013.8021,   3329.8545,   5641.3913
  762,   1524836.7378,   7673458.2943,   6807033.2414,  -5014.3484,   3327.1103,   5638.9576
  763,   1519822.1173,   7676784.0338,   6812670.9828,  -5014.8920,   3324.3693,   5636.5256
  764,   1514806.9546,   7680107.0340,   6818306.2931,  -5015.4331,   3321.6314,   5634.0954
  765,   1509791.2521,   7683427.2977,   6823939.1741,  -5015.9715,   3318.8966,   5631.6670
  766,   1504775.0125,   7686744.8283,   6829569.6277,  -5016.5072,   3316.1650,   5629.2404
  767,   1499758.2385,   7690059.6287,   6835197.6555,  -5017.0404,   3313.4364,   5626.8156
  768,   1494740.9326,   7693371.7020,   6840823.2595,  -5017.5709,   3310.7109,   5624.3926
  769,   1489723.0975,   7696681.0514,   6846446.4413,  -5018.0989,   3307.9885,   5621.9714
  770,   1484704.7358,   7699987.6800,   6852067.2029,  -5018.6242,   3305.2691,   5619.5520
  771,   1479685.8500,   7703291.5908,   6857685.5460,  -5019.1469,   3302.5529,   5617.1344
  772,   1474666.4428,   7706592.7868,   6863301.4723,  -5019.6671,   3299.8398,   5614.7186
  773,   1469646.5167,   7709891.2713,   6868914.9838,  -5020.1847,   3297.1297,   5612.3046
  774,   1464626.0743,   7713187.0472,   6874526.0822,  -5020.6997,   3294.4227,   5609.8924
  775,   1459605.1181,   7716480.1176,   6880134.7692,  -5021.2121,   3291.7187,   5607.4820
  776,   1454583.6508,   7719770.4856,   6885741.0467,  -5021.7220,   3289.0178,   5605.0734
  777,   1449561.6749,   7723058.1543,   6891344.9165,  -5022.2294,   3286.3200,   5602.6665
  778,   1444539.1929,   7726343.1266,   6896946.3804,  -5022.7342,   3283.6252,   5600.2615
  779,   1439516.2073,   7729625.4057,   6902545.4401,  -5023.2365,   3280.9335,   5597.8582
  780,   1434492.7208,   7732904.9945,   6908142.0975,  -5023.7362,   3278.2448,   5595.4568
  781,   1429468.7357,   7736181.8962,   6913736.3543,  -5024.2334,   3275.5591,   5593.0571
  782,   1424444.2547,   7739456.1138,   6919328.2123,  -5024.7282,   3272.8765,   5590.6592
  783,   1419419.2802,   7742727.6502,   6924917.6733,  -5025.2204,   3270.1969,   5588.2631
  784,   1414393.8148,   7745996.5086,   6930504.7391,  -5025.7101,   3267.5204,   5585.8688
  785,   1409367.8609,   7749262.6919,   6936089.4115,  -5026.1973,   3264.8468,   5583.4763
  786,   1404341.4211,   7752526.2033,   6941671.6923,  -5026.6820,   3262.1763,   5581.0855
  787,   1399314.4978,   7755787.0456,   6947251.5832,  -5027.1642,   3259.5088,   5578.6966
  788,   1394287.0935,   7759045.2219,   6952829.0860,  -5027.6440,   3256.8443,   5576.3094
  789,   1389259.2106,   7762300.7352,   6958404.2025,  -5028.1213,   3254.1828,   5573.9240
  790,   1384230.8517,   7765553.5885,   6963976.9346,  -5028.5962,   3251.5243,   5571.5404
  791,   1379202.0191,   7768803.7848,   6969547.2839,  -5029.0685,   3248.8688,   5569.1585
  792,   1374172.7154,   7772051.3272,   6975115.2523,  -5029.5385,   3246.2163,   5566.7785
  793,   1369142.9429,   7775296.2185,   6980680.8415,  -5030.0060,   3243.5668,   5564.4002
  794,   1364112.7042,   7778538.4618,   6986244.0533,  -5030.4711,   3240.9203,   5562.0237
  795,   1359082.0016,   7781778.0601,   6991804.8895,  -5030.9337,   3238.2768,   5559.6490
  796,   1354050.8376,   7785015.0164,   6997363.3518,  -5031.3939,   3235.6362,   5557.2760
  797,   1349019.2146,   7788249.3336,   7002919.4421,  -5031.8517,   3232.9986,   5554.9048
  798,   1343987.1350,   7791481.0146,   7008473.1621,  -5032.3071,   3230.3640,   5552.5354
  799,   1338954.6011,   7794710.0626,   7014024.5135,  -5032.7601,   3227.7323,   5550.1678
  800,   1333921.6155,   7797936.4803,   7019573.4983,  -5033.2107,   3225.1037,   5547.8019
  801,   1328888.1804,   7801160.2708,   7025120.1180,  -5033.6590,   3222.4779,   5545.4378
  802,   1323854.2983,   7804381.4371,   7030664.3745,  -5034.1048,   3219.8551,   5543.0755
  803,   1318819.9716,   7807599.9821,   7036206.2696,  -5034.5483,   3217.2353,   5540.7150
  804,   1313785.2026,   7810815.9087,   7041745.8050,  -5034.9894,   3214.6184,   5538.3562
  805,   1308749.9936,   7814029.2198,   7047282.9825,  -5035.4281,   3212.0044,   5535.9992
  806,   1303714.3471,   7817239.9185,   7052817.8039,  -5035.8645,   3209.3934,   5533.6439
  807,   1298678.2654,   7820448.0076,   7058350.2709,  -5036.2985,   3206.7853,   5531.2904
  808,   1293641.7508,   7823653.4901,   7063880.3853,  -5036.7302,   3204.1802,   5528.9387
  809,   1288604.8058,   7826856.3689,   7069408.1489,  -5037.1596,   3201.5779,   5526.5887
  810,   1283567.4325,   7830056.6469,   7074933.5633,  -5037.5866,   3198.9786,   5524.2405
  811,   1278529.6333,   7833254.3271,   7080456.6304,  -5038.0113,   3196.3822,   5521.8941
  812,   1273491.4106,   7836449.4123,   7085977.3520,  -5038.4337,   3193.7887,   5519.5494
  813,   1268452.7667,   7839641.9055,   7091495.7298,  -5038.8538,   3191.1981,   5517.2064
  814,   1263413.7039,   7842831.8095,   7097011.7655,  -5039.2715,   3188.6104,   5514.8653
  815,   1258374.2244,   7846019.1273,   7102525.4609,  -5039.6870,   3186.0257,   5512.5259
  816,   1253334.3307,   7849203.8618,   7108036.8178,  -5040.1002,   3183.4438,   5510.1882
  817,   1248294.0248,   7852386.0158,   7113545.8379,  -5040.5111,   3180.8648,   5507.8523
  818,   1243253.3093,   7855565.5923,   7119052.5230,  -5040.9197,   3178.2887,   5505.5181
  819,   1238212.1862,   7858742.5941,   7124556.8748,  -5041.3260,   3175.7154,   5503.1858
  820,   1233170.6580,   7861917.0242,   7130058.8951,  -5041.7301,   3173.1451,   5500.8551
  821,   1228128.7268,   7865088.8853,   7135558.5856,  -5042.1319,   3170.5776,   5498.5262
  822,   1223086.3949,   7868258.1804,   7141055.9481,  -5042.5315,   3168.0130,   5496.1991
  823,   1218043.6645,   7871424.9123,   7146550.9843,  -5042.9288,   3165.4513,   5493.8737
  824,   1213000.5380,   7874589.0839,   7152043.6960,  -5043.3239,   3162.8924,   5491.5500
  825,   1207957.0176,   7877750.6981,   7157534.0849,  -5043.7167,   3160.3364,   5489.2281
  826,   1202913.1054,   7880909.7577,   7163022.1528,  -5044.1073,   3157.7833,   5486.9079
  827,   1197868.8038,   7884066.2656,   7168507.9014,  -5044.4957,   3155.2330,   5484.5895
  828,   1192824.1148,   7887220.2245,   7173991.3324,  -5044.8818,   3152.6855,   5482.2729
  829,   1187779.0409,   7890371.6375,   7179472.4477,  -5045.2658,   3150.1409,   5479.9579
  830,   1182733.5840,   7893520.5072,   7184951.2489,  -5045.6475,   3147.5991,   5477.6447
  831,   1177687.7466,   7896666.8366,   7190427.7377,  -5046.0270,   3145.0602,   5475.3333
  832,   1172641.5307,   7899810.6285,   7195901.9160,  -5046.4044,   3142.5241,   5473.0236
  833,   1167594.9386,   7902951.8857,   7201373.7855,  -5046.7795,   3139.9908,   5470.7156
  834,   1162547.9724,   7906090.6110,   7206843.3478,  -5047.1525,   3137.4603,   5468.4094
  835,   1157500.6343,   7909226.8073,   7212310.6048,  -5047.5233,   3134.9327,   5466.1049
  836,   1152452.9265,   7912360.4773,   7217775.5581,  -5047.8919,   3132.4079,   5463.8021
  837,   1147404.8511,   7915491.6239,   7223238.2096,  -5048.2584,   3129.8858,   5461.5011
  838,   1142356.4104,   7918620.2499,   7228698.5608,  -5048.6227,   3127.3666,   5459.2018
  839,   1137307.6065,   7921746.3581,   7234156.6137,  -5048.9848,   3124.8502,   5456.9042
  840,   1132258.4415,   7924869.9513,   7239612.3698,  -5049.3448,   3122.3366,   5454.6084
  841,   1127208.9175,   7927991.0323,   7245065.8310,  -5049.7027,   3119.8258,   5452.3142
  842,   1122159.0368,   7931109.6039,   7250516.9989,  -5050.0584,   3117.3178,   5450.0219
  843,   1117108.8014,   7934225.6688,   7255965.8753,  -5050.4120,   3114.8126,   5447.7312
  844,   1112058.2135,   7937339.2300,   7261412.4619,  -5050.7635,   3112.3101,   5445.4423
  845,   1107007.2751,   7940450.2901,   7266856.7604,  -5051.1128,   3109.8105,   5443.1551
  846,   1101955.9885,   7943558.8519,   7272298.7726,  -5051.4601,   3107.3136,   5440.8696
  847,   1096904.3557,   7946664.9182,   7277738.5002,  -5051.8052,   3104.8195,   5438.5858
  848,   1091852.3788,   7949768.4918,   7283175.9448,  -5052.1482,   3102.3281,   5436.3038
  849,   1086800.0599,   7952869.5754,   7288611.1083,  -5052.4892,   3099.8396,   5434.0235
  850,   1081747.4012,   7955968.1718,   7294043.9924,  -5052.8280,   3097.3537,   5431.7449
  851,   1076694.4046,   7959064.2838,   7299474.5987,  -5053.1648,   3094.8707,   5429.4680
  852,   1071641.0723,   7962157.9141,   7304902.9290,  -5053.4995,   3092.3904,   5427.1928
  853,   1066587.4064,   7965249.0655,   7310328.9850,  -5053.8321,   3089.9128,   5424.9194
  854,   1061533.4089,   7968337.7407,   7315752.7684,  -5054.1626,   3087.4380,   5422.6477
  855,   1056479.0819,   7971423.9424,   7321174.2809,  -5054.4911,   3084.9659,   5420.3777
  856,   1051424.4274,   7974507.6734,   7326593.5242,  -5054.8175,   3082.4966,   5418.1093
  857,   1046369.4476,   7977588.9365,   7332010.5001,  -5055.1419,   3080.0300,   5415.8428
  858,   1041314.1443,   7980667.7343,   7337425.2103,  -5055.4642,   3077.5661,   5413.5779
  859,   1036258.5198,   7983744.0697,   7342837.6565,  -5055.7845,   3075.1050,   5411.3147
  860,   1031202.5760,   7986817.9452,   7348247.8403,  -5056.1027,   3072.6466,   5409.0532
  861,   1026146.3150,   7989889.3637,   7353655.7635,  -5056.4190,   3070.1909,   5406.7935
  862,   1021089.7388,   7992958.3278,   7359061.4278,  -5056.7332,   3067.7379,   5404.5354
  863,   1016032.8493,   7996024.8403,   7364464.8349,  -5057.0454,   3065.2876,   5402.2791
  864,   1010975.6487,   7999088.9039,   7369865.9865,  -5057.3555,   3062.8400,   5400.0244
  865,   1005918.1389,   8002150.5212,   7375264.8843,  -5057.6637,   3060.3951,   5397.7715
  866,   1000860.3220,   8005209.6951,   7380661.5300,  -5057.9699,   3057.9530,   5395.5202
  867,    995802.1999,   8008266.4281,   7386055.9253,  -5058.2740,   3055.5135,   5393.2707
  868,    990743.7746,   8011320.7230,   7391448.0720,  -5058.5762,   3053.0767,   5391.0229
  869,    985685.0481,   8014372.5825,   7396837.9716,  -5058.8764,   3050.6426,   5388.7767
  870,    980626.0225,   8017422.0092,   7402225.6259,  -5059.1746,   3048.2112,   5386.5323
  871,    975566.6995,   8020469.0058,   7407611.0367,  -5059.4709,   3045.7825,   5384.2895
  872,    970507.0814,   8023513.5751,   7412994.2055,  -5059.7651,   3043.3565,   5382.0484
  873,    965447.1699,   8026555.7196,   7418375.1341,  -5060.0574,   3040.9331,   5379.8091
  874,    960386.9672,   8029595.4421,   7423753.8242,  -5060.3478,   3038.5124,   5377.5714
  875,    955326.4750,   8032632.7453,   7429130.2775,  -5060.6362,   3036.0943,   5375.3354
  876,    950265.6955,   8035667.6317,   7434504.4956,  -5060.9226,   3033.6790,   5373.1011
  877,    945204.6304,   8038700.1040,   7439876.4803,  -5061.2071,   3031.2662,   5370.8685
  878,    940143.2818,   8041730.1650,   7445246.2332,  -5061.4897,   3028.8562,   5368.6376
  879,    935081.6517,   8044757.8172,   7450613.7561,  -5061.7703,   3026.4487,   5366.4084
  880,    930019.7418,   8047783.0634,   7455979.0505,  -5062.0490,   3024.0440,   5364.1808
  881,    924957.5542,   8050805.9061,   7461342.1182,  -5062.3258,   3021.6419,   5361.9550
  882,    919895.0908,   8053826.3480,   7466702.9610,  -5062.6007,   3019.2424,   5359.7308
  883,    914832.3534,   8056844.3917,   7472061.5803,  -5062.8737,   3016.8455,   5357.5083
  884,    909769.3441,   8059860.0399,   7477417.9781,  -5063.1447,   3014.4513,   5355.2874
  885,    904706.0646,   8062873.2952,   7482772.1558,  -5063.4139,   3012.0597,   5353.0683
  886,    899642.5170,   8065884.1602,   7488124.1152,  -5063.6811,   3009.6707,   5350.8508
  887,    894578.7030,   8068892.6375,   7493473.8580,  -5063.9465,   3007.2844,   5348.6351
  888,    889514.6246,   8071898.7298,   7498821.3859,  -5064.2100,   3004.9007,   5346.4209
  889,    884450.2837,   8074902.4397,   7504166.7005,  -5064.4716,   3002.5196,   5344.2085
  890,    879385.6821,   8077903.7698,   7509509.8035,  -5064.7313,   3000.1411,   5341.9977
  891,    874320.8217,   8080902.7227,   7514850.6965,  -5064.9892,   2997.7652,   5339.7886
  892,    869255.7044,   8083899.3010,   7520189.3813,  -5065.2451,   2995.3919,   5337.5812
  893,    864190.3320,   8086893.5073,   7525525.8595,  -5065.4993,   2993.0212,   5335.3755
  894,    859124.7064,   8089885.3443,   7530860.1328,  -5065.7516,   2990.6531,   5333.1714
  895,    854058.8295,   8092874.8144,   7536192.2028,  -5066.0020,   2988.2876,   5330.9690
  896,    848992.7031,   8095861.9203,   7541522.0713,  -5066.2506,   2985.9247,   5328.7682
  897,    843926.3290,   8098846.6645,   7546849.7398,  -5066.4973,   2983.5643,   5326.5691
  898,    838859.7091,   8101829.0498,   7552175.2101,  -5066.7422,   2981.2066,   5324.3717
  899,    833792.8452,   8104809.0785,   7557498.4838,  -5066.9853,   2978.8514,   5322.1759
  900,    828725.7392,   8107786.7534,   7562819.5625,  -5067.2265,   2976.4988,   5319.9818
  901,    823658.3928,   8110762.0770,   7568138.4480,  -5067.4659,   2974.1488,   5317.7894
  902,    818590.8079,   8113735.0518,   7573455.1419,  -5067.7036,   2971.8013,   5315.5986
  903,    813522.9863,   8116705.6804,   7578769.6458,  -5067.9394,   2969.4564,   5313.4095
  904,    808454.9298,   8119673.9654,   7584081.9614,  -5068.1734,   2967.1140,   5311.2220
  905,    803386.6402,   8122639.9094,   7589392.0903,  -5068.4055,   2964.7743,   5309.0362
  906,    798318.1193,   8125603.5148,   7594700.0343,  -5068.6359,   2962.4370,   5306.8520
  907,    793249.3689,   8128564.7843,   7600005.7950,  -5068.8645,   2960.1023,   5304.6695
  908,    788180.3908,   8131523.7203,   7605309.3739,  -5069.0914,   2957.7702,   5302.4887
  909,    783111.1868,   8134480.3255,   7610610.7729,  -5069.3164,   2955.4406,   5300.3095
  910,    778041.7586,   8137434.6024,   7615909.9934,  -5069.5397,   2953.1135,   5298.1319
  911,    772972.1080,   8140386.5534,   7621207.0372,  -5069.7612,   2950.7890,   5295.9560
  912,    767902.2369,   8143336.1812,   7626501.9059,  -5069.9809,   2948.4670,   5293.7817
  913,    762832.1468,   8146283.4883,   7631794.6012,  -5070.1988,   2946.1475,   5291.6091
  914,    757761.8398,   8149228.4771,   7637085.1247,  -5070.4150,   2943.8306,   5289.4381
  915,    752691.3173,   8152171.1503,   7642373.4780,  -5070.6295,   2941.5162,   5287.2688
  916,    747620.5813,   8155111.5103,   7647659.6628,  -5070.8422,   2939.2042,   5285.1011
  917,    742549.6335,   8158049.5596,   7652943.6807,  -5071.0532,   2936.8948,   5282.9350
  918,    737478.4756,   8160985.3008,   7658225.5334,  -5071.2624,   2934.5880,   5280.7706
  919,    732407.1093,   8163918.7364,   7663505.2225,  -5071.4699,   2932.2836,   5278.6078
  920,    727335.5365,   8166849.8688,   7668782.7496,  -5071.6756,   2929.9817,   5276.4467
  921,    722263.7587,   8169778.7006,   7674058.1164,  -5071.8797,   2927.6823,   5274.2872
  922,    717191.7777,   8172705.2343,   7679331.3246,  -5072.0820,   2925.3854,   5272.1293
  923,    712119.5953,   8175629.4723,   7684602.3756,  -5072.2826,   2923.0910,   5269.9731
  924,    707047.2132,   8178551.4172,   7689871.2713,  -5072.4814,   2920.7991,   5267.8185
  925,    701974.6330,   8181471.0714,   7695138.0131,  -5072.6786,   2918.5097,   5265.6655
  926,    696901.8565,   8184388.4374,   7700402.6028,  -5072.8741,   2916.2228,   5263.5141
  927,    691828.8854,   8187303.5177,   7705665.0420,  -5073.0679,   2913.9383,   5261.3644
  928,    686755.7213,   8190216.3148,   7710925.3322,  -5073.2600,   2911.6563,   5259.2163
  929,    681682.3660,   8193126.8312,   7716183.4752,  -5073.4504,   2909.3768,   5257.0699
  930,    676608.8211,   8196035.0692,   7721439.4725,  -5073.6391,   2907.0997,   5254.9250
  931,    671535.0884,   8198941.0315,   7726693.3258,  -5073.8261,   2904.8252,   5252.7818
  932,    666461.1694,   8201844.7204,   7731945.0366,  -5074.0115,   2902.5530,   5250.6402
  933,    661387.0660,   8204746.1384,   7737194.6067,  -5074.1952,   2900.2834,   5248.5002
  934,    656312.7797,   8207645.2879,   7742442.0376,  -5074.3772,   2898.0162,   5246.3618
  935,    651238.3121,   8210542.1715,   7747687.3309,  -5074.5576,   2895.7514,   5244.2251
  936,    646163.6651,   8213436.7915,   7752930.4883,  -5074.7363,   2893.4891,   5242.0900
  937,    641088.8401,   8216329.1505,   7758171.5114,  -5074.9133,   2891.2292,   5239.9565
  938,    636013.8389,   8219219.2507,   7763410.4017,  -5075.0888,   2888.9718,   5237.8246
  939,    630938.6632,   8222107.0948,   7768647.1610,  -5075.2625,   2886.7168,   5235.6943
  940,    625863.3144,   8224992.6851,   7773881.7908,  -5075.4346,   2884.4642,   5233.5656
  941,    620787.7944,   8227876.0240,   7779114.2927,  -5075.6051,   2882.2141,   5231.4385
  942,    615712.1047,   8230757.1140,   7784344.6684,  -5075.7740,   2879.9664,   5229.3131
  943,    610636.2469,   8233635.9575,   7789572.9194,  -5075.9413,   2877.7211,   5227.1892
  944,    605560.2227,   8236512.5569,   7794799.0473,  -5076.1069,   2875.4782,   5225.0670
  945,    600484.0337,   8239386.9147,   7800023.0538,  -5076.2709,   2873.2377,   5222.9463
  946,    595407.6815,   8242259.0332,   7805244.9405,  -5076.4333,   2870.9997,   5220.8273
  947,    590331.1677,   8245128.9149,   7810464.7090,  -5076.5940,   2868.7641,   5218.7099
  948,    585254.4940,   8247996.5622,   7815682.3608,  -5076.7532,   2866.5308,   5216.5940
  949,    580177.6618,   8250861.9774,   7820897.8975,  -5076.9108,   2864.3000,   5214.4798
  950,    575100.6729,   8253725.1630,   7826111.3209,  -5077.0668,   2862.0716,   5212.3672
  951,    570023.5288,   8256586.1214,   7831322.6324,  -5077.2212,   2859.8456,   5210.2561
  952,    564946.2311,   8259444.8550,   7836531.8336,  -5077.3740,   2857.6219,   5208.1467
  953,    559868.7813,   8262301.3661,   7841738.9263,  -5077.5252,   2855.4007,   5206.0388
  954,    554791.1812,   8265155.6572,   7846943.9118,  -5077.6749,   2853.1818,   5203.9326
  955,    549713.4322,   8268007.7306,   7852146.7919,  -5077.8229,   2850.9654,   5201.8279
  956,    544635.5358,   8270857.5887,   7857347.5682,  -5077.9694,   2848.7513,   5199.7248
  957,    539557.4938,   8273705.2339,   7862546.2422,  -5078.1144,   2846.5395,   5197.6234
  958,    534479.3076,   8276550.6685,   7867742.8155,  -5078.2577,   2844.3302,   5195.5235
  959,    529400.9788,   8279393.8950,   7872937.2897,  -5078.3996,   2842.1232,   5193.4252
  960,    524322.5090,   8282234.9157,   7878129.6663,  -5078.5398,   2839.9186,   5191.3285
  961,    519243.8997,   8285073.7329,   7883319.9471,  -5078.6786,   2837.7163,   5189.2333
  962,    514165.1524,   8287910.3491,   7888508.1335,  -5078.8157,   2835.5164,   5187.1398
  963,    509086.2687,   8290744.7666,   7893694.2271,  -5078.9514,   2833.3189,   5185.0478
  964,    504007.2502,   8293576.9877,   7898878.2296,  -5079.0855,   2831.1237,   5182.9574
  965,    498928.0983,   8296407.0148,   7904060.1425,  -5079.2180,   2828.9309,   5180.8686
  966,    493848.8146,   8299234.8502,   7909239.9673,  -5079.3491,   2826.7404,   5178.7814
  967,    488769.4007,   8302060.4963,   7914417.7058,  -5079.4786,   2824.5522,   5176.6957
  968,    483689.8580,   8304883.9554,   7919593.3593,  -5079.6066,   2822.3664,   5174.6116
  969,    478610.1880,   8307705.2298,   7924766.9296,  -5079.7331,   2820.1829,   5172.5291
  970,    473530.3924,   8310524.3220,   7929938.4181,  -5079.8580,   2818.0018,   5170.4482
  971,    468450.4725,   8313341.2342,   7935107.8265,  -5079.9815,   2815.8230,   5168.3688
  972,    463370.4299,   8316155.9687,   7940275.1563,  -5080.1034,   2813.6465,   5166.2911
  973,    458290.2661,   8318968.5279,   7945440.4091,  -5080.2239,   2811.4723,   5164.2148
  974,    453209.9826,   8321778.9141,   7950603.5865,  -5080.3429,   2809.3005,   5162.1402
  975,    448129.5808,   8324587.1296,   7955764.6900,  -5080.4603,   2807.1309,   5160.0671
  976,    443049.0624,   8327393.1767,   7960923.7212,  -5080.5763,   2804.9637,   5157.9956
  977,    437968.4287,   8330197.0578,   7966080.6817,  -5080.6908,   2802.7988,   5155.9256
  978,    432887.6812,   8332998.7751,   7971235.5730,  -5080.8039,   2800.6362,   5153.8572
  979,    427806.8215,   8335798.3310,   7976388.3967,  -5080.9154,   2798.4759,   5151.7904
  980,    422725.8509,   8338595.7277,   7981539.1543,  -5081.0255,   2796.3179,   5149.7251
  981,    417644.7710,   8341390.9676,   7986687.8474,  -5081.1341,   2794.1622,   5147.6614
  982,    412563.5832,   8344184.0529,   7991834.4776,  -5081.2412,   2792.0088,   5145.5993
  983,    407482.2890,   8346974.9860,   7996979.0464,  -5081.3469,   2789.8577,   5143.5387
  984,    402400.8899,   8349763.7691,   8002121.5555,  -5081.4511,   2787.7089,   5141.4796
  985,    397319.3872,   8352550.4045,   8007262.0062,  -5081.5539,   2785.5623,   5139.4221
  986,    392237.7825,   8355334.8945,   8012400.4002,  -5081.6553,   2783.4181,   5137.3662
  987,    387156.0772,   8358117.2413,   8017536.7391,  -5081.7551,   2781.2761,   5135.3118
  988,    382074.2727,   8360897.4474,   8022671.0243,  -5081.8536,   2779.1364,   5133.2590
  989,    376992.3705,   8363675.5148,   8027803.2575,  -5081.9506,   2776.9989,   5131.2077
  990,    371910.3720,   8366451.4459,   8032933.4401,  -5082.0462,   2774.8637,   5129.1579
  991,    366828.2786,   8369225.2430,   8038061.5738,  -5082.1403,   2772.7308,   5127.1097
  992,    361746.0918,   8371996.9084,   8043187.6601,  -5082.2331,   2770.6002,   5125.0631
  993,    356663.8130,   8374766.4442,   8048311.7005,  -5082.3244,   2768.4718,   5123.0180
  994,    351581.4436,   8377533.8527,   8053433.6966,  -5082.4142,   2766.3457,   5120.9744
  995,    346498.9850,   8380299.1363,   8058553.6498,  -5082.5027,   2764.2218,   5118.9324
  996,    341416.4386,   8383062.2970,   8063671.5618,  -5082.5898,   2762.1002,   5116.8919
  997,    336333.8059,   8385823.3373,   8068787.4341,  -5082.6754,   2759.9808,   5114.8529
  998,    331251.0882,   8388582.2593,   8073901.2682,  -5082.7597,   2757.8636,   5112.8155
  999,    326168.2870,   8391339.0653,   8079013.0657,  -5082.8426,   2755.7487,   5110.7796
 1000,    321085.4036,   8394093.7575,   8084122.8280,  -5082.9240,   2753.6361,   5108.7453
 1001,    316002.4394,   8396846.3382,   8089230.5568,  -5083.0041,   2751.5256,   5106.7125
 1002,    310919.3958,   8399596.8095,   8094336.2535,  -5083.0828,   2749.4174,   5104.6812
 1003,    305836.2743,   8402345.1738,   8099439.9197,  -5083.1601,   2747.3114,   5102.6515
 1004,    300753.0761,   8405091.4332,   8104541.5570,  -5083.2360,   2745.2077,   5100.6233
 1005,    295669.8027,   8407835.5899,   8109641.1668,  -5083.3106,   2743.1062,   5098.5966
 1006,    290586.4554,   8410577.6462,   8114738.7506,  -5083.3837,   2741.0069,   5096.5714
 1007,    285503.0356,   8413317.6043,   8119834.3101,  -5083.4556,   2738.9098,   5094.5478
 1008,    280419.5447,   8416055.4665,   8124927.8466,  -5083.5260,   2736.8149,   5092.5256
 1009,    275335.9841,   8418791.2348,   8130019.3619,  -5083.5951,   2734.7222,   5090.5051
 1010,    270252.3550,   8421524.9116,   8135108.8573,  -5083.6628,   2732.6317,   5088.4860
 1011,    265168.6589,   8424256.4990,   8140196.3343,  -5083.7292,   2730.5434,   5086.4684
 1012,    260084.8971,   8426985.9992,   8145281.7946,  -5083.7942,   2728.4574,   5084.4524
 1013,    255001.0709,   8429713.4145,   8150365.2396,  -5083.8579,   2726.3735,   5082.4379
 1014,    249917.1818,   8432438.7470,   8155446.6709,  -5083.9202,   2724.2918,   5080.4249
 1015,    244833.2309,   8435161.9988,   8160526.0899,  -5083.9812,   2722.2123,   5078.4134
 1016,    239749.2198,   8437883.1723,   8165603.4982,  -5084.0409,   2720.1350,   5076.4034
 1017,    234665.1496,   8440602.2696,   8170678.8973,  -5084.0992,   2718.0599,   5074.3950
 1018,    229581.0218,   8443319.2929,   8175752.2886,  -5084.1562,   2715.9870,   5072.3880
 1019,    224496.8377,   8446034.2443,   8180823.6738,  -5084.2119,   2713.9162,   5070.3826
 1020,    219412.5985,   8448747.1260,   8185893.0543,  -5084.2662,   2711.8476,   5068.3786
 1021,    214328.3057,   8451457.9402,   8190960.4316,  -5084.3193,   2709.7812,   5066.3762
 1022,    209243.9605,   8454166.6891,   8196025.8073,  -5084.3710,   2707.7170,   5064.3753
 1023,    204159.5642,   8456873.3749,   8201089.1827,  -5084.4214,   2705.6549,   5062.3759
 1024,    199075.1181,   8459577.9996,   8206150.5595,  -5084.4705,   2703.5950,   5060.3780
 1025,    193990.6236,   8462280.5655,   8211209.9392,  -5084.5183,   2701.5372,   5058.3816
 1026,    188906.0820,   8464981.0747,   8216267.3232,  -5084.5648,   2699.4816,   5056.3867
 1027,    183821.4945,   8467679.5294,   8221322.7130,  -5084.6100,   2697.4281,   5054.3933
 1028,    178736.8624,   8470375.9317,   8226376.1102,  -5084.6539,   2695.3769,   5052.4013
 1029,    173652.1871,   8473070.2838,   8231427.5162,  -5084.6965,   2693.3277,   5050.4109
 1030,    168567.4698,   8475762.5879,   8236476.9325,  -5084.7378,   2691.2807,   5048.4220
 1031,    163482.7118,   8478452.8459,   8241524.3607,  -5084.7779,   2689.2358,   5046.4346
 1032,    158397.9145,   8481141.0602,   8246569.8022,  -5084.8167,   2687.1931,   5044.4486
 1033,    153313.0789,   8483827.2329,   8251613.2585,  -5084.8542,   2685.1525,   5042.4642
 1034,    148228.2066,   8486511.3660,   8256654.7311,  -5084.8904,   2683.1141,   5040.4812
 1035,    143143.2986,   8489193.4617,   8261694.2215,  -5084.9253,   2681.0777,   5038.4998
 1036,    138058.3563,   8491873.5222,   8266731.7311,  -5084.9590,   2679.0435,   5036.5198
 1037,    132973.3810,   8494551.5495,   8271767.2616,  -5084.9914,   2677.0115,   5034.5413
 1038,    127888.3739,   8497227.5458,   8276800.8143,  -5085.0226,   2674.9815,   5032.5643
 1039,    122803.3362,   8499901.5132,   8281832.3907,  -5085.0525,   2672.9537,   5030.5888
 1040,    117718.2693,   8502573.4538,   8286861.9923,  -5085.0812,   2670.9279,   5028.6147
 1041,    112633.1743,   8505243.3698,   8291889.6207,  -5085.1086,   2668.9043,   5026.6422
 1042,    107548.0525,   8507911.2632,   8296915.2772,  -5085.1347,   2666.8828,   5024.6711
 1043,    102462.9052,   8510577.1362,   8301938.9634,  -5085.1597,   2664.8634,   5022.7015
 1044,     97377.7336,   8513240.9908,   8306960.6807,  -5085.1833,   2662.8461,   5020.7334
 1045,     92292.5389,   8515902.8292,   8311980.4306,  -5085.2058,   2660.8310,   5018.7667
 1046,     87207.3224,   8518562.6534,   8316998.2147,  -5085.2270,   2658.8179,   5016.8016
 1047,     82122.0854,   8521220.4656,   8322014.0342,  -5085.2470,   2656.8069,   5014.8379
 1048,     77036.8289,   8523876.2678,   8327027.8909,  -5085.2657,   2654.7980,   5012.8756
 1049,     71951.5543,   8526530.0622,   8332039.7860,  -5085.2833,   2652.7911,   5010.9149
 1050,     66866.2627,   8529181.8508,   8337049.7211,  -5085.2996,   2650.7864,   5008.9556
 1051,     61780.9555,   8531831.6357,   8342057.6976,  -5085.3147,   2648.7838,   5006.9978
 1052,     56695.6338,   8534479.4190,   8347063.7171,  -5085.3286,   2646.7832,   5005.0414
 1053,     51610.2987,   8537125.2028,   8352067.7809,  -5085.3413,   2644.7847,   5003.0865
 1054,     46524.9516,   8539768.9891,   8357069.8906,  -5085.3527,   2642.7883,   5001.1331
 1055,     41439.5937,   8542410.7800,   8362070.0476,  -5085.3630,   2640.7939,   4999.1811
 1056,     36354.2260,   8545050.5776,   8367068.2533,  -5085.3721,   2638.8016,   4997.2306
 1057,     31268.8499,   8547688.3839,   8372064.5093,  -5085.3799,   2636.8114,   4995.2816
 1058,     26183.4665,   8550324.2011,   8377058.8170,  -5085.3866,   2634.8233,   4993.3340
 1059,     21098.0770,   8552958.0312,   8382051.1778,  -5085.3921,   2632.8372,   4991.3879
 1060,     16012.6827,   8555589.8761,   8387041.5932,  -5085.3964,   2630.8531,   4989.4432
 1061,     10927.2846,   8558219.7381,   8392030.0646,  -5085.3995,   2628.8712,   4987.5000
 1062,      5841.8840,   8560847.6191,   8397016.5936,  -5085.4015,   2626.8912,   4985.5582
 1063,       756.4820,   8563473.5213,   8402001.1816,  -5085.4022,   2624.9133,   4983.6179
 1064,     -4328.9201,   8566097.4465,   8406983.8299,  -5085.4018,   2622.9375,   4981.6791
 1065,     -9414.3213,   8568719.3970,   8411964.5401,  -5085.4003,   2620.9637,   4979.7416
 1066,    -14499.7202,   8571339.3746,   8416943.3137,  -5085.3975,   2618.9920,   4977.8057
 1067,    -19585.1159,   8573957.3816,   8421920.1520,  -5085.3936,   2617.0222,   4975.8712
 1068,    -24670.5070,   8576573.4198,   8426895.0565,  -5085.3885,   2615.0546,   4973.9381
 1069,    -29755.8925,   8579187.4914,   8431868.0287,  -5085.3823,   2613.0889,   4972.0065
 1070,    -34841.2712,   8581799.5983,   8436839.0700,  -5085.3749,   2611.1253,   4970.0763
 1071,    -39926.6419,   8584409.7426,   8441808.1818,  -5085.3663,   2609.1637,   4968.1476
 1072,    -45012.0035,   8587017.9264,   8446775.3656,  -5085.3566,   2607.2041,   4966.2203
 1073,    -50097.3548,   8589624.1515,   8451740.6228,  -5085.3458,   2605.2466,   4964.2944
 1074,    -55182.6947,   8592228.4201,   8456703.9549,  -5085.3338,   2603.2910,   4962.3700
 1075,    -60268.0221,   8594830.7342,   8461665.3632,  -5085.3207,   2601.3375,   4960.4470
 1076,    -65353.3357,   8597431.0958,   8466624.8494,  -5085.3064,   2599.3860,   4958.5255
 1077,    -70438.6346,   8600029.5069,   8471582.4146,  -5085.2910,   2597.4365,   4956.6053
 1078,    -75523.9174,   8602625.9695,   8476538.0605,  -5085.2745,   2595.4890,   4954.6867
 1079,    -80609.1832,   8605220.4855,   8481491.7885,  -5085.2569,   2593.5435,   4952.7694
 1080,    -85694.4308,   8607813.0571,   8486443.5998,  -5085.2381,   2591.6000,   4950.8536
 1081,    -90779.6590,   8610403.6862,   8491393.4961,  -5085.2182,   2589.6585,   4948.9392
 1082,    -95864.8668,   8612992.3748,   8496341.4787,  -5085.1972,   2587.7190,   4947.0263
 1083,   -100950.0530,   8615579.1249,   8501287.5491,  -5085.1750,   2585.7815,   4945.1147
 1084,   -106035.2165,   8618163.9385,   8506231.7087,  -5085.1518,   2583.8460,   4943.2046
 1085,   -111120.3563,   8620746.8176,   8511173.9588,  -5085.1274,   2581.9125,   4941.2959
 1086,   -116205.4711,   8623327.7641,   8516114.3010,  -5085.1020,   2579.9809,   4939.3887
 1087,   -121290.5599,   8625906.7800,   8521052.7366,  -5085.0754,   2578.0513,   4937.4828
 1088,   -126375.6215,   8628483.8674,   8525989.2671,  -5085.0477,   2576.1238,   4935.5784
 1089,   -131460.6550,   8631059.0282,   8530923.8938,  -5085.0190,   2574.1982,   4933.6754
 1090,   -136545.6591,   8633632.2644,   8535856.6183,  -5084.9891,   2572.2745,   4931.7738
 1091,   -141630.6328,   8636203.5779,   8540787.4419,  -5084.9582,   2570.3528,   4929.8736
 1092,   -146715.5751,   8638772.9707,   8545716.3660,  -5084.9261,   2568.4331,   4927.9749
 1093,   -151800.4847,   8641340.4449,   8550643.3921,  -5084.8930,   2566.5154,   4926.0775
 1094,   -156885.3607,   8643906.0022,   8555568.5216,  -5084.8588,   2564.5996,   4924.1816
 1095,   -161970.2019,   8646469.6448,   8560491.7558,  -5084.8235,   2562.6858,   4922.2871
 1096,   -167055.0073,   8649031.3745,   8565413.0962,  -5084.7871,   2560.7740,   4920.3940
 1097,   -172139.7758,   8651591.1934,   8570332.5442,  -5084.7497,   2558.8641,   4918.5023
 1098,   -177224.5063,   8654149.1033,   8575250.1012,  -5084.7112,   2556.9561,   4916.6120
 1099,   -182309.1977,   8656705.1063,   8580165.7687,  -5084.6716,   2555.0501,   4914.7231
 1100,   -187393.8491,   8659259.2042,   8585079.5479,  -5084.6309,   2553.1461,   4912.8356
 1101,   -192478.4592,   8661811.3990,   8589991.4403,  -5084.5892,   2551.2439,   4910.9495
 1102,   -197563.0271,   8664361.6927,   8594901.4474,  -5084.5464,   2549.3438,   4909.0649
 1103,   -202647.5517,   8666910.0872,   8599809.5705,  -5084.5026,   2547.4455,   4907.1816
 1104,   -207732.0319,   8669456.5845,   8604715.8110,  -5084.4577,   2545.5492,   4905.2997
 1105,   -212816.4668,   8672001.1864,   8609620.1704,  -5084.4118,   2543.6549,   4903.4192
 1106,   -217900.8551,   8674543.8948,   8614522.6499,  -5084.3648,   2541.7624,   4901.5401
 1107,   -222985.1960,   8677084.7119,   8619423.2511,  -5084.3167,   2539.8719,   4899.6624
 1108,   -228069.4882,   8679623.6393,   8624321.9753,  -5084.2677,   2537.9833,   4897.7862
 1109,   -233153.7309,   8682160.6792,   8629218.8239,  -5084.2175,   2536.0967,   4895.9113
 1110,   -238237.9230,   8684695.8333,   8634113.7983,  -5084.1664,   2534.2119,   4894.0377
 1111,   -243322.0633,   8687229.1037,   8639006.8998,  -5084.1142,   2532.3291,   4892.1656
 1112,   -248406.1510,   8689760.4922,   8643898.1300,  -5084.0610,   2530.4482,   4890.2949
 1113,   -253490.1849,   8692290.0007,   8648787.4901,  -5084.0067,   2528.5692,   4888.4256
 1114,   -258574.1641,   8694817.6312,   8653674.9816,  -5083.9514,   2526.6921,   4886.5576
 1115,   -263658.0874,   8697343.3856,   8658560.6058,  -5083.8951,   2524.8169,   4884.6910
 1116,   -268741.9540,   8699867.2657,   8663444.3641,  -5083.8378,   2522.9436,   4882.8259
 1117,   -273825.7627,   8702389.2735,   8668326.2579,  -5083.7794,   2521.0723,   4880.9621
 1118,   -278909.5125,   8704909.4108,   8673206.2887,  -5083.7201,   2519.2028,   4879.0996
 1119,   -283993.2025,   8707427.6797,   8678084.4577,  -5083.6597,   2517.3352,   4877.2386
 1120,   -289076.8316,   8709944.0818,   8682960.7663,  -5083.5983,   2515.4695,   4875.3789
 1121,   -294160.3988,   8712458.6193,   8687835.2160,  -5083.5359,   2513.6057,   4873.5206
 1122,   -299243.9031,   8714971.2938,   8692707.8081,  -5083.4725,   2511.7438,   4871.6637
 1123,   -304327.3435,   8717482.1074,   8697578.5439,  -5083.4081,   2509.8837,   4869.8082
 1124,   -309410.7191,   8719991.0619,   8702447.4249,  -5083.3427,   2508.0256,   4867.9540
 1125,   -314494.0287,   8722498.1592,   8707314.4525,  -5083.2763,   2506.1693,   4866.1013
 1126,   -319577.2714,   8725003.4012,   8712179.6279,  -5083.2089,   2504.3149,   4864.2498
 1127,   -324660.4462,   8727506.7897,   8717042.9526,  -5083.1406,   2502.4624,   4862.3998
 1128,   -329743.5522,   8730008.3267,   8721904.4280,  -5083.0712,   2500.6118,   4860.5511
 1129,   -334826.5883,   8732508.0139,   8726764.0553,  -5083.0008,   2498.7630,   4858.7038
 1130,   -339909.5535,   8735005.8533,   8731621.8361,  -5082.9295,   2496.9161,   4856.8579
 1131,   -344992.4469,   8737501.8467,   8736477.7716,  -5082.8572,   2495.0710,   4855.0133
 1132,   -350075.2675,   8739995.9960,   8741331.8631,  -5082.7839,   2493.2279,   4853.1701
 1133,   -355158.0143,   8742488.3030,   8746184.1122,  -5082.7096,   2491.3865,   4851.3282
 1134,   -360240.6864,   8744978.7697,   8751034.5201,  -5082.6343,   2489.5471,   4849.4878
 1135,   -365323.2827,   8747467.3978,   8755883.0882,  -5082.5581,   2487.7095,   4847.6486
 1136,   -370405.8023,   8749954.1893,   8760729.8178,  -5082.4809,   2485.8737,   4845.8109
 1137,   -375488.2442,   8752439.1459,   8765574.7103,  -5082.4028,   2484.0398,   4843.9744
 1138,   -380570.6075,   8754922.2695,   8770417.7671,  -5082.3236,   2482.2078,   4842.1394
 1139,   -385652.8912,   8757403.5620,   8775258.9895,  -5082.2436,   2480.3775,   4840.3057
 1140,   -390735.0943,   8759883.0252,   8780098.3789,  -5082.1625,   2478.5492,   4838.4733
 1141,   -395817.2159,   8762360.6609,   8784935.9366,  -5082.0805,   2476.7226,   4836.6423
 1142,   -400899.2551,   8764836.4710,   8789771.6641,  -5081.9976,   2474.8979,   4834.8127
 1143,   -405981.2108,   8767310.4574,   8794605.5625,  -5081.9137,   2473.0751,   4832.9844
 1144,   -411063.0822,   8769782.6218,   8799437.6333,  -5081.8289,   2471.2540,   4831.1575
 1145,   -416144.8682,   8772252.9660,   8804267.8778,  -5081.7431,   2469.4348,   4829.3319
 1146,   -421226.5680,   8774721.4920,   8809096.2975,  -5081.6564,   2467.6174,   4827.5076
 1147,   -426308.1806,   8777188.2016,   8813922.8935,  -5081.5687,   2465.8019,   4825.6847
 1148,   -431389.7051,   8779653.0964,   8818747.6673,  -5081.4801,   2463.9882,   4823.8631
 1149,   -436471.1405,   8782116.1785,   8823570.6202,  -5081.3905,   2462.1763,   4822.0429
 1150,   -441552.4858,   8784577.4495,   8828391.7535,  -5081.3001,   2460.3662,   4820.2240
 1151,   -446633.7403,   8787036.9114,   8833211.0687,  -5081.2087,   2458.5579,   4818.4065
 1152,   -451714.9029,   8789494.5659,   8838028.5670,  -5081.1163,   2456.7514,   4816.5903
 1153,   -456795.9726,   8791950.4148,   8842844.2497,  -5081.0231,   2454.9467,   4814.7754
 1154,   -461876.9487,   8794404.4600,   8847658.1182,  -5080.9289,   2453.1439,   4812.9619
 1155,   -466957.8301,   8796856.7032,   8852470.1739,  -5080.8338,   2451.3428,   4811.1497
 1156,   -472038.6160,   8799307.1463,   8857280.4181,  -5080.7378,   2449.5436,   4809.3388
 1157,   -477119.3054,   8801755.7910,   8862088.8520,  -5080.6409,   2447.7462,   4807.5293
 1158,   -482199.8974,   8804202.6392,   8866895.4771,  -5080.5430,   2445.9505,   4805.7211
 1159,   -487280.3912,   8806647.6926,   8871700.2947,  -5080.4443,   2444.1566,   4803.9142
 1160,   -492360.7857,   8809090.9531,   8876503.3060,  -5080.3446,   2442.3646,   4802.1087
 1161,   -497441.0801,   8811532.4224,   8881304.5125,  -5080.2440,   2440.5743,   4800.3045
 1162,   -502521.2735,   8813972.1023,   8886103.9154,  -5080.1426,   2438.7858,   4798.5016
 1163,   -507601.3649,   8816409.9946,   8890901.5161,  -5080.0402,   2436.9991,   4796.7000
 1164,   -512681.3536,   8818846.1011,   8895697.3160,  -5079.9369,   2435.2142,   4794.8998
 1165,   -517761.2385,   8821280.4236,   8900491.3162,  -5079.8328,   2433.4311,   4793.1009
 1166,   -522841.0188,   8823712.9639,   8905283.5182,  -5079.7277,   2431.6497,   4791.3033
 1167,   -527920.6937,   8826143.7236,   8910073.9232,  -5079.6218,   2429.8701,   4789.5070
 1168,   -533000.2621,   8828572.7047,   8914862.5326,  -5079.5149,   2428.0923,   4787.7121
 1169,   -538079.7233,   8830999.9088,   8919649.3478,  -5079.4072,   2426.3163,   4785.9184
 1170,   -543159.0763,   8833425.3378,   8924434.3699,  -5079.2986,   2424.5420,   4784.1261
 1171,   -548238.3202,   8835848.9933,   8929217.6004,  -5079.1891,   2422.7695,   4782.3351
 1172,   -553317.4542,   8838270.8773,   8933999.0405,  -5079.0788,   2420.9987,   4780.5454
 1173,   -558396.4775,   8840690.9914,   8938778.6916,  -5078.9675,   2419.2297,   4778.7570
 1174,   -563475.3890,   8843109.3373,   8943556.5550,  -5078.8554,   2417.4625,   4776.9699
 1175,   -568554.1880,   8845525.9169,   8948332.6320,  -5078.7424,   2415.6970,   4775.1842
 1176,   -573632.8736,   8847940.7319,   8953106.9238,  -5078.6286,   2413.9333,   4773.3997
 1177,   -578711.4449,   8850353.7841,   8957879.4319,  -5078.5139,   2412.1713,   4771.6166
 1178,   -583789.9010,   8852765.0752,   8962650.1574,  -5078.3983,   2410.4111,   4769.8348
 1179,   -588868.2412,   8855174.6069,   8967419.1018,  -5078.2818,   2408.6526,   4768.0542
 1180,   -593946.4644,   8857582.3811,   8972186.2663,  -5078.1645,   2406.8959,   4766.2750
 1181,   -599024.5699,   8859988.3993,   8976951.6522,  -5078.0463,   2405.1409,   4764.4971
 1182,   -604102.5568,   8862392.6635,   8981715.2609,  -5077.9273,   2403.3877,   4762.7204
 1183,   -609180.4242,   8864795.1752,   8986477.0935,  -5077.8074,   2401.6362,   4760.9451
 1184,   -614258.1714,   8867195.9364,   8991237.1515,  -5077.6867,   2399.8864,   4759.1711
 1185,   -619335.7974,   8869594.9486,   8995995.4361,  -5077.5651,   2398.1383,   4757.3984
 1186,   -624413.3014,   8871992.2136,   9000751.9487,  -5077.4427,   2396.3920,   4755.6269
 1187,   -629490.6825,   8874387.7332,   9005506.6904,  -5077.3194,   2394.6474,   4753.8568
 1188,   -634567.9400,   8876781.5090,   9010259.6627,  -5077.1953,   2392.9046,   4752.0879
 1189,   -639645.0729,   8879173.5428,   9015010.8667,  -5077.0704,   2391.1634,   4750.3204
 1190,   -644722.0805,   8881563.8364,   9019760.3039,  -5076.9446,   2389.4240,   4748.5541
 1191,   -649798.9619,   8883952.3914,   9024507.9754,  -5076.8180,   2387.6863,   4746.7892
 1192,   -654875.7162,   8886339.2096,   9029253.8826,  -5076.6905,   2385.9503,   4745.0255
 1193,   -659952.3426,   8888724.2926,   9033998.0268,  -5076.5622,   2384.2160,   4743.2631
 1194,   -665028.8404,   8891107.6422,   9038740.4092,  -5076.4331,   2382.4835,   4741.5020
 1195,   -670105.2086,   8893489.2601,   9043481.0312,  -5076.3032,   2380.7526,   4739.7422
 1196,   -675181.4465,   8895869.1480,   9048219.8940,  -5076.1724,   2379.0235,   4737.9836
 1197,   -680257.5532,   8898247.3076,   9052956.9989,  -5076.0408,   2377.2960,   4736.2264
 1198,   -685333.5279,   8900623.7406,   9057692.3472,  -5075.9084,   2375.5703,   4734.4704
 1199,   -690409.3698,   8902998.4487,   9062425.9401,  -5075.7752,   2373.8462,   4732.7157
 1200,   -695485.0781,   8905371.4336,   9067157.7790,  -5075.6412,   2372.1239,   4730.9623
 1201,   -700560.6519,   8907742.6970,   9071887.8651,  -5075.5063,   2370.4032,   4729.2102
 1202,   -705636.0905,   8910112.2406,   9076616.1998,  -5075.3707,   2368.6843,   4727.4593
 1203,   -710711.3930,   8912480.0661,   9081342.7842,  -5075.2342,   2366.9670,   4725.7097
 1204,   -715786.5586,   8914846.1752,   9086067.6197,  -5075.0969,   2365.2514,   4723.9614
 1205,   -720861.5865,   8917210.5696,   9090790.7074,  -5074.9588,   2363.5375,   4722.2144
 1206,   -725936.4760,   8919573.2508,   9095512.0488,  -5074.8200,   2361.8253,   4720.4686
 1207,   -731011.2262,   8921934.2208,   9100231.6451,  -5074.6803,   2360.1148,   4718.7241
 1208,   -736085.8363,   8924293.4810,   9104949.4975,  -5074.5398,   2358.4059,   4716.9809
 1209,   -741160.3055,   8926651.0332,   9109665.6074,  -5074.3985,   2356.6988,   4715.2390
 1210,   -746234.6330,   8929006.8791,   9114379.9759,  -5074.2564,   2354.9933,   4713.4983
 1211,   -751308.8181,   8931361.0203,   9119092.6043,  -5074.1136,   2353.2894,   4711.7589
 1212,   -756382.8600,   8933713.4585,   9123803.4940,  -5073.9699,   2351.5873,   4710.0207
 1213,   -761456.7577,   8936064.1954,   9128512.6461,  -5073.8255,   2349.8868,   4708.2838
 1214,   -766530.5107,   8938413.2327,   9133220.0620,  -5073.6803,   2348.1880,   4706.5482
 1215,   -771604.1180,   8940760.5720,   9137925.7429,  -5073.5343,   2346.4908,   4704.8138
 1216,   -776677.5790,   8943106.2149,   9142629.6901,  -5073.3875,   2344.7953,   4703.0807
 1217,   -781750.8927,   8945450.1631,   9147331.9047,  -5073.2399,   2343.1015,   4701.3488
 1218,   -786824.0585,   8947792.4184,   9152032.3882,  -5073.0916,   2341.4093,   4699.6183
 1219,   -791897.0756,   8950132.9823,   9156731.1417,  -5072.9425,   2339.7188,   4697.8889
 1220,   -796969.9432,   8952471.8564,   9161428.1664,  -5072.7926,   2338.0299,   4696.1608
 1221,   -802042.6605,   8954809.0426,   9166123.4638,  -5072.6419,   2336.3426,   4694.4340
 1222,   -807115.2268,   8957144.5423,   9170817.0349,  -5072.4905,   2334.6571,   4692.7084
 1223,   -812187.6412,   8959478.3572,   9175508.8810,  -5072.3383,   2332.9731,   4690.9841
 1224,   -817259.9031,   8961810.4891,   9180199.0035,  -5072.1853,   2331.2908,   4689.2610
 1225,   -822332.0116,   8964140.9395,   9184887.4035,  -5072.0316,   2329.6102,   4687.5392
 1226,   -827403.9661,   8966469.7100,   9189574.0824,  -5071.8771,   2327.9312,   4685.8186
 1227,   -832475.7656,   8968796.8023,   9194259.0412,  -5071.7219,   2326.2538,   4684.0993
 1228,   -837547.4096,   8971122.2181,   9198942.2814,  -5071.5659,   2324.5781,   4682.3812
 1229,   -842618.8972,   8973445.9590,   9203623.8041,  -5071.4091,   2322.9039,   4680.6644
 1230,   -847690.2276,   8975768.0266,   9208303.6106,  -5071.2516,   2321.2315,   4678.9488
 1231,   -852761.4002,   8978088.4225,   9212981.7021,  -5071.0934,   2319.5606,   4677.2344
 1232,   -857832.4142,   8980407.1483,   9217658.0799,  -5070.9344,   2317.8914,   4675.5213
 1233,   -862903.2688,   8982724.2058,   9222332.7452,  -5070.7747,   2316.2238,   4673.8095
 1234,   -867973.9633,   8985039.5964,   9227005.6992,  -5070.6142,   2314.5578,   4672.0988
 1235,   -873044.4969,   8987353.3219,   9231676.9432,  -5070.4529,   2312.8934,   4670.3894
 1236,   -878114.8689,   8989665.3838,   9236346.4785,  -5070.2910,   2311.2307,   4668.6813
 1237,   -883185.0786,   8991975.7838,   9241014.3062,  -5070.1283,   2309.5695,   4666.9743
 1238,   -888255.1252,   8994284.5234,   9245680.4276,  -5069.9648,   2307.9100,   4665.2686
 1239,   -893325.0080,   8996591.6044,   9250344.8439,  -5069.8006,   2306.2521,   4663.5642
 1240,   -898394.7262,   8998897.0282,   9255007.5563,  -5069.6357,   2304.5958,   4661.8609
 1241,   -903464.2792,   9001200.7965,   9259668.5662,  -5069.4701,   2302.9411,   4660.1589
 1242,   -908533.6661,   9003502.9110,   9264327.8746,  -5069.3037,   2301.2880,   4658.4582
 1243,   -913602.8864,   9005803.3731,   9268985.4829,  -5069.1366,   2299.6365,   4656.7586
 1244,   -918671.9392,   9008102.1846,   9273641.3923,  -5068.9688,   2297.9866,   4655.0603
 1245,   -923740.8238,   9010399.3469,   9278295.6040,  -5068.8003,   2296.3384,   4653.3632
 1246,   -928809.5395,   9012694.8618,   9282948.1192,  -5068.6310,   2294.6917,   4651.6674
 1247,   -933878.0856,   9014988.7308,   9287598.9391,  -5068.4610,   2293.0465,   4649.9727
 1248,   -938946.4613,   9017280.9554,   9292248.0650,  -5068.2903,   2291.4030,   4648.2793
 1249,   -944014.6660,   9019571.5374,   9296895.4981,  -5068.1189,   2289.7611,   4646.5871
 1250,   -949082.6989,   9021860.4782,   9301541.2396,  -5067.9468,   2288.1208,   4644.8961
 1251,   -954150.5594,   9024147.7794,   9306185.2908,  -5067.7740,   2286.4820,   4643.2064
 1252,   -959218.2466,   9026433.4427,   9310827.6527,  -5067.6004,   2284.8448,   4641.5178
 1253,   -964285.7600,   9028717.4697,   9315468.3268,  -5067.4262,   2283.2093,   4639.8305
 1254,   -969353.0988,   9030999.8618,   9320107.3141,  -5067.2512,   2281.5752,   4638.1444
 1255,   -974420.2622,   9033280.6207,   9324744.6159,  -5067.0756,   2279.9428,   4636.4595
 1256,   -979487.2497,   9035559.7479,   9329380.2334,  -5066.8992,   2278.3119,   4634.7758
 1257,   -984554.0605,   9037837.2451,   9334014.1679,  -5066.7222,   2276.6827,   4633.0933
 1258,   -989620.6938,   9040113.1137,   9338646.4204,  -5066.5444,   2275.0549,   4631.4120
 1259,   -994687.1491,   9042387.3555,   9343276.9923,  -5066.3660,   2273.4288,   4629.7320
 1260,   -999753.4255,   9044659.9718,   9347905.8847,  -5066.1868,   2271.8042,   4628.0531
 1261,  -1004819.5225,   9046930.9644,   9352533.0989,  -5066.0070,   2270.1812,   4626.3755
 1262,  -1009885.4393,   9049200.3347,   9357158.6361,  -5065.8265,   2268.5597,   4624.6990
 1263,  -1014951.1752,   9051468.0843,   9361782.4974,  -5065.6453,   2266.9398,   4623.0238
 1264,  -1020016.7296,   9053734.2148,   9366404.6841,  -5065.4634,   2265.3215,   4621.3498
 1265,  -1025082.1017,   9055998.7277,   9371025.1973,  -5065.2808,   2263.7047,   4619.6769
 1266,  -1030147.2909,   9058261.6247,   9375644.0384,  -5065.0975,   2262.0894,   4618.0053
 1267,  -1035212.2965,   9060522.9071,   9380261.2084,  -5064.9136,   2260.4757,   4616.3349
 1268,  -1040277.1178,   9062782.5767,   9384876.7085,  -5064.7290,   2258.8636,   4614.6657
 1269,  -1045341.7542,   9065040.6349,   9389490.5401,  -5064.5437,   2257.2530,   4612.9976
 1270,  -1050406.2049,   9067297.0832,   9394102.7042,  -5064.3577,   2255.6440,   4611.3308
 1271,  -1055470.4693,   9069551.9233,   9398713.2020,  -5064.1710,   2254.0365,   4609.6651
 1272,  -1060534.5468,   9071805.1567,   9403322.0348,  -5063.9837,   2252.4305,   4608.0007
 1273,  -1065598.4365,   9074056.7849,   9407929.2038,  -5063.7957,   2250.8261,   4606.3374
 1274,  -1070662.1380,   9076306.8094,   9412534.7101,  -5063.6071,   2249.2232,   4604.6754
 1275,  -1075725.6504,   9078555.2318,   9417138.5550,  -5063.4177,   2247.6219,   4603.0145
 1276,  -1080788.9733,   9080802.0536,   9421740.7395,  -5063.2278,   2246.0220,   4601.3548
 1277,  -1085852.1057,   9083047.2764,   9426341.2650,  -5063.0371,   2244.4238,   4599.6963
 1278,  -1090915.0473,   9085290.9016,   9430940.1326,  -5062.8458,   2242.8270,   4598.0390
 1279,  -1095977.7971,   9087532.9309,   9435537.3434,  -5062.6538,   2241.2318,   4596.3829
 1280,  -1101040.3547,   9089773.3657,   9440132.8988,  -5062.4612,   2239.6381,   4594.7280
 1281,  -1106102.7193,   9092012.2075,   9444726.7998,  -5062.2679,   2238.0459,   4593.0742
 1282,  -1111164.8903,   9094249.4579,   9449319.0476,  -5062.0740,   2236.4552,   4591.4216
 1283,  -1116226.8671,   9096485.1184,   9453909.6434,  -5061.8794,   2234.8661,   4589.7702
 1284,  -1121288.6490,   9098719.1905,   9458498.5885,  -5061.6842,   2233.2784,   4588.1200
 1285,  -1126350.2352,   9100951.6758,   9463085.8839,  -5061.4883,   2231.6923,   4586.4710
 1286,  -1131411.6253,   9103182.5757,   9467671.5309,  -5061.2918,   2230.1077,   4584.8232
 1287,  -1136472.8185,   9105411.8917,   9472255.5306,  -5061.0946,   2228.5246,   4583.1765
 1288,  -1141533.8143,   9107639.6254,   9476837.8842,  -5060.8968,   2226.9430,   4581.5310
 1289,  -1146594.6119,   9109865.7783,   9481418.5930,  -5060.6983,   2225.3630,   4579.8867
 1290,  -1151655.2107,   9112090.3518,   9485997.6579,  -5060.4992,   2223.7844,   4578.2435
 1291,  -1156715.6101,   9114313.3476,   9490575.0804,  -5060.2995,   2222.2073,   4576.6015
 1292,  -1161775.8094,   9116534.7670,   9495150.8614,  -5060.0991,   2220.6317,   4574.9607
 1293,  -1166835.8081,   9118754.6116,   9499725.0022,  -5059.8981,   2219.0577,   4573.3211
 1294,  -1171895.6054,   9120972.8828,   9504297.5039,  -5059.6965,   2217.4851,   4571.6826
 1295,  -1176955.2008,   9123189.5823,   9508868.3678,  -5059.4942,   2215.9140,   4570.0453
 1296,  -1182014.5936,   9125404.7114,   9513437.5949,  -5059.2913,   2214.3444,   4568.4092
 1297,  -1187073.7832,   9127618.2716,   9518005.1865,  -5059.0878,   2212.7763,   4566.7742
 1298,  -1192132.7689,   9129830.2645,   9522571.1437,  -5058.8836,   2211.2097,   4565.1404
 1299,  -1197191.5502,   9132040.6916,   9527135.4677,  -5058.6788,   2209.6446,   4563.5077
 1300,  -1202250.1264,   9134249.5542,   9531698.1596,  -5058.4734,   2208.0810,   4561.8763
 1301,  -1207308.4969,   9136456.8540,   9536259.2206,  -5058.2674,   2206.5188,   4560.2459
 1302,  -1212366.6611,   9138662.5923,   9540818.6519,  -5058.0608,   2204.9581,   4558.6168
 1303,  -1217424.6183,   9140866.7708,   9545376.4546,  -5057.8535,   2203.3989,   4556.9888
 1304,  -1222482.3679,   9143069.3907,   9549932.6298,  -5057.6457,   2201.8412,   4555.3619
 1305,  -1227539.9094,   9145270.4537,   9554487.1788,  -5057.4372,   2200.2850,   4553.7363
 1306,  -1232597.2421,   9147469.9612,   9559040.1027,  -5057.2281,   2198.7302,   4552.1117
 1307,  -1237654.3654,   9149667.9146,   9563591.4027,  -5057.0184,   2197.1769,   4550.4883
 1308,  -1242711.2786,   9151864.3155,   9568141.0798,  -5056.8081,   2195.6251,   4548.8661
 1309,  -1247767.9813,   9154059.1653,   9572689.1353,  -5056.5971,   2194.0747,   4547.2450
 1310,  -1252824.4727,   9156252.4654,   9577235.5703,  -5056.3856,   2192.5258,   4545.6251
 1311,  -1257880.7523,   9158444.2174,   9581780.3859,  -5056.1735,   2190.9784,   4544.0064
 1312,  -1262936.8194,   9160634.4227,   9586323.5834,  -5055.9607,   2189.4324,   4542.3887
 1313,  -1267992.6736,   9162823.0827,   9590865.1638,  -5055.7474,   2187.8879,   4540.7723
 1314,  -1273048.3140,   9165010.1990,   9595405.1282,  -5055.5335,   2186.3448,   4539.1569
 1315,  -1278103.7403,   9167195.7729,   9599943.4780,  -5055.3189,   2184.8032,   4537.5427
 1316,  -1283158.9517,   9169379.8060,   9604480.2141,  -5055.1038,   2183.2631,   4535.9297
 1317,  -1288213.9477,   9171562.2996,   9609015.3378,  -5054.8881,   2181.7244,   4534.3178
 1318,  -1293268.7277,   9173743.2552,   9613548.8501,  -5054.6718,   2180.1872,   4532.7070
 1319,  -1298323.2911,   9175922.6744,   9618080.7522,  -5054.4549,   2178.6514,   4531.0974
 1320,  -1303377.6372,   9178100.5584,   9622611.0453,  -5054.2374,   2177.1170,   4529.4890
 1321,  -1308431.7656,   9180276.9089,   9627139.7305,  -5054.0193,   2175.5841,   4527.8816
 1322,  -1313485.6756,   9182451.7271,   9631666.8090,  -5053.8006,   2174.0526,   4526.2754
 1323,  -1318539.3666,   9184625.0146,   9636192.2818,  -5053.5814,   2172.5226,   4524.6704
 1324,  -1323592.8381,   9186796.7728,   9640716.1501,  -5053.3615,   2170.9940,   4523.0664
 1325,  -1328646.0895,   9188967.0032,   9645238.4150,  -5053.1411,   2169.4669,   4521.4636
 1326,  -1333699.1201,   9191135.7071,   9649759.0777,  -5052.9201,   2167.9412,   4519.8620
 1327,  -1338751.9295,   9193302.8860,   9654278.1394,  -5052.6985,   2166.4169,   4518.2615
 1328,  -1343804.5170,   9195468.5413,   9658795.6010,  -5052.4764,   2164.8940,   4516.6621
 1329,  -1348856.8821,   9197632.6745,   9663311.4639,  -5052.2536,   2163.3726,   4515.0638
 1330,  -1353909.0241,   9199795.2870,   9667825.7290,  -5052.0303,   2161.8526,   4513.4667
 1331,  -1358960.9426,   9201956.3802,   9672338.3976,  -5051.8065,   2160.3340,   4511.8706
 1332,  -1364012.6369,   9204115.9556,   9676849.4707,  -5051.5820,   2158.8169,   4510.2758
 1333,  -1369064.1064,   9206274.0145,   9681358.9495,  -5051.3570,   2157.3012,   4508.6820
 1334,  -1374115.3507,   9208430.5584,   9685866.8351,  -5051.1314,   2155.7869,   4507.0894
 1335,  -1379166.3691,   9210585.5887,   9690373.1286,  -5050.9053,   2154.2740,   4505.4979
 1336,  -1384217.1611,   9212739.1068,   9694877.8312,  -5050.6786,   2152.7625,   4503.9075
 1337,  -1389267.7260,   9214891.1142,   9699380.9439,  -5050.4513,   2151.2525,   4502.3182
 1338,  -1394318.0635,   9217041.6122,   9703882.4680,  -5050.2235,   2149.7438,   4500.7301
 1339,  -1399368.1728,   9219190.6023,   9708382.4044,  -5049.9951,   2148.2366,   4499.1430
 1340,  -1404418.0534,   9221338.0858,   9712880.7544,  -5049.7661,   2146.7308,   4497.5571
 1341,  -1409467.7048,   9223484.0643,   9717377.5190,  -5049.5366,   2145.2263,   4495.9723
 1342,  -1414517.1265,   9225628.5390,   9721872.6994,  -5049.3065,   2143.7233,   4494.3887
 1343,  -1419566.3177,   9227771.5114,   9726366.2967,  -5049.0759,   2142.2217,   4492.8061
 1344,  -1424615.2781,   9229912.9829,   9730858.3120,  -5048.8448,   2140.7215,   4491.2246
 1345,  -1429664.0071,   9232052.9548,   9735348.7464,  -5048.6130,   2139.2227,   4489.6443
 1346,  -1434712.5040,   9234191.4287,   9739837.6009,  -5048.3808,   2137.7253,   4488.0651
 1347,  -1439760.7684,   9236328.4059,   9744324.8769,  -5048.1479,   2136.2293,   4486.4870
 1348,  -1444808.7997,   9238463.8877,   9748810.5752,  -5047.9146,   2134.7346,   4484.9100
 1349,  -1449856.5974,   9240597.8756,   9753294.6972,  -5047.6807,   2133.2414,   4483.3341
 1350,  -1454904.1609,   9242730.3710,   9757777.2437,  -5047.4462,   2131.7496,   4481.7593
 1351,  -1459951.4897,   9244861.3752,   9762258.2161,  -5047.2112,   2130.2591,   4480.1856
 1352,  -1464998.5832,   9246990.8897,   9766737.6153,  -5046.9757,   2128.7701,   4478.6130
 1353,  -1470045.4409,   9249118.9158,   9771215.4424,  -5046.7396,   2127.2824,   4477.0415
 1354,  -1475092.0622,   9251245.4549,   9775691.6987,  -5046.5030,   2125.7961,   4475.4711
 1355,  -1480138.4467,   9253370.5085,   9780166.3851,  -5046.2659,   2124.3112,   4473.9019
 1356,  -1485184.5938,   9255494.0777,   9784639.5028,  -5046.0282,   2122.8276,   4472.3337
 1357,  -1490230.5029,   9257616.1642,   9789111.0529,  -5045.7900,   2121.3455,   4470.7666
 1358,  -1495276.1736,   9259736.7692,   9793581.0364,  -5045.5512,   2119.8647,   4469.2007
 1359,  -1500321.6053,   9261855.8940,   9798049.4545,  -5045.3120,   2118.3853,   4467.6358
 1360,  -1505366.7974,   9263973.5402,   9802516.3083,  -5045.0722,   2116.9073,   4466.0720
 1361,  -1510411.7494,   9266089.7090,   9806981.5989,  -5044.8318,   2115.4306,   4464.5093
 1362,  -1515456.4609,   9268204.4018,   9811445.3274,  -5044.5910,   2113.9553,   4462.9477
 1363,  -1520500.9312,   9270317.6201,   9815907.4947,  -5044.3496,   2112.4814,   4461.3872
 1364,  -1525545.1599,   9272429.3650,   9820368.1022,  -5044.1077,   2111.0088,   4459.8278
 1365,  -1530589.1465,   9274539.6381,   9824827.1508,  -5043.8653,   2109.5376,   4458.2695
 1366,  -1535632.8903,   9276648.4407,   9829284.6416,  -5043.6223,   2108.0678,   4456.7123
 1367,  -1540676.3910,   9278755.7741,   9833740.5757,  -5043.3789,   2106.5993,   4455.1562
 1368,  -1545719.6479,   9280861.6397,   9838194.9542,  -5043.1349,   2105.1322,   4453.6011
 1369,  -1550762.6606,   9282966.0389,   9842647.7783,  -5042.8904,   2103.6664,   4452.0471
 1370,  -1555805.4286,   9285068.9730,   9847099.0489,  -5042.6454,   2102.2020,   4450.4943
 1371,  -1560847.9513,   9287170.4433,   9851548.7672,  -5042.3999,   2100.7389,   4448.9425
 1372,  -1565890.2282,   9289270.4513,   9855996.9342,  -5042.1539,   2099.2772,   4447.3918
 1373,  -1570932.2588,   9291368.9983,   9860443.5511,  -5041.9073,   2097.8169,   4445.8421
 1374,  -1575974.0427,   9293466.0855,   9864888.6189,  -5041.6603,   2096.3579,   4444.2936
 1375,  -1581015.5792,   9295561.7145,   9869332.1386,  -5041.4127,   2094.9002,   4442.7461
 1376,  -1586056.8680,   9297655.8864,   9873774.1115,  -5041.1647,   2093.4439,   4441.1998
 1377,  -1591097.9084,   9299748.6027,   9878214.5385,  -5040.9161,   2091.9889,   4439.6545
 1378,  -1596138.7000,   9301839.8647,   9882653.4208,  -5040.6670,   2090.5353,   4438.1102
 1379,  -1601179.2422,   9303929.6737,   9887090.7593,  -5040.4175,   2089.0830,   4436.5671
 1380,  -1606219.5347,   9306018.0311,   9891526.5553,  -5040.1674,   2087.6320,   4435.0250
 1381,  -1611259.5768,   9308104.9382,   9895960.8097,  -5039.9168,   2086.1824,   4433.4840
 1382,  -1616299.3682,   9310190.3964,   9900393.5236,  -5039.6657,   2084.7341,   4431.9441
 1383,  -1621338.9082,   9312274.4069,   9904824.6982,  -5039.4142,   2083.2872,   4430.4052
 1384,  -1626378.1964,   9314356.9711,   9909254.3344,  -5039.1621,   2081.8415,   4428.8674
 1385,  -1631417.2323,   9316438.0904,   9913682.4334,  -5038.9096,   2080.3972,   4427.3307
 1386,  -1636456.0153,   9318517.7660,   9918108.9962,  -5038.6565,   2078.9543,   4425.7951
 1387,  -1641494.5452,   9320595.9994,   9922534.0239,  -5038.4030,   2077.5126,   4424.2605
 1388,  -1646532.8212,   9322672.7917,   9926957.5175,  -5038.1490,   2076.0723,   4422.7270
 1389,  -1651570.8429,   9324748.1444,   9931379.4782,  -5037.8945,   2074.6333,   4421.1945
 1390,  -1656608.6099,   9326822.0588,   9935799.9070,  -5037.6395,   2073.1956,   4419.6632
 1391,  -1661646.1217,   9328894.5361,   9940218.8049,  -5037.3840,   2071.7593,   4418.1328
 1392,  -1666683.3777,   9330965.5777,   9944636.1730,  -5037.1280,   2070.3242,   4416.6036
 1393,  -1671720.3776,   9333035.1849,   9949052.0124,  -5036.8716,   2068.8905,   4415.0754
 1394,  -1676757.1207,   9335103.3591,   9953466.3241,  -5036.6146,   2067.4581,   4413.5483
 1395,  -1681793.6067,   9337170.1015,   9957879.1093,  -5036.3572,   2066.0270,   4412.0222
 1396,  -1686829.8350,   9339235.4134,   9962290.3688,  -5036.0993,   2064.5972,   4410.4972
 1397,  -1691865.8052,   9341299.2963,   9966700.1040,  -5035.8410,   2063.1687,   4408.9732
 1398,  -1696901.5168,   9343361.7512,   9971108.3156,  -5035.5821,   2061.7415,   4407.4503
 1399,  -1701936.9693,   9345422.7797,   9975515.0049,  -5035.3228,   2060.3156,   4405.9285
 1400,  -1706972.1623,   9347482.3829,   9979920.1729,  -5035.0630,   2058.8910,   4404.4077
 1401,  -1712007.0952,   9349540.5622,   9984323.8206,  -5034.8028,   2057.4678,   4402.8879
 1402,  -1717041.7676,   9351597.3189,   9988725.9492,  -5034.5420,   2056.0458,   4401.3693
 1403,  -1722076.1791,   9353652.6542,   9993126.5595,  -5034.2808,   2054.6251,   4399.8516
 1404,  -1727110.3291,   9355706.5695,   9997525.6528,  -5034.0192,   2053.2057,   4398.3350
 1405,  -1732144.2172,   9357759.0661,  10001923.2300,  -5033.7570,   2051.7877,   4396.8195
 1406,  -1737177.8430,   9359810.1453,  10006319.2922,  -5033.4944,   2050.3709,   4395.3050
 1407,  -1742211.2059,   9361859.8083,  10010713.8404,  -5033.2313,   2048.9554,   4393.7916
 1408,  -1747244.3055,   9363908.0565,  10015106.8757,  -5032.9678,   2047.5412,   4392.2792
 1409,  -1752277.1414,   9365954.8911,  10019498.3991,  -5032.7038,   2046.1283,   4390.7679
 1410,  -1757309.7130,   9368000.3134,  10023888.4118,  -5032.4394,   2044.7166,   4389.2576
 1411,  -1762342.0199,   9370044.3248,  10028276.9146,  -5032.1745,   2043.3063,   4387.7483
 1412,  -1767374.0617,   9372086.9264,  10032663.9087,  -5031.9091,   2041.8972,   4386.2401
 1413,  -1772405.8380,   9374128.1196,  10037049.3951,  -5031.6433,   2040.4894,   4384.7329
 1414,  -1777437.3481,   9376167.9057,  10041433.3749,  -5031.3770,   2039.0829,   4383.2268
 1415,  -1782468.5918,   9378206.2859,  10045815.8490,  -5031.1102,   2037.6777,   4381.7217
 1416,  -1787499.5684,   9380243.2615,  10050196.8186,  -5030.8431,   2036.2737,   4380.2176
 1417,  -1792530.2777,   9382278.8338,  10054576.2846,  -5030.5754,   2034.8711,   4378.7146
 1418,  -1797560.7191,   9384313.0040,  10058954.2482,  -5030.3073,   2033.4697,   4377.2126
 1419,  -1802590.8922,   9386345.7736,  10063330.7102,  -5030.0388,   2032.0695,   4375.7117
 1420,  -1807620.7965,   9388377.1436,  10067705.6719,  -5029.7698,   2030.6707,   4374.2118
 1421,  -1812650.4316,   9390407.1154,  10072079.1341,  -5029.5004,   2029.2731,   4372.7129
 1422,  -1817679.7971,   9392435.6902,  10076451.0980,  -5029.2305,   2027.8768,   4371.2150
 1423,  -1822708.8924,   9394462.8693,  10080821.5645,  -5028.9602,   2026.4817,   4369.7182
 1424,  -1827737.7172,   9396488.6540,  10085190.5348,  -5028.6894,   2025.0879,   4368.2224
 1425,  -1832766.2711,   9398513.0456,  10089558.0097,  -5028.4182,   2023.6954,   4366.7277
 1426,  -1837794.5534,   9400536.0453,  10093923.9905,  -5028.1465,   2022.3041,   4365.2339
 1427,  -1842822.5640,   9402557.6543,  10098288.4780,  -5027.8744,   2020.9141,   4363.7412
 1428,  -1847850.3022,   9404577.8739,  10102651.4733,  -5027.6019,   2019.5254,   4362.2496
 1429,  -1852877.7677,   9406596.7054,  10107012.9775,  -5027.3290,   2018.1379,   4360.7589
 1430,  -1857904.9599,   9408614.1500,  10111372.9915,  -5027.0556,   2016.7516,   4359.2693
 1431,  -1862931.8786,   9410630.2090,  10115731.5164,  -5026.7817,   2015.3666,   4357.7807
 1432,  -1867958.5232,   9412644.8837,  10120088.5532,  -5026.5075,   2013.9829,   4356.2931
 1433,  -1872984.8934,   9414658.1752,  10124444.1030,  -5026.2328,   2012.6004,   4354.8066
 1434,  -1878010.9886,   9416670.0849,  10128798.1667,  -5025.9576,   2011.2191,   4353.3210
 1435,  -1883036.8085,   9418680.6139,  10133150.7453,  -5025.6821,   2009.8391,   4351.8365
 1436,  -1888062.3526,   9420689.7636,  10137501.8400,  -5025.4061,   2008.4604,   4350.3530
 1437,  -1893087.6205,   9422697.5351,  10141851.4516,  -5025.1297,   2007.0829,   4348.8705
 1438,  -1898112.6118,   9424703.9297,  10146199.5813,  -5024.8528,   2005.7066,   4347.3890
 1439,  -1903137.3260,   9426708.9487,  10150546.2300,  -5024.5756,   2004.3316,   4345.9086
 1440,  -1908161.7628,   9428712.5933,  10154891.3988,  -5024.2979,   2002.9578,   4344.4291
 1441,  -1913185.9216,   9430714.8647,  10159235.0887,  -5024.0198,   2001.5852,   4342.9507
 1442,  -1918209.8022,   9432715.7642,  10163577.3006,  -5023.7412,   2000.2139,   4341.4733
 1443,  -1923233.4040,   9434715.2930,  10167918.0356,  -5023.4623,   1998.8438,   4339.9969
 1444,  -1928256.7266,   9436713.4523,  10172257.2947,  -5023.1829,   1997.4750,   4338.5215
 1445,  -1933279.7696,   9438710.2433,  10176595.0790,  -5022.9031,   1996.1073,   4337.0471
 1446,  -1938302.5327,   9440705.6673,  10180931.3893,  -5022.6229,   1994.7409,   4335.5738
 1447,  -1943325.0153,   9442699.7256,  10185266.2268,  -5022.3423,   1993.3758,   4334.1014
 1448,  -1948347.2171,   9444692.4193,  10189599.5924,  -5022.0613,   1992.0118,   4332.6300
 1449,  -1953369.1377,   9446683.7497,  10193931.4872,  -5021.7798,   1990.6491,   4331.1597
 1450,  -1958390.7766,   9448673.7180,  10198261.9121,  -5021.4980,   1989.2876,   4329.6903
 1451,  -1963412.1335,   9450662.3253,  10202590.8682,  -5021.2157,   1987.9273,   4328.2220
 1452,  -1968433.2078,   9452649.5731,  10206918.3564,  -5020.9330,   1986.5683,   4326.7546
 1453,  -1973453.9993,   9454635.4623,  10211244.3778,  -5020.6499,   1985.2105,   4325.2883
 1454,  -1978474.5075,   9456619.9944,  10215568.9333,  -5020.3664,   1983.8538,   4323.8229
 1455,  -1983494.7320,   9458603.1704,  10219892.0240,  -5020.0825,   1982.4984,   4322.3586
 1456,  -1988514.6724,   9460584.9916,  10224213.6509,  -5019.7982,   1981.1442,   4320.8953
 1457,  -1993534.3283,   9462565.4593,  10228533.8149,  -5019.5135,   1979.7912,   4319.4329
 1458,  -1998553.6993,   9464544.5745,  10232852.5170,  -5019.2284,   1978.4395,   4317.9716
 1459,  -2003572.7849,   9466522.3386,  10237169.7583,  -5018.9429,   1977.0889,   4316.5112
 1460,  -2008591.5849,   9468498.7528,  10241485.5398,  -5018.6569,   1975.7396,   4315.0519
 1461,  -2013610.0987,   9470473.8181,  10245799.8624,  -5018.3706,   1974.3914,   4313.5935
 1462,  -2018628.3260,   9472447.5360,  10250112.7271,  -5018.0839,   1973.0445,   4312.1361
 1463,  -2023646.2664,   9474419.9075,  10254424.1349,  -5017.7968,   1971.6987,   4310.6797
 1464,  -2028663.9195,   9476390.9338,  10258734.0869,  -5017.5093,   1970.3542,   4309.2243
 1465,  -2033681.2848,   9478360.6162,  10263042.5840,  -5017.2214,   1969.0108,   4307.7699
 1466,  -2038698.3621,   9480328.9559,  10267349.6271,  -5016.9331,   1967.6687,   4306.3165
 1467,  -2043715.1509,   9482295.9540,  10271655.2174,  -5016.6444,   1966.3277,   4304.8641
 1468,  -2048731.6508,   9484261.6118,  10275959.3557,  -5016.3553,   1964.9880,   4303.4127
 1469,  -2053747.8614,   9486225.9304,  10280262.0431,  -5016.0659,   1963.6494,   4301.9622
 1470,  -2058763.7824,   9488188.9110,  10284563.2805,  -5015.7760,   1962.3121,   4300.5128
 1471,  -2063779.4133,   9490150.5549,  10288863.0689,  -5015.4857,   1960.9759,   4299.0643
 1472,  -2068794.7538,   9492110.8632,  10293161.4094,  -5015.1951,   1959.6409,   4297.6168
 1473,  -2073809.8034,   9494069.8371,  10297458.3028,  -5014.9041,   1958.3071,   4296.1703
 1474,  -2078824.5618,   9496027.4778,  10301753.7503,  -5014.6127,   1956.9745,   4294.7247
 1475,  -2083839.0286,   9497983.7865,  10306047.7527,  -5014.3209,   1955.6431,   4293.2802
 1476,  -2088853.2035,   9499938.7643,  10310340.3110,  -5014.0287,   1954.3128,   4291.8366
 1477,  -2093867.0859,   9501892.4125,  10314631.4262,  -5013.7362,   1952.9837,   4290.3940
 1478,  -2098880.6757,   9503844.7322,  10318921.0994,  -5013.4432,   1951.6559,   4288.9524
 1479,  -2103893.9723,   9505795.7246,  10323209.3314,  -5013.1499,   1950.3292,   4287.5118
 1480,  -2108906.9753,   9507745.3909,  10327496.1232,  -5012.8562,   1949.0036,   4286.0721
 1481,  -2113919.6845,   9509693.7322,  10331781.4759,  -5012.5621,   1947.6793,   4284.6334
 1482,  -2118932.0995,   9511640.7498,  10336065.3904,  -5012.2677,   1946.3561,   4283.1957
 1483,  -2123944.2198,   9513586.4448,  10340347.8676,  -5011.9729,   1945.0341,   4281.7590
 1484,  -2128956.0451,   9515530.8184,  10344628.9086,  -5011.6777,   1943.7132,   4280.3232
 1485,  -2133967.5750,   9517473.8717,  10348908.5143,  -5011.3821,   1942.3936,   4278.8884
 1486,  -2138978.8091,   9519415.6059,  10353186.6857,  -5011.0861,   1941.0751,   4277.4546
 1487,  -2143989.7472,   9521356.0222,  10357463.4238,  -5010.7898,   1939.7578,   4276.0217
 1488,  -2149000.3887,   9523295.1218,  10361738.7295,  -5010.4931,   1938.4416,   4274.5898
 1489,  -2154010.7333,   9525232.9058,  10366012.6037,  -5010.1961,   1937.1266,   4273.1589
 1490,  -2159020.7807,   9527169.3754,  10370285.0475,  -5009.8987,   1935.8127,   4271.7289
 1491,  -2164030.5305,   9529104.5317,  10374556.0619,  -5009.6009,   1934.5001,   4270.2999
 1492,  -2169039.9824,   9531038.3759,  10378825.6477,  -5009.3027,   1933.1885,   4268.8719
 1493,  -2174049.1358,   9532970.9092,  10383093.8060,  -5009.0042,   1931.8782,   4267.4448
 1494,  -2179057.9906,   9534902.1326,  10387360.5377,  -5008.7053,   1930.5690,   4266.0187
 1495,  -2184066.5463,   9536832.0475,  10391625.8438,  -5008.4061,   1929.2609,   4264.5936
 1496,  -2189074.8026,   9538760.6549,  10395889.7252,  -5008.1065,   1927.9540,   4263.1694
 1497,  -2194082.7591,   9540687.9560,  10400152.1829,  -5007.8065,   1926.6483,   4261.7462
 1498,  -2199090.4155,   9542613.9519,  10404413.2178,  -5007.5062,   1925.3437,   4260.3239
 1499,  -2204097.7713,   9544538.6438,  10408672.8310,  -5007.2055,   1924.0403,   4258.9026
 1500,  -2209104.8263,   9546462.0328,  10412931.0234,  -5006.9044,   1922.7380,   4257.4823
 1501,  -2214111.5800,   9548384.1201,  10417187.7959,  -5006.6030,   1921.4368,   4256.0629
 1502,  -2219118.0322,   9550304.9068,  10421443.1495,  -5006.3013,   1920.1368,   4254.6444
 1503,  -2224124.1824,   9552224.3941,  10425697.0851,  -5005.9991,   1918.8380,   4253.2270
 1504,  -2229130.0303,   9554142.5831,  10429949.6037,  -5005.6967,   1917.5402,   4251.8104
 1505,  -2234135.5756,   9556059.4749,  10434200.7062,  -5005.3938,   1916.2437,   4250.3948
 1506,  -2239140.8179,   9557975.0708,  10438450.3937,  -5005.0907,   1914.9482,   4248.9802
 1507,  -2244145.7569,   9559889.3718,  10442698.6670,  -5004.7872,   1913.6539,   4247.5665
 1508,  -2249150.3921,   9561802.3790,  10446945.5271,  -5004.4833,   1912.3608,   4246.1538
 1509,  -2254154.7233,   9563714.0937,  10451190.9750,  -5004.1791,   1911.0687,   4244.7420
 1510,  -2259158.7501,   9565624.5169,  10455435.0115,  -5003.8745,   1909.7778,   4243.3312
 1511,  -2264162.4722,   9567533.6497,  10459677.6377,  -5003.5696,   1908.4881,   4241.9213
 1512,  -2269165.8892,   9569441.4934,  10463918.8545,  -5003.2643,   1907.1995,   4240.5124
 1513,  -2274169.0007,   9571348.0490,  10468158.6628,  -5002.9587,   1905.9120,   4239.1044
 1514,  -2279171.8065,   9573253.3177,  10472397.0636,  -5002.6528,   1904.6256,   4237.6974
 1515,  -2284174.3061,   9575157.3006,  10476634.0578,  -5002.3465,   1903.3403,   4236.2913
 1516,  -2289176.4993,   9577059.9987,  10480869.6464,  -5002.0398,   1902.0562,   4234.8861
 1517,  -2294178.3856,   9578961.4133,  10485103.8303,  -5001.7329,   1900.7732,   4233.4819
 1518,  -2299179.9649,   9580861.5455,  10489336.6105,  -5001.4255,   1899.4913,   4232.0786
 1519,  -2304181.2366,   9582760.3964,  10493567.9878,  -5001.1179,   1898.2106,   4230.6762
 1520,  -2309182.2005,   9584657.9671,  10497797.9633,  -5000.8099,   1896.9310,   4229.2748
 1521,  -2314182.8563,   9586554.2587,  10502026.5378,  -5000.5016,   1895.6524,   4227.8744
 1522,  -2319183.2035,   9588449.2723,  10506253.7124,  -5000.1929,   1894.3750,   4226.4749
 1523,  -2324183.2420,   9590343.0091,  10510479.4878,  -4999.8839,   1893.0988,   4225.0763
 1524,  -2329182.9712,   9592235.4702,  10514703.8652,  -4999.5746,   1891.8236,   4223.6786
 1525,  -2334182.3910,   9594126.6567,  10518926.8454,  -4999.2649,   1890.5495,   4222.2819
 1526,  -2339181.5009,   9596016.5696,  10523148.4293,  -4998.9549,   1889.2766,   4220.8861
 1527,  -2344180.3007,   9597905.2102,  10527368.6179,  -4998.6446,   1888.0048,   4219.4912
 1528,  -2349178.7899,   9599792.5795,  10531587.4121,  -4998.3339,   1886.7340,   4218.0973
 1529,  -2354176.9684,   9601678.6786,  10535804.8128,  -4998.0229,   1885.4644,   4216.7043
 1530,  -2359174.8356,   9603563.5087,  10540020.8210,  -4997.7116,   1884.1959,   4215.3123
 1531,  -2364172.3915,   9605447.0708,  10544235.4376,  -4997.4000,   1882.9285,   4213.9211
 1532,  -2369169.6354,   9607329.3660,  10548448.6636,  -4997.0880,   1881.6622,   4212.5309
 1533,  -2374166.5673,   9609210.3955,  10552660.4997,  -4996.7757,   1880.3970,   4211.1416
 1534,  -2379163.1867,   9611090.1604,  10556870.9471,  -4996.4631,   1879.1329,   4209.7533
 1535,  -2384159.4933,   9612968.6616,  10561080.0066,  -4996.1501,   1877.8699,   4208.3658
 1536,  -2389155.4868,   9614845.9005,  10565287.6791,  -4995.8368,   1876.6080,   4206.9793
 1537,  -2394151.1669,   9616721.8779,  10569493.9656,  -4995.5233,   1875.3472,   4205.5937
 1538,  -2399146.5332,   9618596.5951,  10573698.8669,  -4995.2093,   1874.0874,   4204.2091
 1539,  -2404141.5855,   9620470.0532,  10577902.3841,  -4994.8951,   1872.8288,   4202.8253
 1540,  -2409136.3233,   9622342.2531,  10582104.5179,  -4994.5806,   1871.5713,   4201.4425
 1541,  -2414130.7465,   9624213.1961,  10586305.2694,  -4994.2657,   1870.3149,   4200.0606
 1542,  -2419124.8546,   9626082.8832,  10590504.6395,  -4993.9505,   1869.0595,   4198.6797
 1543,  -2424118.6474,   9627951.3155,  10594702.6290,  -4993.6350,   1867.8052,   4197.2996
 1544,  -2429112.1245,   9629818.4941,  10598899.2390,  -4993.3192,   1866.5521,   4195.9204
 1545,  -2434105.2857,   9631684.4200,  10603094.4702,  -4993.0031,   1865.3000,   4194.5422
 1546,  -2439098.1305,   9633549.0944,  10607288.3237,  -4992.6866,   1864.0490,   4193.1649
 1547,  -2444090.6588,   9635412.5183,  10611480.8003,  -4992.3699,   1862.7991,   4191.7885
 1548,  -2449082.8701,   9637274.6929,  10615671.9010,  -4992.0528,   1861.5502,   4190.4130
 1549,  -2454074.7642,   9639135.6191,  10619861.6267,  -4991.7354,   1860.3025,   4189.0384
 1550,  -2459066.3408,   9640995.2982,  10624049.9782,  -4991.4177,   1859.0558,   4187.6648
 1551,  -2464057.5996,   9642853.7311,  10628236.9566,  -4991.0997,   1857.8102,   4186.2920
 1552,  -2469048.5401,   9644710.9189,  10632422.5626,  -4990.7814,   1856.5657,   4184.9202
 1553,  -2474039.1623,   9646566.8627,  10636606.7973,  -4990.4628,   1855.3222,   4183.5493
 1554,  -2479029.4656,   9648421.5637,  10640789.6615,  -4990.1439,   1854.0798,   4182.1792
 1555,  -2484019.4499,   9650275.0228,  10644971.1561,  -4989.8246,   1852.8385,   4180.8101
 1556,  -2489009.1148,   9652127.2411,  10649151.2820,  -4989.5051,   1851.5983,   4179.4419
 1557,  -2493998.4600,   9653978.2197,  10653330.0402,  -4989.1853,   1850.3591,   4178.0746
 1558,  -2498987.4853,   9655827.9597,  10657507.4316,  -4988.8651,   1849.1210,   4176.7082
 1559,  -2503976.1902,   9657676.4621,  10661683.4570,  -4988.5447,   1847.8840,   4175.3427
 1560,  -2508964.5746,   9659523.7280,  10665858.1174,  -4988.2240,   1846.6480,   4173.9781
 1561,  -2513952.6380,   9661369.7585,  10670031.4136,  -4987.9029,   1845.4131,   4172.6145
 1562,  -2518940.3803,   9663214.5547,  10674203.3466,  -4987.5816,   1844.1793,   4171.2517
 1563,  -2523927.8011,   9665058.1175,  10678373.9172,  -4987.2599,   1842.9465,   4169.8898
 1564,  -2528914.9001,   9666900.4481,  10682543.1264,  -4986.9380,   1841.7148,   4168.5288
 1565,  -2533901.6770,   9668741.5475,  10686710.9751,  -4986.6158,   1840.4842,   4167.1687
 1566,  -2538888.1315,   9670581.4168,  10690877.4642,  -4986.2932,   1839.2546,   4165.8095
 1567,  -2543874.2634,   9672420.0570,  10695042.5945,  -4985.9704,   1838.0260,   4164.4512
 1568,  -2548860.0723,   9674257.4692,  10699206.3669,  -4985.6473,   1836.7985,   4163.0938
 1569,  -2553845.5579,   9676093.6544,  10703368.7824,  -4985.3239,   1835.5721,   4161.7373
 1570,  -2558830.7199,   9677928.6138,  10707529.8419,  -4985.0002,   1834.3467,   4160.3817
 1571,  -2563815.5582,   9679762.3482,  10711689.5462,  -4984.6762,   1833.1224,   4159.0270
 1572,  -2568800.0722,   9681594.8589,  10715847.8962,  -4984.3519,   1831.8991,   4157.6732
 1573,  -2573784.2619,   9683426.1469,  10720004.8929,  -4984.0273,   1830.6769,   4156.3203
 1574,  -2578768.1268,   9685256.2131,  10724160.5371,  -4983.7025,   1829.4557,   4154.9682
 1575,  -2583751.6667,   9687085.0587,  10728314.8297,  -4983.3773,   1828.2356,   4153.6171
 1576,  -2588734.8813,   9688912.6846,  10732467.7715,  -4983.0519,   1827.0165,   4152.2668
 1577,  -2593717.7704,   9690739.0920,  10736619.3636,  -4982.7262,   1825.7985,   4150.9175
 1578,  -2598700.3336,   9692564.2819,  10740769.6067,  -4982.4001,   1824.5815,   4149.5690
 1579,  -2603682.5706,   9694388.2553,  10744918.5019,  -4982.0738,   1823.3655,   4148.2214
 1580,  -2608664.4811,   9696211.0132,  10749066.0498,  -4981.7473,   1822.1506,   4146.8747
 1581,  -2613646.0650,   9698032.5568,  10753212.2515,  -4981.4204,   1820.9367,   4145.5289
 1582,  -2618627.3218,   9699852.8870,  10757357.1078,  -4981.0933,   1819.7239,   4144.1839
 1583,  -2623608.2514,   9701672.0048,  10761500.6196,  -4980.7658,   1818.5120,   4142.8399
 1584,  -2628588.8534,   9703489.9114,  10765642.7878,  -4980.4381,   1817.3013,   4141.4967
 1585,  -2633569.1276,   9705306.6077,  10769783.6133,  -4980.1101,   1816.0915,   4140.1544
 1586,  -2638549.0736,   9707122.0948,  10773923.0969,  -4979.7819,   1814.8828,   4138.8130
 1587,  -2643528.6912,   9708936.3737,  10778061.2395,  -4979.4533,   1813.6751,   4137.4724
 1588,  -2648507.9801,   9710749.4454,  10782198.0421,  -4979.1245,   1812.4685,   4136.1328
 1589,  -2653486.9401,   9712561.3110,  10786333.5054,  -4978.7954,   1811.2629,   4134.7940
 1590,  -2658465.5708,   9714371.9715,  10790467.6304,  -4978.4660,   1810.0583,   4133.4561
 1591,  -2663443.8721,   9716181.4280,  10794600.4180,  -4978.1364,   1808.8547,   4132.1191
 1592,  -2668421.8435,   9717989.6813,  10798731.8689,  -4977.8065,   1807.6522,   4130.7830
 1593,  -2673399.4849,   9719796.7327,  10802861.9842,  -4977.4763,   1806.4507,   4129.4477
 1594,  -2678376.7959,   9721602.5830,  10806990.7646,  -4977.1458,   1805.2502,   4128.1133
 1595,  -2683353.7764,   9723407.2334,  10811118.2111,  -4976.8150,   1804.0507,   4126.7798
 1596,  -2688330.4259,   9725210.6848,  10815244.3245,  -4976.4840,   1802.8523,   4125.4471
 1597,  -2693306.7444,   9727012.9382,  10819369.1057,  -4976.1528,   1801.6548,   4124.1154
 1598,  -2698282.7314,   9728813.9947,  10823492.5555,  -4975.8212,   1800.4584,   4122.7845
 1599,  -2703258.3867,   9730613.8554,  10827614.6748,  -4975.4894,   1799.2630,   4121.4544
 1600,  -2708233.7100,   9732412.5211,  10831735.4646,  -4975.1573,   1798.0686,   4120.1252
 1601,  -2713208.7012,   9734209.9929,  10835854.9256,  -4974.8249,   1796.8752,   4118.7969
 1602,  -2718183.3599,   9736006.2719,  10839973.0588,  -4974.4923,   1795.6829,   4117.4695
 1603,  -2723157.6858,   9737801.3590,  10844089.8650,  -4974.1594,   1794.4915,   4116.1430
 1604,  -2728131.6787,   9739595.2553,  10848205.3450,  -4973.8263,   1793.3012,   4114.8173
 1605,  -2733105.3383,   9741387.9618,  10852319.4997,  -4973.4929,   1792.1119,   4113.4924
 1606,  -2738078.6643,   9743179.4794,  10856432.3301,  -4973.1592,   1790.9235,   4112.1684
 1607,  -2743051.6566,   9744969.8092,  10860543.8369,  -4972.8253,   1789.7362,   4110.8453
 1608,  -2748024.3148,   9746758.9522,  10864654.0211,  -4972.4911,   1788.5499,   4109.5231
 1609,  -2752996.6386,   9748546.9094,  10868762.8834,  -4972.1566,   1787.3646,   4108.2017
 1610,  -2757968.6279,   9750333.6817,  10872870.4248,  -4971.8219,   1786.1803,   4106.8812
 1611,  -2762940.2823,   9752119.2703,  10876976.6461,  -4971.4869,   1784.9970,   4105.5615
 1612,  -2767911.6017,   9753903.6761,  10881081.5482,  -4971.1517,   1783.8147,   4104.2427
 1613,  -2772882.5856,   9755686.9001,  10885185.1318,  -4970.8162,   1782.6334,   4102.9248
 1614,  -2777853.2339,   9757468.9432,  10889287.3980,  -4970.4804,   1781.4531,   4101.6077
 1615,  -2782823.5464,   9759249.8066,  10893388.3475,  -4970.1444,   1780.2738,   4100.2915
 1616,  -2787793.5227,   9761029.4911,  10897487.9812,  -4969.8082,   1779.0955,   4098.9761
 1617,  -2792763.1626,   9762807.9979,  10901586.3000,  -4969.4716,   1777.9182,   4097.6616
 1618,  -2797732.4659,   9764585.3278,  10905683.3047,  -4969.1349,   1776.7418,   4096.3479
 1619,  -2802701.4323,   9766361.4819,  10909778.9961,  -4968.7979,   1775.5665,   4095.0351
 1620,  -2807670.0615,   9768136.4611,  10913873.3752,  -4968.4606,   1774.3922,   4093.7231
 1621,  -2812638.3534,   9769910.2665,  10917966.4427,  -4968.1231,   1773.2188,   4092.4120
 1622,  -2817606.3076,   9771682.8991,  10922058.1995,  -4967.7853,   1772.0464,   4091.1018
 1623,  -2822573.9238,   9773454.3597,  10926148.6465,  -4967.4472,   1770.8751,   4089.7924
 1624,  -2827541.2020,   9775224.6495,  10930237.7846,  -4967.1090,   1769.7047,   4088.4838
 1625,  -2832508.1417,   9776993.7694,  10934325.6145,  -4966.7704,   1768.5353,   4087.1761
 1626,  -2837474.7428,   9778761.7204,  10938412.1371,  -4966.4317,   1767.3668,   4085.8693
 1627,  -2842441.0050,   9780528.5034,  10942497.3533,  -4966.0927,   1766.1994,   4084.5632
 1628,  -2847406.9280,   9782294.1195,  10946581.2639,  -4965.7534,   1765.0329,   4083.2581
 1629,  -2852372.5117,   9784058.5696,  10950663.8697,  -4965.4139,   1763.8675,   4081.9538
 1630,  -2857337.7557,   9785821.8547,  10954745.1716,  -4965.0741,   1762.7030,   4080.6503
 1631,  -2862302.6598,   9787583.9759,  10958825.1705,  -4964.7341,   1761.5394,   4079.3476
 1632,  -2867267.2239,   9789344.9339,  10962903.8672,  -4964.3939,   1760.3769,   4078.0459
 1633,  -2872231.4475,   9791104.7300,  10966981.2625,  -4964.0534,   1759.2153,   4076.7449
 1634,  -2877195.3306,   9792863.3649,  10971057.3573,  -4963.7127,   1758.0547,   4075.4448
 1635,  -2882158.8728,   9794620.8397,  10975132.1524,  -4963.3717,   1756.8951,   4074.1455
 1636,  -2887122.0739,   9796377.1554,  10979205.6487,  -4963.0305,   1755.7364,   4072.8471
 1637,  -2892084.9337,   9798132.3129,  10983277.8469,  -4962.6891,   1754.5788,   4071.5495
 1638,  -2897047.4519,   9799886.3132,  10987348.7480,  -4962.3474,   1753.4220,   4070.2528
 1639,  -2902009.6284,   9801639.1573,  10991418.3528,  -4962.0054,   1752.2663,   4068.9569
 1640,  -2906971.4628,   9803390.8462,  10995486.6620,  -4961.6633,   1751.1115,   4067.6618
 1641,  -2911932.9549,   9805141.3807,  10999553.6766,  -4961.3209,   1749.9577,   4066.3676
 1642,  -2916894.1044,   9806890.7619,  11003619.3974,  -4960.9783,   1748.8049,   4065.0741
 1643,  -2921854.9113,   9808638.9907,  11007683.8252,  -4960.6354,   1747.6530,   4063.7816
 1644,  -2926815.3751,   9810386.0682,  11011746.9608,  -4960.2923,   1746.5021,   4062.4898
 1645,  -2931775.4958,   9812131.9952,  11015808.8051,  -4959.9489,   1745.3521,   4061.1989
 1646,  -2936735.2729,   9813876.7727,  11019869.3590,  -4959.6054,   1744.2031,   4059.9089
 1647,  -2941694.7064,   9815620.4017,  11023928.6231,  -4959.2616,   1743.0551,   4058.6196
 1648,  -2946653.7960,   9817362.8832,  11027986.5985,  -4958.9175,   1741.9080,   4057.3312
 1649,  -2951612.5414,   9819104.2180,  11032043.2858,  -4958.5733,   1740.7619,   4056.0436
 1650,  -2956570.9425,   9820844.4072,  11036098.6860,  -4958.2288,   1739.6167,   4054.7569
 1651,  -2961528.9989,   9822583.4517,  11040152.7999,  -4957.8840,   1738.4725,   4053.4710
 1652,  -2966486.7105,   9824321.3524,  11044205.6282,  -4957.5391,   1737.3292,   4052.1859
 1653,  -2971444.0770,   9826058.1104,  11048257.1719,  -4957.1939,   1736.1869,   4050.9016
 1654,  -2976401.0982,   9827793.7266,  11052307.4317,  -4956.8485,   1735.0455,   4049.6181
 1655,  -2981357.7739,   9829528.2018,  11056356.4084,  -4956.5029,   1733.9051,   4048.3355
 1656,  -2986314.1039,   9831261.5371,  11060404.1030,  -4956.1570,   1732.7657,   4047.0537
 1657,  -2991270.0879,   9832993.7335,  11064450.5161,  -4955.8109,   1731.6272,   4045.7727
 1658,  -2996225.7257,   9834724.7918,  11068495.6487,  -4955.4646,   1730.4896,   4044.4926
 1659,  -3001181.0170,   9836454.7130,  11072539.5016,  -4955.1181,   1729.3530,   4043.2133
 1660,  -3006135.9617,   9838183.4981,  11076582.0755,  -4954.7713,   1728.2173,   4041.9347
 1661,  -3011090.5596,   9839911.1479,  11080623.3713,  -4954.4243,   1727.0826,   4040.6571
 1662,  -3016044.8103,   9841637.6635,  11084663.3899,  -4954.0771,   1725.9488,   4039.3802
 1663,  -3020998.7138,   9843363.0458,  11088702.1320,  -4953.7297,   1724.8159,   4038.1041
 1664,  -3025952.2696,   9845087.2957,  11092739.5984,  -4953.3821,   1723.6840,   4036.8289
 1665,  -3030905.4778,   9846810.4141,  11096775.7901,  -4953.0342,   1722.5530,   4035.5545
 1666,  -3035858.3380,   9848532.4021,  11100810.7077,  -4952.6861,   1721.4230,   4034.2809
 1667,  -3040810.8499,   9850253.2605,  11104844.3521,  -4952.3378,   1720.2939,   4033.0081
 1668,  -3045763.0135,   9851972.9902,  11108876.7242,  -4951.9893,   1719.1658,   4031.7361
 1669,  -3050714.8284,   9853691.5923,  11112907.8246,  -4951.6405,   1718.0385,   4030.4650
 1670,  -3055666.2945,   9855409.0676,  11116937.6544,  -4951.2916,   1716.9122,   4029.1946
 1671,  -3060617.4115,   9857125.4171,  11120966.2142,  -4950.9424,   1715.7869,   4027.9251
 1672,  -3065568.1793,   9858840.6417,  11124993.5048,  -4950.5930,   1714.6624,   4026.6564
 1673,  -3070518.5975,   9860554.7423,  11129019.5272,  -4950.2434,   1713.5389,   4025.3885
 1674,  -3075468.6661,   9862267.7199,  11133044.2820,  -4949.8936,   1712.4164,   4024.1214
 1675,  -3080418.3847,   9863979.5753,  11137067.7702,  -4949.5436,   1711.2947,   4022.8551
 1676,  -3085367.7532,   9865690.3096,  11141089.9924,  -4949.1934,   1710.1740,   4021.5896
 1677,  -3090316.7713,   9867399.9236,  11145110.9496,  -4948.8429,   1709.0542,   4020.3249
 1678,  -3095265.4389,   9869108.4183,  11149130.6425,  -4948.4922,   1707.9353,   4019.0610
 1679,  -3100213.7557,   9870815.7946,  11153149.0720,  -4948.1414,   1706.8174,   4017.7980
 1680,  -3105161.7216,   9872522.0534,  11157166.2388,  -4947.7903,   1705.7004,   4016.5357
 1681,  -3110109.3362,   9874227.1957,  11161182.1437,  -4947.4390,   1704.5843,   4015.2743
 1682,  -3115056.5995,   9875931.2223,  11165196.7876,  -4947.0875,   1703.4691,   4014.0136
 1683,  -3120003.5112,   9877634.1342,  11169210.1713,  -4946.7358,   1702.3548,   4012.7538
 1684,  -3124950.0710,   9879335.9322,  11173222.2955,  -4946.3839,   1701.2415,   4011.4947
 1685,  -3129896.2788,   9881036.6174,  11177233.1610,  -4946.0317,   1700.1290,   4010.2365
 1686,  -3134842.1344,   9882736.1907,  11181242.7687,  -4945.6794,   1699.0175,   4008.9791
 1687,  -3139787.6376,   9884434.6528,  11185251.1194,  -4945.3269,   1697.9069,   4007.7224
 1688,  -3144732.7881,   9886132.0048,  11189258.2139,  -4944.9741,   1696.7973,   4006.4666
 1689,  -3149677.5858,   9887828.2476,  11193264.0529,  -4944.6212,   1695.6885,   4005.2115
 1690,  -3154622.0304,   9889523.3821,  11197268.6372,  -4944.2681,   1694.5806,   4003.9573
 1691,  -3159566.1218,   9891217.4092,  11201271.9677,  -4943.9147,   1693.4737,   4002.7039
 1692,  -3164509.8598,   9892910.3297,  11205274.0452,  -4943.5612,   1692.3676,   4001.4512
 1693,  -3169453.2441,   9894602.1447,  11209274.8704,  -4943.2074,   1691.2625,   4000.1994
 1694,  -3174396.2745,   9896292.8550,  11213274.4442,  -4942.8534,   1690.1583,   3998.9483
 1695,  -3179338.9509,   9897982.4615,  11217272.7673,  -4942.4993,   1689.0549,   3997.6980
 1696,  -3184281.2730,   9899670.9652,  11221269.8405,  -4942.1449,   1687.9525,   3996.4486
 1697,  -3189223.2407,   9901358.3669,  11225265.6646,  -4941.7904,   1686.8510,   3995.1999
 1698,  -3194164.8538,   9903044.6675,  11229260.2405,  -4941.4356,   1685.7504,   3993.9520
 1699,  -3199106.1119,   9904729.8680,  11233253.5689,  -4941.0807,   1684.6507,   3992.7049
 1700,  -3204047.0151,   9906413.9692,  11237245.6505,  -4940.7255,   1683.5519,   3991.4586
 1701,  -3208987.5630,   9908096.9720,  11241236.4863,  -4940.3702,   1682.4540,   3990.2131
 1702,  -3213927.7554,   9909778.8774,  11245226.0769,  -4940.0147,   1681.3570,   3988.9683
 1703,  -3218867.5922,   9911459.6863,  11249214.4232,  -4939.6589,   1680.2609,   3987.7244
 1704,  -3223807.0732,   9913139.3994,  11253201.5260,  -4939.3030,   1679.1656,   3986.4812
 1705,  -3228746.1982,   9914818.0178,  11257187.3860,  -4938.9469,   1678.0713,   3985.2389
 1706,  -3233684.9669,   9916495.5424,  11261172.0040,  -4938.5906,   1676.9779,   3983.9973
 1707,  -3238623.3793,   9918171.9739,  11265155.3808,  -4938.2341,   1675.8854,   3982.7565
 1708,  -3243561.4350,   9919847.3134,  11269137.5172,  -4937.8774,   1674.7937,   3981.5165
 1709,  -3248499.1339,   9921521.5616,  11273118.4140,  -4937.5205,   1673.7030,   3980.2773
 1710,  -3253436.4759,   9923194.7196,  11277098.0720,  -4937.1634,   1672.6131,   3979.0388
 1711,  -3258373.4606,   9924866.7881,  11281076.4919,  -4936.8061,   1671.5241,   3977.8012
 1712,  -3263310.0880,   9926537.7682,  11285053.6746,  -4936.4487,   1670.4361,   3976.5643
 1713,  -3268246.3579,   9928207.6605,  11289029.6208,  -4936.0910,   1669.3489,   3975.3282
 1714,  -3273182.2700,   9929876.4662,  11293004.3312,  -4935.7332,   1668.2625,   3974.0929
 1715,  -3278117.8241,   9931544.1859,  11296977.8067,  -4935.3751,   1667.1771,   3972.8583
 1716,  -3283053.0202,   9933210.8207,  11300950.0481,  -4935.0169,   1666.0926,   3971.6246
 1717,  -3287987.8579,   9934876.3714,  11304921.0561,  -4934.6585,   1665.0089,   3970.3916
 1718,  -3292922.3372,   9936540.8388,  11308890.8315,  -4934.2999,   1663.9261,   3969.1594
 1719,  -3297856.4577,   9938204.2240,  11312859.3751,  -4933.9412,   1662.8442,   3967.9279
 1720,  -3302790.2194,   9939866.5276,  11316826.6876,  -4933.5822,   1661.7632,   3966.6973
 1721,  -3307723.6220,   9941527.7507,  11320792.7699,  -4933.2231,   1660.6831,   3965.4674
 1722,  -3312656.6655,   9943187.8941,  11324757.6227,  -4932.8637,   1659.6038,   3964.2383
 1723,  -3317589.3494,   9944846.9587,  11328721.2467,  -4932.5042,   1658.5255,   3963.0100
 1724,  -3322521.6738,   9946504.9453,  11332683.6428,  -4932.1445,   1657.4479,   3961.7824
 1725,  -3327453.6384,   9948161.8549,  11336644.8118,  -4931.7847,   1656.3713,   3960.5556
 1726,  -3332385.2431,   9949817.6882,  11340604.7543,  -4931.4246,   1655.2956,   3959.3296
 1727,  -3337316.4876,   9951472.4463,  11344563.4712,  -4931.0644,   1654.2207,   3958.1043
 1728,  -3342247.3717,   9953126.1299,  11348520.9633,  -4930.7039,   1653.1467,   3956.8799
 1729,  -3347177.8954,   9954778.7399,  11352477.2312,  -4930.3433,   1652.0735,   3955.6562
 1730,  -3352108.0584,   9956430.2772,  11356432.2758,  -4929.9826,   1651.0012,   3954.4332
 1731,  -3357037.8605,   9958080.7426,  11360386.0979,  -4929.6216,   1649.9298,   3953.2110
 1732,  -3361967.3015,   9959730.1371,  11364338.6982,  -4929.2605,   1648.8593,   3951.9896
 1733,  -3366896.3814,   9961378.4615,  11368290.0775,  -4928.8992,   1647.7896,   3950.7690
 1734,  -3371825.0998,   9963025.7166,  11372240.2365,  -4928.5377,   1646.7208,   3949.5491
 1735,  -3376753.4567,   9964671.9034,  11376189.1760,  -4928.1760,   1645.6529,   3948.3300
 1736,  -3381681.4518,   9966317.0226,  11380136.8968,  -4927.8142,   1644.5858,   3947.1117
 1737,  -3386609.0850,   9967961.0752,  11384083.3996,  -4927.4522,   1643.5196,   3945.8941
 1738,  -3391536.3561,   9969604.0621,  11388028.6852,  -4927.0900,   1642.4542,   3944.6773
 1739,  -3396463.2649,   9971245.9839,  11391972.7544,  -4926.7276,   1641.3897,   3943.4612
 1740,  -3401389.8113,   9972886.8418,  11395915.6079,  -4926.3651,   1640.3261,   3942.2459
 1741,  -3406315.9950,   9974526.6364,  11399857.2465,  -4926.0024,   1639.2633,   3941.0314
 1742,  -3411241.8160,   9976165.3687,  11403797.6710,  -4925.6395,   1638.2014,   3939.8176
 1743,  -3416167.2740,   9977803.0395,  11407736.8820,  -4925.2765,   1637.1403,   3938.6046
 1744,  -3421092.3689,   9979439.6496,  11411674.8804,  -4924.9132,   1636.0801,   3937.3923
 1745,  -3426017.1004,   9981075.2000,  11415611.6670,  -4924.5498,   1635.0208,   3936.1808
 1746,  -3430941.4685,   9982709.6914,  11419547.2424,  -4924.1863,   1633.9623,   3934.9701
 1747,  -3435865.4729,   9984343.1248,  11423481.6074,  -4923.8225,   1632.9046,   3933.7601
 1748,  -3440789.1135,   9985975.5009,  11427414.7629,  -4923.4586,   1631.8478,   3932.5509
 1749,  -3445712.3901,   9987606.8207,  11431346.7095,  -4923.0946,   1630.7919,   3931.3424
 1750,  -3450635.3026,   9989237.0849,  11435277.4479,  -4922.7303,   1629.7368,   3930.1347
 1751,  -3455557.8507,   9990866.2945,  11439206.9791,  -4922.3659,   1628.6825,   3928.9277
 1752,  -3460480.0344,   9992494.4503,  11443135.3036,  -4922.0014,   1627.6291,   3927.7215
 1753,  -3465401.8534,   9994121.5531,  11447062.4223,  -4921.6366,   1626.5766,   3926.5160
 1754,  -3470323.3076,   9995747.6037,  11450988.3360,  -4921.2717,   1625.5249,   3925.3113
 1755,  -3475244.3968,   9997372.6031,  11454913.0452,  -4920.9067,   1624.4740,   3924.1074
 1756,  -3480165.1209,   9998996.5520,  11458836.5509,  -4920.5414,   1623.4240,   3922.9042
 1757,  -3485085.4796,  10000619.4513,  11462758.8538,  -4920.1760,   1622.3748,   3921.7017
 1758,  -3490005.4729,  10002241.3019,  11466679.9546,  -4919.8105,   1621.3265,   3920.5000
 1759,  -3494925.1005,  10003862.1046,  11470599.8540,  -4919.4447,   1620.2790,   3919.2990
 1760,  -3499844.3623,  10005481.8602,  11474518.5528,  -4919.0789,   1619.2323,   3918.0988
 1761,  -3504763.2581,  10007100.5695,  11478436.0518,  -4918.7128,   1618.1865,   3916.8993
 1762,  -3509681.7879,  10008718.2335,  11482352.3517,  -4918.3466,   1617.1415,   3915.7006
 1763,  -3514599.9513,  10010334.8528,  11486267.4532,  -4917.9802,   1616.0974,   3914.5026
 1764,  -3519517.7483,  10011950.4285,  11490181.3572,  -4917.6137,   1615.0541,   3913.3054
 1765,  -3524435.1787,  10013564.9613,  11494094.0642,  -4917.2470,   1614.0116,   3912.1089
 1766,  -3529352.2423,  10015178.4520,  11498005.5751,  -4916.8802,   1612.9700,   3910.9131
 1767,  -3534268.9390,  10016790.9015,  11501915.8907,  -4916.5132,   1611.9292,   3909.7181
 1768,  -3539185.2686,  10018402.3107,  11505825.0116,  -4916.1460,   1610.8892,   3908.5238
 1769,  -3544101.2309,  10020012.6802,  11509732.9386,  -4915.7787,   1609.8501,   3907.3303
 1770,  -3549016.8259,  10021622.0111,  11513639.6725,  -4915.4112,   1608.8118,   3906.1375
 1771,  -3553932.0533,  10023230.3040,  11517545.2139,  -4915.0436,   1607.7743,   3904.9455
 1772,  -3558846.9130,  10024837.5599,  11521449.5637,  -4914.6758,   1606.7376,   3903.7542
 1773,  -3563761.4048,  10026443.7795,  11525352.7225,  -4914.3078,   1605.7018,   3902.5636
 1774,  -3568675.5286,  10028048.9637,  11529254.6911,  -4913.9397,   1604.6668,   3901.3738
 1775,  -3573589.2843,  10029653.1134,  11533155.4703,  -4913.5715,   1603.6326,   3900.1847
 1776,  -3578502.6715,  10031256.2293,  11537055.0607,  -4913.2031,   1602.5993,   3898.9963
 1777,  -3583415.6904,  10032858.3122,  11540953.4631,  -4912.8345,   1601.5667,   3897.8087
 1778,  -3588328.3405,  10034459.3630,  11544850.6783,  -4912.4658,   1600.5350,   3896.6218
 1779,  -3593240.6219,  10036059.3826,  11548746.7070,  -4912.0969,   1599.5042,   3895.4356
 1780,  -3598152.5343,  10037658.3716,  11552641.5498,  -4911.7279,   1598.4741,   3894.2502
 1781,  -3603064.0777,  10039256.3310,  11556535.2076,  -4911.3587,   1597.4449,   3893.0655
 1782,  -3607975.2518,  10040853.2616,  11560427.6811,  -4910.9894,   1596.4164,   3891.8816
 1783,  -3612886.0565,  10042449.1642,  11564318.9710,  -4910.6200,   1595.3888,   3890.6983
 1784,  -3617796.4916,  10044044.0395,  11568209.0781,  -4910.2503,   1594.3620,   3889.5158
 1785,  -3622706.5571,  10045637.8885,  11572098.0030,  -4909.8806,   1593.3361,   3888.3341
 1786,  -3627616.2527,  10047230.7119,  11575985.7464,  -4909.5106,   1592.3109,   3887.1530
 1787,  -3632525.5783,  10048822.5106,  11579872.3093,  -4909.1406,   1591.2866,   3885.9727
 1788,  -3637434.5338,  10050413.2854,  11583757.6921,  -4908.7704,   1590.2630,   3884.7931
 1789,  -3642343.1190,  10052003.0370,  11587641.8958,  -4908.4000,   1589.2403,   3883.6143
 1790,  -3647251.3338,  10053591.7663,  11591524.9210,  -4908.0295,   1588.2184,   3882.4362
 1791,  -3652159.1779,  10055179.4741,  11595406.7684,  -4907.6588,   1587.1973,   3881.2588
 1792,  -3657066.6514,  10056766.1612,  11599287.4387,  -4907.2880,   1586.1770,   3880.0821
 1793,  -3661973.7540,  10058351.8284,  11603166.9328,  -4906.9171,   1585.1576,   3878.9061
 1794,  -3666880.4855,  10059936.4765,  11607045.2513,  -4906.5460,   1584.1389,   3877.7309
 1795,  -3671786.8459,  10061520.1064,  11610922.3949,  -4906.1748,   1583.1210,   3876.5564
 1796,  -3676692.8350,  10063102.7188,  11614798.3643,  -4905.8034,   1582.1040,   3875.3826
 1797,  -3681598.4527,  10064684.3146,  11618673.1603,  -4905.4319,   1581.0877,   3874.2096
 1798,  -3686503.6987,  10066264.8945,  11622546.7837,  -4905.0602,   1580.0723,   3873.0372
 1799,  -3691408.5730,  10067844.4594,  11626419.2350,  -4904.6884,   1579.0576,   3871.8656
 1800,  -3696313.0755,  10069423.0100,  11630290.5151,  -4904.3165,   1578.0438,   3870.6947
 1801,  -3701217.2059,  10071000.5472,  11634160.6247,  -4903.9444,   1577.0307,   3869.5245
 1802,  -3706120.9642,  10072577.0717,  11638029.5644,  -4903.5721,   1576.0185,   3868.3551
 1803,  -3711024.3501,  10074152.5844,  11641897.3351,  -4903.1998,   1575.0070,   3867.1863
 1804,  -3715927.3637,  10075727.0860,  11645763.9373,  -4902.8273,   1573.9964,   3866.0183
 1805,  -3720830.0046,  10077300.5774,  11649629.3719,  -4902.4546,   1572.9865,   3864.8510
 1806,  -3725732.2728,  10078873.0593,  11653493.6395,  -4902.0818,   1571.9775,   3863.6844
 1807,  -3730634.1682,  10080444.5326,  11657356.7409,  -4901.7089,   1570.9692,   3862.5185
 1808,  -3735535.6906,  10082014.9980,  11661218.6768,  -4901.3358,   1569.9618,   3861.3534
 1809,  -3740436.8398,  10083584.4564,  11665079.4479,  -4900.9626,   1568.9551,   3860.1889
 1810,  -3745337.6158,  10085152.9085,  11668939.0548,  -4900.5893,   1567.9492,   3859.0252
 1811,  -3750238.0184,  10086720.3551,  11672797.4984,  -4900.2158,   1566.9441,   3857.8621
 1812,  -3755138.0474,  10088286.7970,  11676654.7794,  -4899.8422,   1565.9398,   3856.6998
 1813,  -3760037.7027,  10089852.2351,  11680510.8983,  -4899.4685,   1564.9363,   3855.5382
 1814,  -3764936.9843,  10091416.6700,  11684365.8560,  -4899.0946,   1563.9336,   3854.3773
 1815,  -3769835.8919,  10092980.1026,  11688219.6532,  -4898.7206,   1562.9317,   3853.2172
 1816,  -3774734.4254,  10094542.5337,  11692072.2906,  -4898.3464,   1561.9306,   3852.0577
 1817,  -3779632.5847,  10096103.9640,  11695923.7688,  -4897.9721,   1560.9302,   3850.8989
 1818,  -3784530.3696,  10097664.3944,  11699774.0887,  -4897.5977,   1559.9307,   3849.7409
 1819,  -3789427.7801,  10099223.8256,  11703623.2508,  -4897.2232,   1558.9319,   3848.5835
 1820,  -3794324.8159,  10100782.2584,  11707471.2560,  -4896.8485,   1557.9339,   3847.4269
 1821,  -3799221.4770,  10102339.6936,  11711318.1048,  -4896.4737,   1556.9367,   3846.2709
 1822,  -3804117.7632,  10103896.1320,  11715163.7981,  -4896.0987,   1555.9402,   3845.1157
 1823,  -3809013.6745,  10105451.5744,  11719008.3365,  -4895.7237,   1554.9446,   3843.9612
 1824,  -3813909.2105,  10107006.0215,  11722851.7207,  -4895.3485,   1553.9497,   3842.8074
 1825,  -3818804.3713,  10108559.4741,  11726693.9515,  -4894.9731,   1552.9556,   3841.6543
 1826,  -3823699.1567,  10110111.9330,  11730535.0294,  -4894.5977,   1551.9623,   3840.5018
 1827,  -3828593.5666,  10111663.3990,  11734374.9554,  -4894.2221,   1550.9698,   3839.3501
 1828,  -3833487.6008,  10113213.8729,  11738213.7299,  -4893.8464,   1549.9780,   3838.1991
 1829,  -3838381.2593,  10114763.3554,  11742051.3538,  -4893.4705,   1548.9871,   3837.0488
 1830,  -3843274.5418,  10116311.8473,  11745887.8278,  -4893.0945,   1547.9969,   3835.8992
 1831,  -3848167.4483,  10117859.3494,  11749723.1525,  -4892.7184,   1547.0074,   3834.7503
 1832,  -3853059.9786,  10119405.8624,  11753557.3286,  -4892.3422,   1546.0188,   3833.6021
 1833,  -3857952.1326,  10120951.3872,  11757390.3569,  -4891.9658,   1545.0309,   3832.4546
 1834,  -3862843.9102,  10122495.9245,  11761222.2380,  -4891.5894,   1544.0438,   3831.3077
 1835,  -3867735.3113,  10124039.4750,  11765052.9726,  -4891.2127,   1543.0574,   3830.1616
 1836,  -3872626.3357,  10125582.0396,  11768882.5615,  -4890.8360,   1542.0719,   3829.0162
 1837,  -3877516.9833,  10127123.6190,  11772711.0052,  -4890.4592,   1541.0871,   3827.8715
 1838,  -3882407.2540,  10128664.2140,  11776538.3046,  -4890.0822,   1540.1030,   3826.7275
 1839,  -3887297.1476,  10130203.8254,  11780364.4604,  -4889.7051,   1539.1198,   3825.5841
 1840,  -3892186.6641,  10131742.4538,  11784189.4731,  -4889.3279,   1538.1373,   3824.4415
 1841,  -3897075.8033,  10133280.1002,  11788013.3435,  -4888.9505,   1537.1555,   3823.2995
 1842,  -3901964.5651,  10134816.7651,  11791836.0724,  -4888.5730,   1536.1746,   3822.1583
 1843,  -3906852.9493,  10136352.4495,  11795657.6603,  -4888.1954,   1535.1944,   3821.0177
 1844,  -3911740.9559,  10137887.1541,  11799478.1080,  -4887.8177,   1534.2149,   3819.8778
 1845,  -3916628.5847,  10139420.8796,  11803297.4162,  -4887.4399,   1533.2362,   3818.7386
 1846,  -3921515.8356,  10140953.6269,  11807115.5855,  -4887.0619,   1532.2583,   3817.6001
 1847,  -3926402.7085,  10142485.3965,  11810932.6167,  -4886.6839,   1531.2812,   3816.4623
 1848,  -3931289.2033,  10144016.1894,  11814748.5104,  -4886.3057,   1530.3048,   3815.3252
 1849,  -3936175.3198,  10145546.0063,  11818563.2674,  -4885.9274,   1529.3291,   3814.1888
 1850,  -3941061.0580,  10147074.8479,  11822376.8883,  -4885.5489,   1528.3542,   3813.0531
 1851,  -3945946.4176,  10148602.7150,  11826189.3737,  -4885.1704,   1527.3801,   3811.9180
 1852,  -3950831.3987,  10150129.6084,  11830000.7245,  -4884.7917,   1526.4067,   3810.7836
 1853,  -3955716.0010,  10151655.5288,  11833810.9412,  -4884.4129,   1525.4341,   3809.6500
 1854,  -3960600.2245,  10153180.4769,  11837620.0247,  -4884.0340,   1524.4623,   3808.5170
 1855,  -3965484.0690,  10154704.4536,  11841427.9754,  -4883.6550,   1523.4912,   3807.3846
 1856,  -3970367.5344,  10156227.4595,  11845234.7942,  -4883.2759,   1522.5208,   3806.2530
 1857,  -3975250.6207,  10157749.4954,  11849040.4817,  -4882.8966,   1521.5512,   3805.1221
 1858,  -3980133.3276,  10159270.5622,  11852845.0386,  -4882.5172,   1520.5824,   3803.9918
 1859,  -3985015.6551,  10160790.6604,  11856648.4655,  -4882.1378,   1519.6143,   3802.8622
 1860,  -3989897.6031,  10162309.7909,  11860450.7632,  -4881.7582,   1518.6469,   3801.7333
 1861,  -3994779.1714,  10163827.9545,  11864251.9324,  -4881.3785,   1517.6803,   3800.6051
 1862,  -3999660.3600,  10165345.1518,  11868051.9737,  -4880.9986,   1516.7145,   3799.4776
 1863,  -4004541.1686,  10166861.3836,  11871850.8878,  -4880.6187,   1515.7493,   3798.3507
 1864,  -4009421.5973,  10168376.6507,  11875648.6753,  -4880.2387,   1514.7850,   3797.2245
 1865,  -4014301.6459,  10169890.9538,  11879445.3371,  -4879.8585,   1513.8214,   3796.0990
 1866,  -4019181.3143,  10171404.2937,  11883240.8736,  -4879.4782,   1512.8585,   3794.9742
 1867,  -4024060.6023,  10172916.6711,  11887035.2857,  -4879.0978,   1511.8964,   3793.8501
 1868,  -4028939.5099,  10174428.0867,  11890828.5740,  -4878.7173,   1510.9350,   3792.7266
 1869,  -4033818.0370,  10175938.5413,  11894620.7391,  -4878.3367,   1509.9743,   3791.6038
 1870,  -4038696.1834,  10177448.0356,  11898411.7817,  -4877.9560,   1509.0144,   3790.4817
 1871,  -4043573.9490,  10178956.5704,  11902201.7026,  -4877.5752,   1508.0553,   3789.3602
 1872,  -4048451.3338,  10180464.1464,  11905990.5024,  -4877.1943,   1507.0969,   3788.2394
 1873,  -4053328.3375,  10181970.7644,  11909778.1817,  -4876.8132,   1506.1392,   3787.1193
 1874,  -4058204.9602,  10183476.4250,  11913564.7413,  -4876.4321,   1505.1822,   3785.9999
 1875,  -4063081.2017,  10184981.1290,  11917350.1818,  -4876.0508,   1504.2260,   3784.8812
 1876,  -4067957.0618,  10186484.8773,  11921134.5038,  -4875.6695,   1503.2705,   3783.7631
 1877,  -4072832.5405,  10187987.6704,  11924917.7081,  -4875.2880,   1502.3158,   3782.6457
 1878,  -4077707.6377,  10189489.5091,  11928699.7953,  -4874.9064,   1501.3618,   3781.5289
 1879,  -4082582.3533,  10190990.3942,  11932480.7662,  -4874.5247,   1500.4085,   3780.4128
 1880,  -4087456.6871,  10192490.3264,  11936260.6212,  -4874.1429,   1499.4560,   3779.2974
 1881,  -4092330.6391,  10193989.3064,  11940039.3612,  -4873.7610,   1498.5042,   3778.1827
 1882,  -4097204.2092,  10195487.3350,  11943816.9868,  -4873.3790,   1497.5531,   3777.0686
 1883,  -4102077.3971,  10196984.4129,  11947593.4987,  -4872.9969,   1496.6028,   3775.9552
 1884,  -4106950.2030,  10198480.5408,  11951368.8975,  -4872.6147,   1495.6532,   3774.8425
 1885,  -4111822.6265,  10199975.7194,  11955143.1839,  -4872.2324,   1494.7043,   3773.7304
 1886,  -4116694.6677,  10201469.9496,  11958916.3585,  -4871.8500,   1493.7561,   3772.6190
 1887,  -4121566.3264,  10202963.2319,  11962688.4221,  -4871.4674,   1492.8087,   3771.5083
 1888,  -4126437.6025,  10204455.5672,  11966459.3753,  -4871.0848,   1491.8620,   3770.3982
 1889,  -4131308.4960,  10205946.9561,  11970229.2187,  -4870.7021,   1490.9160,   3769.2888
 1890,  -4136179.0067,  10207437.3994,  11973997.9530,  -4870.3193,   1489.9707,   3768.1800
 1891,  -4141049.1345,  10208926.8979,  11977765.5789,  -4869.9363,   1489.0262,   3767.0719
 1892,  -4145918.8793,  10210415.4521,  11981532.0971,  -4869.5533,   1488.0824,   3765.9645
 1893,  -4150788.2410,  10211903.0629,  11985297.5082,  -4869.1702,   1487.1393,   3764.8577
 1894,  -4155657.2196,  10213389.7310,  11989061.8128,  -4868.7869,   1486.1970,   3763.7516
 1895,  -4160525.8148,  10214875.4571,  11992825.0117,  -4868.4036,   1485.2553,   3762.6462
 1896,  -4165394.0267,  10216360.2419,  11996587.1054,  -4868.0202,   1484.3144,   3761.5414
 1897,  -4170261.8551,  10217844.0861,  12000348.0947,  -4867.6366,   1483.3742,   3760.4373
 1898,  -4175129.2999,  10219326.9905,  12004107.9802,  -4867.2530,   1482.4347,   3759.3338
 1899,  -4179996.3610,  10220808.9558,  12007866.7625,  -4866.8693,   1481.4960,   3758.2310
 1900,  -4184863.0384,  10222289.9827,  12011624.4424,  -4866.4854,   1480.5579,   3757.1288
 1901,  -4189729.3319,  10223770.0719,  12015381.0204,  -4866.1015,   1479.6206,   3756.0273
 1902,  -4194595.2413,  10225249.2241,  12019136.4973,  -4865.7175,   1478.6839,   3754.9265
 1903,  -4199460.7668,  10226727.4400,  12022890.8736,  -4865.3334,   1477.7480,   3753.8263
 1904,  -4204325.9080,  10228204.7204,  12026644.1501,  -4864.9491,   1476.8129,   3752.7268
 1905,  -4209190.6650,  10229681.0660,  12030396.3274,  -4864.5648,   1475.8784,   3751.6279
 1906,  -4214055.0376,  10231156.4774,  12034147.4061,  -4864.1804,   1474.9446,   3750.5297
 1907,  -4218919.0258,  10232630.9554,  12037897.3869,  -4863.7959,   1474.0116,   3749.4321
 1908,  -4223782.6294,  10234104.5007,  12041646.2705,  -4863.4113,   1473.0792,   3748.3352
 1909,  -4228645.8484,  10235577.1141,  12045394.0574,  -4863.0266,   1472.1476,   3747.2389
 1910,  -4233508.6826,  10237048.7961,  12049140.7485,  -4862.6418,   1471.2167,   3746.1433
 1911,  -4238371.1320,  10238519.5476,  12052886.3442,  -4862.2569,   1470.2864,   3745.0483
 1912,  -4243233.1965,  10239989.3692,  12056630.8453,  -4861.8720,   1469.3569,   3743.9540
 1913,  -4248094.8759,  10241458.2617,  12060374.2524,  -4861.4869,   1468.4281,   3742.8603
 1914,  -4252956.1703,  10242926.2257,  12064116.5661,  -4861.1017,   1467.5000,   3741.7673
 1915,  -4257817.0794,  10244393.2620,  12067857.7872,  -4860.7165,   1466.5726,   3740.6749
 1916,  -4262677.6032,  10245859.3712,  12071597.9162,  -4860.3311,   1465.6459,   3739.5832
 1917,  -4267537.7416,  10247324.5541,  12075336.9538,  -4859.9457,   1464.7200,   3738.4921
 1918,  -4272397.4946,  10248788.8114,  12079074.9006,  -4859.5602,   1463.7947,   3737.4017
 1919,  -4277256.8619,  10250252.1437,  12082811.7574,  -4859.1745,   1462.8701,   3736.3119
 1920,  -4282115.8436,  10251714.5518,  12086547.5246,  -4858.7888,   1461.9462,   3735.2227
 1921,  -4286974.4396,  10253176.0363,  12090282.2031,  -4858.4030,   1461.0230,   3734.1342
 1922,  -4291832.6497,  10254636.5981,  12094015.7933,  -4858.0171,   1460.1006,   3733.0464
 1923,  -4296690.4738,  10256096.2377,  12097748.2961,  -4857.6312,   1459.1788,   3731.9592
 1924,  -4301547.9120,  10257554.9559,  12101479.7119,  -4857.2451,   1458.2577,   3730.8726
 1925,  -4306404.9640,  10259012.7533,  12105210.0415,  -4856.8589,   1457.3373,   3729.7867
 1926,  -4311261.6298,  10260469.6307,  12108939.2855,  -4856.4727,   1456.4176,   3728.7014
 1927,  -4316117.9093,  10261925.5888,  12112667.4445,  -4856.0864,   1455.4986,   3727.6168
 1928,  -4320973.8025,  10263380.6282,  12116394.5192,  -4855.6999,   1454.5803,   3726.5328
 1929,  -4325829.3092,  10264834.7496,  12120120.5102,  -4855.3134,   1453.6627,   3725.4494
 1930,  -4330684.4293,  10266287.9539,  12123845.4182,  -4854.9268,   1452.7458,   3724.3667
 1931,  -4335539.1628,  10267740.2415,  12127569.2438,  -4854.5401,   1451.8296,   3723.2846
 1932,  -4340393.5096,  10269191.6133,  12131291.9876,  -4854.1534,   1450.9141,   3722.2031
 1933,  -4345247.4696,  10270642.0699,  12135013.6502,  -4853.7665,   1449.9992,   3721.1223
 1934,  -4350101.0426,  10272091.6120,  12138734.2324,  -4853.3796,   1449.0851,   3720.0421
 1935,  -4354954.2287,  10273540.2403,  12142453.7347,  -4852.9926,   1448.1716,   3718.9626
 1936,  -4359807.0277,  10274987.9555,  12146172.1578,  -4852.6055,   1447.2589,   3717.8837
 1937,  -4364659.4396,  10276434.7582,  12149889.5024,  -4852.2183,   1446.3468,   3716.8054
 1938,  -4369511.4642,  10277880.6493,  12153605.7689,  -4851.8310,   1445.4354,   3715.7278
 1939,  -4374363.1015,  10279325.6292,  12157320.9582,  -4851.4436,   1444.5247,   3714.6508
 1940,  -4379214.3514,  10280769.6989,  12161035.0708,  -4851.0562,   1443.6147,   3713.5744
 1941,  -4384065.2138,  10282212.8588,  12164748.1073,  -4850.6686,   1442.7053,   3712.4987
 1942,  -4388915.6886,  10283655.1098,  12168460.0684,  -4850.2810,   1441.7967,   3711.4236
 1943,  -4393765.7758,  10285096.4524,  12172170.9547,  -4849.8933,   1440.8887,   3710.3492
 1944,  -4398615.4753,  10286536.8875,  12175880.7669,  -4849.5056,   1439.9814,   3709.2753
 1945,  -4403464.7869,  10287976.4156,  12179589.5056,  -4849.1177,   1439.0748,   3708.2021
 1946,  -4408313.7107,  10289415.0374,  12183297.1714,  -4848.7298,   1438.1689,   3707.1295
 1947,  -4413162.2465,  10290852.7536,  12187003.7649,  -4848.3417,   1437.2637,   3706.0576
 1948,  -4418010.3942,  10292289.5650,  12190709.2868,  -4847.9537,   1436.3591,   3704.9863
 1949,  -4422858.1537,  10293725.4721,  12194413.7376,  -4847.5655,   1435.4553,   3703.9156
 1950,  -4427705.5251,  10295160.4757,  12198117.1181,  -4847.1772,   1434.5521,   3702.8455
 1951,  -4432552.5081,  10296594.5765,  12201819.4289,  -4846.7889,   1433.6495,   3701.7761
 1952,  -4437399.1028,  10298027.7750,  12205520.6705,  -4846.4005,   1432.7477,   3700.7073
 1953,  -4442245.3090,  10299460.0721,  12209220.8437,  -4846.0120,   1431.8465,   3699.6391
 1954,  -4447091.1267,  10300891.4683,  12212919.9490,  -4845.6234,   1430.9460,   3698.5716
 1955,  -4451936.5557,  10302321.9643,  12216617.9870,  -4845.2347,   1430.0462,   3697.5046
 1956,  -4456781.5961,  10303751.5609,  12220314.9585,  -4844.8460,   1429.1471,   3696.4383
 1957,  -4461626.2477,  10305180.2587,  12224010.8639,  -4844.4572,   1428.2486,   3695.3726
 1958,  -4466470.5105,  10306608.0583,  12227705.7040,  -4844.0683,   1427.3508,   3694.3076
 1959,  -4471314.3843,  10308034.9605,  12231399.4793,  -4843.6793,   1426.4537,   3693.2432
 1960,  -4476157.8691,  10309460.9659,  12235092.1905,  -4843.2903,   1425.5572,   3692.1793
 1961,  -4481000.9649,  10310886.0751,  12238783.8382,  -4842.9012,   1424.6614,   3691.1162
 1962,  -4485843.6715,  10312310.2889,  12242474.4230,  -4842.5120,   1423.7663,   3690.0536
 1963,  -4490685.9888,  10313733.6080,  12246163.9455,  -4842.1227,   1422.8719,   3688.9916
 1964,  -4495527.9169,  10315156.0329,  12249852.4065,  -4841.7334,   1421.9781,   3687.9303
 1965,  -4500369.4556,  10316577.5644,  12253539.8064,  -4841.3440,   1421.0850,   3686.8696
 1966,  -4505210.6048,  10317998.2030,  12257226.1459,  -4840.9545,   1420.1925,   3685.8095
 1967,  -4510051.3645,  10319417.9496,  12260911.4256,  -4840.5649,   1419.3007,   3684.7500
 1968,  -4514891.7346,  10320836.8048,  12264595.6462,  -4840.1753,   1418.4096,   3683.6912
 1969,  -4519731.7150,  10322254.7691,  12268278.8082,  -4839.7856,   1417.5192,   3682.6329
 1970,  -4524571.3057,  10323671.8433,  12271960.9123,  -4839.3958,   1416.6294,   3681.5753
 1971,  -4529410.5065,  10325088.0281,  12275641.9590,  -4839.0059,   1415.7403,   3680.5183
 1972,  -4534249.3175,  10326503.3241,  12279321.9491,  -4838.6160,   1414.8518,   3679.4619
 1973,  -4539087.7385,  10327917.7320,  12283000.8831,  -4838.2260,   1413.9640,   3678.4062
 1974,  -4543925.7694,  10329331.2524,  12286678.7616,  -4837.8359,   1413.0769,   3677.3510
 1975,  -4548763.4103,  10330743.8860,  12290355.5853,  -4837.4458,   1412.1904,   3676.2965
 1976,  -4553600.6609,  10332155.6334,  12294031.3548,  -4837.0555,   1411.3046,   3675.2425
 1977,  -4558437.5214,  10333566.4953,  12297706.0706,  -4836.6653,   1410.4194,   3674.1892
 1978,  -4563273.9914,  10334976.4725,  12301379.7334,  -4836.2749,   1409.5349,   3673.1365
 1979,  -4568110.0711,  10336385.5654,  12305052.3438,  -4835.8845,   1408.6511,   3672.0844
 1980,  -4572945.7603,  10337793.7749,  12308723.9024,  -4835.4940,   1407.7679,   3671.0329
 1981,  -4577781.0590,  10339201.1014,  12312394.4099,  -4835.1034,   1406.8854,   3669.9821
 1982,  -4582615.9671,  10340607.5458,  12316063.8668,  -4834.7128,   1406.0035,   3668.9318
 1983,  -4587450.4845,  10342013.1087,  12319732.2737,  -4834.3221,   1405.1223,   3667.8821
 1984,  -4592284.6112,  10343417.7906,  12323399.6312,  -4833.9313,   1404.2417,   3666.8331
 1985,  -4597118.3471,  10344821.5923,  12327065.9401,  -4833.5404,   1403.3618,   3665.7847
 1986,  -4601951.6920,  10346224.5144,  12330731.2008,  -4833.1495,   1402.4825,   3664.7368
 1987,  -4606784.6461,  10347626.5576,  12334395.4140,  -4832.7585,   1401.6039,   3663.6896
 1988,  -4611617.2091,  10349027.7225,  12338058.5802,  -4832.3675,   1400.7260,   3662.6430
 1989,  -4616449.3811,  10350428.0097,  12341720.7002,  -4831.9764,   1399.8487,   3661.5970
 1990,  -4621281.1619,  10351827.4200,  12345381.7744,  -4831.5852,   1398.9720,   3660.5516
 1991,  -4626112.5514,  10353225.9540,  12349041.8036,  -4831.1940,   1398.0960,   3659.5068
 1992,  -4630943.5497,  10354623.6122,  12352700.7883,  -4830.8026,   1397.2206,   3658.4626
 1993,  -4635774.1567,  10356020.3955,  12356358.7290,  -4830.4113,   1396.3459,   3657.4190
 1994,  -4640604.3722,  10357416.3043,  12360015.6265,  -4830.0198,   1395.4719,   3656.3761
 1995,  -4645434.1963,  10358811.3394,  12363671.4813,  -4829.6283,   1394.5984,   3655.3337
 1996,  -4650263.6288,  10360205.5014,  12367326.2941,  -4829.2367,   1393.7257,   3654.2919
 1997,  -4655092.6697,  10361598.7909,  12370980.0653,  -4828.8451,   1392.8535,   3653.2507
 1998,  -4659921.3190,  10362991.2087,  12374632.7957,  -4828.4534,   1391.9820,   3652.2102
 1999,  -4664749.5765,  10364382.7552,  12378284.4858,  -4828.0616,   1391.1112,   3651.1702
 2000,  -4669577.4422,  10365773.4313,  12381935.1363,  -4827.6698,   1390.2410,   3650.1308
 2001,  -4674404.9161,  10367163.2375,  12385584.7477,  -4827.2779,   1389.3715,   3649.0920
 2002,  -4679231.9980,  10368552.1744,  12389233.3206,  -4826.8859,   1388.5025,   3648.0539
 2003,  -4684058.6879,  10369940.2428,  12392880.8556,  -4826.4939,   1387.6343,   3647.0163
 2004,  -4688884.9858,  10371327.4431,  12396527.3533,  -4826.1018,   1386.7666,   3645.9793
 2005,  -4693710.8915,  10372713.7762,  12400172.8144,  -4825.7097,   1385.8996,   3644.9429
 2006,  -4698536.4051,  10374099.2426,  12403817.2394,  -4825.3175,   1385.0333,   3643.9072
 2007,  -4703361.5265,  10375483.8430,  12407460.6290,  -4824.9252,   1384.1676,   3642.8720
 2008,  -4708186.2555,  10376867.5779,  12411102.9836,  -4824.5329,   1383.3025,   3641.8374
 2009,  -4713010.5922,  10378250.4481,  12414744.3039,  -4824.1405,   1382.4380,   3640.8034
 2010,  -4717834.5365,  10379632.4542,  12418384.5906,  -4823.7480,   1381.5742,   3639.7700
 2011,  -4722658.0883,  10381013.5968,  12422023.8442,  -4823.3555,   1380.7110,   3638.7372
 2012,  -4727481.2476,  10382393.8765,  12425662.0652,  -4822.9630,   1379.8485,   3637.7050
 2013,  -4732304.0142,  10383773.2940,  12429299.2543,  -4822.5703,   1378.9866,   3636.6734
 2014,  -4737126.3882,  10385151.8499,  12432935.4122,  -4822.1776,   1378.1253,   3635.6424
 2015,  -4741948.3695,  10386529.5448,  12436570.5393,  -4821.7849,   1377.2647,   3634.6119
 2016,  -4746769.9579,  10387906.3794,  12440204.6363,  -4821.3921,   1376.4047,   3633.5821
 2017,  -4751591.1536,  10389282.3544,  12443837.7037,  -4820.9992,   1375.5453,   3632.5529
 2018,  -4756411.9563,  10390657.4702,  12447469.7422,  -4820.6063,   1374.6865,   3631.5242
 2019,  -4761232.3661,  10392031.7277,  12451100.7523,  -4820.2133,   1373.8284,   3630.4961
 2020,  -4766052.3829,  10393405.1273,  12454730.7347,  -4819.8203,   1372.9709,   3629.4687
 2021,  -4770872.0066,  10394777.6698,  12458359.6898,  -4819.4272,   1372.1141,   3628.4418
 2022,  -4775691.2372,  10396149.3557,  12461987.6184,  -4819.0340,   1371.2578,   3627.4155
 2023,  -4780510.0746,  10397520.1857,  12465614.5210,  -4818.6408,   1370.4022,   3626.3898
 2024,  -4785328.5188,  10398890.1604,  12469240.3982,  -4818.2475,   1369.5473,   3625.3647
 2025,  -4790146.5696,  10400259.2804,  12472865.2506,  -4817.8542,   1368.6929,   3624.3401
 2026,  -4794964.2272,  10401627.5464,  12476489.0787,  -4817.4608,   1367.8392,   3623.3162
 2027,  -4799781.4913,  10402994.9590,  12480111.8832,  -4817.0674,   1366.9861,   3622.2928
 2028,  -4804598.3619,  10404361.5187,  12483733.6646,  -4816.6739,   1366.1336,   3621.2701
 2029,  -4809414.8390,  10405727.2264,  12487354.4235,  -4816.2803,   1365.2817,   3620.2479
 2030,  -4814230.9226,  10407092.0824,  12490974.1605,  -4815.8867,   1364.4305,   3619.2263
 2031,  -4819046.6125,  10408456.0876,  12494592.8762,  -4815.4931,   1363.5799,   3618.2053
 2032,  -4823861.9087,  10409819.2424,  12498210.5712,  -4815.0994,   1362.7299,   3617.1848
 2033,  -4828676.8112,  10411181.5476,  12501827.2461,  -4814.7056,   1361.8805,   3616.1650
 2034,  -4833491.3199,  10412543.0037,  12505442.9014,  -4814.3118,   1361.0318,   3615.1457
 2035,  -4838305.4347,  10413903.6113,  12509057.5377,  -4813.9179,   1360.1836,   3614.1270
 2036,  -4843119.1557,  10415263.3712,  12512671.1556,  -4813.5240,   1359.3361,   3613.1089
 2037,  -4847932.4827,  10416622.2838,  12516283.7557,  -4813.1300,   1358.4892,   3612.0914
 2038,  -4852745.4157,  10417980.3499,  12519895.3386,  -4812.7360,   1357.6430,   3611.0745
 2039,  -4857557.9546,  10419337.5699,  12523505.9048,  -4812.3419,   1356.7973,   3610.0581
 2040,  -4862370.0995,  10420693.9447,  12527115.4550,  -4811.9478,   1355.9523,   3609.0423
 2041,  -4867181.8501,  10422049.4747,  12530723.9897,  -4811.5536,   1355.1078,   3608.0271
 2042,  -4871993.2066,  10423404.1605,  12534331.5094,  -4811.1593,   1354.2640,   3607.0125
 2043,  -4876804.1688,  10424758.0029,  12537938.0148,  -4810.7650,   1353.4208,   3605.9984
 2044,  -4881614.7366,  10426111.0023,  12541543.5065,  -4810.3707,   1352.5782,   3604.9850
 2045,  -4886424.9102,  10427463.1595,  12545147.9850,  -4809.9763,   1351.7362,   3603.9721
 2046,  -4891234.6893,  10428814.4750,  12548751.4508,  -4809.5819,   1350.8949,   3602.9598
 2047,  -4896044.0739,  10430164.9494,  12552353.9047,  -4809.1874,   1350.0541,   3601.9480
 2048,  -4900853.0640,  10431514.5834,  12555955.3471,  -4808.7928,   1349.2140,   3600.9369
 2049,  -4905661.6595,  10432863.3776,  12559555.7786,  -4808.3982,   1348.3744,   3599.9263
 2050,  -4910469.8605,  10434211.3325,  12563155.1998,  -4808.0036,   1347.5355,   3598.9163
 2051,  -4915277.6667,  10435558.4488,  12566753.6113,  -4807.6089,   1346.6972,   3597.9068
 2052,  -4920085.0783,  10436904.7271,  12570351.0136,  -4807.2142,   1345.8595,   3596.8980
 2053,  -4924892.0951,  10438250.1680,  12573947.4074,  -4806.8194,   1345.0224,   3595.8897
 2054,  -4929698.7171,  10439594.7721,  12577542.7932,  -4806.4246,   1344.1859,   3594.8819
 2055,  -4934504.9442,  10440938.5400,  12581137.1715,  -4806.0297,   1343.3500,   3593.8748
 2056,  -4939310.7764,  10442281.4724,  12584730.5429,  -4805.6347,   1342.5147,   3592.8682
 2057,  -4944116.2137,  10443623.5697,  12588322.9081,  -4805.2398,   1341.6801,   3591.8622
 2058,  -4948921.2559,  10444964.8327,  12591914.2675,  -4804.8447,   1340.8460,   3590.8568
 2059,  -4953725.9032,  10446305.2619,  12595504.6218,  -4804.4497,   1340.0125,   3589.8519
 2060,  -4958530.1553,  10447644.8579,  12599093.9715,  -4804.0546,   1339.1797,   3588.8476
 2061,  -4963334.0123,  10448983.6214,  12602682.3173,  -4803.6594,   1338.3474,   3587.8439
 2062,  -4968137.4740,  10450321.5529,  12606269.6595,  -4803.2642,   1337.5157,   3586.8407
 2063,  -4972940.5406,  10451658.6531,  12609855.9989,  -4802.8689,   1336.6847,   3585.8381
 2064,  -4977743.2119,  10452994.9225,  12613441.3360,  -4802.4736,   1335.8542,   3584.8361
 2065,  -4982545.4878,  10454330.3617,  12617025.6713,  -4802.0783,   1335.0244,   3583.8347
 2066,  -4987347.3684,  10455664.9714,  12620609.0055,  -4801.6829,   1334.1951,   3582.8338
 2067,  -4992148.8536,  10456998.7521,  12624191.3391,  -4801.2875,   1333.3664,   3581.8335
 2068,  -4996949.9433,  10458331.7044,  12627772.6726,  -4800.8920,   1332.5384,   3580.8337
 2069,  -5001750.6375,  10459663.8290,  12631353.0066,  -4800.4964,   1331.7109,   3579.8345
 2070,  -5006550.9362,  10460995.1264,  12634932.3418,  -4800.1009,   1330.8840,   3578.8359
 2071,  -5011350.8393,  10462325.5973,  12638510.6786,  -4799.7053,   1330.0578,   3577.8378
 2072,  -5016150.3467,  10463655.2421,  12642088.0176,  -4799.3096,   1329.2321,   3576.8403
 2073,  -5020949.4585,  10464984.0616,  12645664.3594,  -4798.9139,   1328.4070,   3575.8434
 2074,  -5025748.1745,  10466312.0563,  12649239.7045,  -4798.5182,   1327.5825,   3574.8470
 2075,  -5030546.4948,  10467639.2268,  12652814.0536,  -4798.1224,   1326.7586,   3573.8512
 2076,  -5035344.4192,  10468965.5737,  12656387.4071,  -4797.7266,   1325.9353,   3572.8559
 2077,  -5040141.9479,  10470291.0976,  12659959.7656,  -4797.3307,   1325.1126,   3571.8613
 2078,  -5044939.0806,  10471615.7991,  12663531.1298,  -4796.9348,   1324.2905,   3570.8671
 2079,  -5049735.8174,  10472939.6788,  12667101.5001,  -4796.5388,   1323.4689,   3569.8736
 2080,  -5054532.1582,  10474262.7372,  12670670.8771,  -4796.1428,   1322.6480,   3568.8805
 2081,  -5059328.1030,  10475584.9750,  12674239.2613,  -4795.7468,   1321.8277,   3567.8881
 2082,  -5064123.6518,  10476906.3927,  12677806.6534,  -4795.3507,   1321.0079,   3566.8962
 2083,  -5068918.8044,  10478226.9910,  12681373.0539,  -4794.9546,   1320.1887,   3565.9049
 2084,  -5073713.5610,  10479546.7704,  12684938.4634,  -4794.5584,   1319.3701,   3564.9141
 2085,  -5078507.9213,  10480865.7314,  12688502.8823,  -4794.1622,   1318.5521,   3563.9239
 2086,  -5083301.8854,  10482183.8748,  12692066.3113,  -4793.7660,   1317.7347,   3562.9342
 2087,  -5088095.4533,  10483501.2011,  12695628.7510,  -4793.3697,   1316.9179,   3561.9451
 2088,  -5092888.6249,  10484817.7109,  12699190.2018,  -4792.9734,   1316.1017,   3560.9566
 2089,  -5097681.4001,  10486133.4047,  12702750.6643,  -4792.5771,   1315.2860,   3559.9686
 2090,  -5102473.7789,  10487448.2831,  12706310.1391,  -4792.1807,   1314.4710,   3558.9811
 2091,  -5107265.7614,  10488762.3468,  12709868.6268,  -4791.7842,   1313.6565,   3557.9943
 2092,  -5112057.3474,  10490075.5963,  12713426.1278,  -4791.3878,   1312.8426,   3557.0079
 2093,  -5116848.5369,  10491388.0321,  12716982.6428,  -4790.9912,   1312.0293,   3556.0222
 2094,  -5121639.3298,  10492699.6550,  12720538.1723,  -4790.5947,   1311.2165,   3555.0369
 2095,  -5126429.7262,  10494010.4654,  12724092.7168,  -4790.1981,   1310.4044,   3554.0523
 2096,  -5131219.7260,  10495320.4639,  12727646.2770,  -4789.8015,   1309.5928,   3553.0681
 2097,  -5136009.3292,  10496629.6511,  12731198.8533,  -4789.4048,   1308.7818,   3552.0846
 2098,  -5140798.5357,  10497938.0277,  12734750.4463,  -4789.0081,   1307.9714,   3551.1016
 2099,  -5145587.3454,  10499245.5941,  12738301.0566,  -4788.6114,   1307.1615,   3550.1191
 2100,  -5150375.7585,  10500552.3510,  12741850.6847,  -4788.2146,   1306.3523,   3549.1372
 2101,  -5155163.7747,  10501858.2988,  12745399.3311,  -4787.8178,   1305.5436,   3548.1558
 2102,  -5159951.3941,  10503163.4384,  12748946.9965,  -4787.4210,   1304.7355,   3547.1750
 2103,  -5164738.6166,  10504467.7700,  12752493.6813,  -4787.0241,   1303.9280,   3546.1947
 2104,  -5169525.4423,  10505771.2945,  12756039.3861,  -4786.6272,   1303.1210,   3545.2150
 2105,  -5174311.8710,  10507074.0123,  12759584.1115,  -4786.2302,   1302.3146,   3544.2358
 2106,  -5179097.9027,  10508375.9240,  12763127.8580,  -4785.8332,   1301.5088,   3543.2572
 2107,  -5183883.5374,  10509677.0301,  12766670.6261,  -4785.4362,   1300.7036,   3542.2791
 2108,  -5188668.7752,  10510977.3314,  12770212.4164,  -4785.0392,   1299.8990,   3541.3016
 2109,  -5193453.6158,  10512276.8282,  12773753.2295,  -4784.6421,   1299.0949,   3540.3246
 2110,  -5198238.0593,  10513575.5213,  12777293.0658,  -4784.2450,   1298.2914,   3539.3482
 2111,  -5203022.1057,  10514873.4112,  12780831.9260,  -4783.8478,   1297.4884,   3538.3723
 2112,  -5207805.7549,  10516170.4984,  12784369.8105,  -4783.4506,   1296.6861,   3537.3969
 2113,  -5212589.0069,  10517466.7835,  12787906.7200,  -4783.0534,   1295.8843,   3536.4221
 2114,  -5217371.8617,  10518762.2671,  12791442.6549,  -4782.6561,   1295.0830,   3535.4478
 2115,  -5222154.3192,  10520056.9497,  12794977.6159,  -4782.2589,   1294.2824,   3534.4741
 2116,  -5226936.3794,  10521350.8320,  12798511.6033,  -4781.8615,   1293.4823,   3533.5009
 2117,  -5231718.0423,  10522643.9145,  12802044.6179,  -4781.4642,   1292.6828,   3532.5283
 2118,  -5236499.3078,  10523936.1978,  12805576.6601,  -4781.0668,   1291.8838,   3531.5562
 2119,  -5241280.1759,  10525227.6823,  12809107.7305,  -4780.6694,   1291.0854,   3530.5847
 2120,  -5246060.6465,  10526518.3688,  12812637.8296,  -4780.2719,   1290.2876,   3529.6136
 2121,  -5250840.7197,  10527808.2578,  12816166.9580,  -4779.8744,   1289.4904,   3528.6432
 2122,  -5255620.3954,  10529097.3497,  12819695.1162,  -4779.4769,   1288.6937,   3527.6732
 2123,  -5260399.6736,  10530385.6453,  12823222.3046,  -4779.0794,   1287.8975,   3526.7038
 2124,  -5265178.5542,  10531673.1450,  12826748.5240,  -4778.6818,   1287.1020,   3525.7350
 2125,  -5269957.0372,  10532959.8495,  12830273.7748,  -4778.2842,   1286.3070,   3524.7667
 2126,  -5274735.1226,  10534245.7592,  12833798.0575,  -4777.8866,   1285.5126,   3523.7989
 2127,  -5279512.8103,  10535530.8747,  12837321.3728,  -4777.4889,   1284.7187,   3522.8316
 2128,  -5284290.1004,  10536815.1967,  12840843.7210,  -4777.0912,   1283.9254,   3521.8649
 2129,  -5289066.9928,  10538098.7257,  12844365.1028,  -4776.6935,   1283.1326,   3520.8988
 2130,  -5293843.4874,  10539381.4622,  12847885.5187,  -4776.2957,   1282.3404,   3519.9331
 2131,  -5298619.5842,  10540663.4067,  12851404.9693,  -4775.8980,   1281.5488,   3518.9680
 2132,  -5303395.2833,  10541944.5600,  12854923.4550,  -4775.5001,   1280.7577,   3518.0035
 2133,  -5308170.5845,  10543224.9224,  12858440.9764,  -4775.1023,   1279.9672,   3517.0395
 2134,  -5312945.4879,  10544504.4946,  12861957.5341,  -4774.7044,   1279.1773,   3516.0760
 2135,  -5317719.9933,  10545783.2771,  12865473.1285,  -4774.3065,   1278.3879,   3515.1130
 2136,  -5322494.1009,  10547061.2705,  12868987.7602,  -4773.9086,   1277.5990,   3514.1506
 2137,  -5327267.8105,  10548338.4754,  12872501.4298,  -4773.5106,   1276.8108,   3513.1887
 2138,  -5332041.1222,  10549614.8922,  12876014.1378,  -4773.1127,   1276.0230,   3512.2273
 2139,  -5336814.0359,  10550890.5216,  12879525.8846,  -4772.7147,   1275.2359,   3511.2665
 2140,  -5341586.5515,  10552165.3641,  12883036.6709,  -4772.3166,   1274.4492,   3510.3062
 2141,  -5346358.6691,  10553439.4203,  12886546.4972,  -4771.9186,   1273.6632,   3509.3464
 2142,  -5351130.3886,  10554712.6907,  12890055.3639,  -4771.5205,   1272.8777,   3508.3872
 2143,  -5355901.7100,  10555985.1758,  12893563.2717,  -4771.1223,   1272.0927,   3507.4285
 2144,  -5360672.6333,  10557256.8763,  12897070.2210,  -4770.7242,   1271.3083,   3506.4703
 2145,  -5365443.1584,  10558527.7927,  12900576.2125,  -4770.3260,   1270.5245,   3505.5126
 2146,  -5370213.2853,  10559797.9254,  12904081.2465,  -4769.9278,   1269.7412,   3504.5555
 2147,  -5374983.0141,  10561067.2752,  12907585.3237,  -4769.5296,   1268.9584,   3503.5989
 2148,  -5379752.3446,  10562335.8425,  12911088.4446,  -4769.1314,   1268.1762,   3502.6429
 2149,  -5384521.2768,  10563603.6278,  12914590.6096,  -4768.7331,   1267.3946,   3501.6873
 2150,  -5389289.8107,  10564870.6318,  12918091.8194,  -4768.3348,   1266.6135,   3500.7323
 2151,  -5394057.9464,  10566136.8550,  12921592.0745,  -4767.9365,   1265.8329,   3499.7778
 2152,  -5398825.6837,  10567402.2978,  12925091.3753,  -4767.5381,   1265.0529,   3498.8239
 2153,  -5403593.0226,  10568666.9610,  12928589.7224,  -4767.1398,   1264.2735,   3497.8705
 2154,  -5408359.9632,  10569930.8450,  12932087.1164,  -4766.7414,   1263.4946,   3496.9176
 2155,  -5413126.5054,  10571193.9503,  12935583.5577,  -4766.3429,   1262.7162,   3495.9652
 2156,  -5417892.6491,  10572456.2775,  12939079.0469,  -4765.9445,   1261.9384,   3495.0133
 2157,  -5422658.3944,  10573717.8272,  12942573.5845,  -4765.5460,   1261.1611,   3494.0620
 2158,  -5427423.7411,  10574978.5999,  12946067.1710,  -4765.1475,   1260.3844,   3493.1112
 2159,  -5432188.6894,  10576238.5962,  12949559.8070,  -4764.7490,   1259.6082,   3492.1609
 2160,  -5436953.2392,  10577497.8165,  12953051.4929,  -4764.3505,   1258.8326,   3491.2111
 2161,  -5441717.3904,  10578756.2615,  12956542.2294,  -4763.9519,   1258.0575,   3490.2619
 2162,  -5446481.1431,  10580013.9316,  12960032.0169,  -4763.5534,   1257.2829,   3489.3131
 2163,  -5451244.4971,  10581270.8275,  12963520.8559,  -4763.1547,   1256.5089,   3488.3649
 2164,  -5456007.4526,  10582526.9496,  12967008.7469,  -4762.7561,   1255.7354,   3487.4173
 2165,  -5460770.0094,  10583782.2985,  12970495.6906,  -4762.3575,   1254.9625,   3486.4701
 2166,  -5465532.1675,  10585036.8748,  12973981.6873,  -4761.9588,   1254.1901,   3485.5235
 2167,  -5470293.9270,  10586290.6789,  12977466.7377,  -4761.5601,   1253.4183,   3484.5773
 2168,  -5475055.2877,  10587543.7114,  12980950.8422,  -4761.1614,   1252.6469,   3483.6317
 2169,  -5479816.2497,  10588795.9730,  12984434.0013,  -4760.7627,   1251.8762,   3482.6867
 2170,  -5484576.8130,  10590047.4640,  12987916.2157,  -4760.3639,   1251.1059,   3481.7421
 2171,  -5489336.9776,  10591298.1850,  12991397.4857,  -4759.9651,   1250.3362,   3480.7980
 2172,  -5494096.7433,  10592548.1366,  12994877.8119,  -4759.5663,   1249.5671,   3479.8545
 2173,  -5498856.1102,  10593797.3193,  12998357.1949,  -4759.1675,   1248.7984,   3478.9115
 2174,  -5503615.0783,  10595045.7337,  13001835.6351,  -4758.7687,   1248.0304,   3477.9690
 2175,  -5508373.6476,  10596293.3802,  13005313.1330,  -4758.3698,   1247.2628,   3477.0270
 2176,  -5513131.8180,  10597540.2595,  13008789.6893,  -4757.9710,   1246.4958,   3476.0855
 2177,  -5517889.5895,  10598786.3720,  13012265.3043,  -4757.5721,   1245.7293,   3475.1446
 2178,  -5522646.9621,  10600031.7183,  13015739.9786,  -4757.1731,   1244.9634,   3474.2042
 2179,  -5527403.9358,  10601276.2989,  13019213.7128,  -4756.7742,   1244.1979,   3473.2642
 2180,  -5532160.5105,  10602520.1143,  13022686.5073,  -4756.3753,   1243.4330,   3472.3248
 2181,  -5536916.6863,  10603763.1651,  13026158.3626,  -4755.9763,   1242.6687,   3471.3859
 2182,  -5541672.4631,  10605005.4519,  13029629.2793,  -4755.5773,   1241.9049,   3470.4475
 2183,  -5546427.8409,  10606246.9751,  13033099.2578,  -4755.1783,   1241.1416,   3469.5097
 2184,  -5551182.8197,  10607487.7352,  13036568.2988,  -4754.7793,   1240.3788,   3468.5723
 2185,  -5555937.3995,  10608727.7329,  13040036.4026,  -4754.3802,   1239.6166,   3467.6355
 2186,  -5560691.5801,  10609966.9686,  13043503.5699,  -4753.9812,   1238.8549,   3466.6991
 2187,  -5565445.3618,  10611205.4428,  13046969.8010,  -4753.5821,   1238.0937,   3465.7633
 2188,  -5570198.7443,  10612443.1562,  13050435.0966,  -4753.1830,   1237.3331,   3464.8280
 2189,  -5574951.7277,  10613680.1091,  13053899.4571,  -4752.7839,   1236.5729,   3463.8932
 2190,  -5579704.3121,  10614916.3022,  13057362.8831,  -4752.3847,   1235.8134,   3462.9589
 2191,  -5584456.4972,  10616151.7360,  13060825.3750,  -4751.9856,   1235.0543,   3462.0251
 2192,  -5589208.2832,  10617386.4110,  13064286.9334,  -4751.5864,   1234.2958,   3461.0918
 2193,  -5593959.6701,  10618620.3277,  13067747.5587,  -4751.1873,   1233.5377,   3460.1590
 2194,  -5598710.6578,  10619853.4867,  13071207.2516,  -4750.7881,   1232.7803,   3459.2267
 2195,  -5603461.2462,  10621085.8884,  13074666.0124,  -4750.3888,   1232.0233,   3458.2950
 2196,  -5608211.4354,  10622317.5334,  13078123.8417,  -4749.9896,   1231.2669,   3457.3637
 2197,  -5612961.2254,  10623548.4223,  13081580.7400,  -4749.5904,   1230.5109,   3456.4330
 2198,  -5617710.6162,  10624778.5555,  13085036.7078,  -4749.1911,   1229.7555,   3455.5027
 2199,  -5622459.6077,  10626007.9335,  13088491.7457,  -4748.7918,   1229.0007,   3454.5730
 2200,  -5627208.1999,  10627236.5570,  13091945.8540,  -4748.3926,   1228.2463,   3453.6438
 2201,  -5631956.3928,  10628464.4264,  13095399.0334,  -4747.9933,   1227.4925,   3452.7150
 2202,  -5636704.1864,  10629691.5422,  13098851.2843,  -4747.5939,   1226.7392,   3451.7868
 2203,  -5641451.5807,  10630917.9049,  13102302.6072,  -4747.1946,   1225.9864,   3450.8591
 2204,  -5646198.5756,  10632143.5151,  13105753.0027,  -4746.7953,   1225.2341,   3449.9319
 2205,  -5650945.1712,  10633368.3734,  13109202.4712,  -4746.3959,   1224.4824,   3449.0052
 2206,  -5655691.3674,  10634592.4801,  13112651.0132,  -4745.9965,   1223.7312,   3448.0790
 2207,  -5660437.1642,  10635815.8359,  13116098.6293,  -4745.5971,   1222.9805,   3447.1533
 2208,  -5665182.5617,  10637038.4412,  13119545.3199,  -4745.1977,   1222.2303,   3446.2281
 2209,  -5669927.5597,  10638260.2966,  13122991.0855,  -4744.7983,   1221.4806,   3445.3033
 2210,  -5674672.1583,  10639481.4025,  13126435.9267,  -4744.3989,   1220.7314,   3444.3791
 2211,  -5679416.3575,  10640701.7596,  13129879.8440,  -4743.9995,   1219.9828,   3443.4554
 2212,  -5684160.1572,  10641921.3683,  13133322.8378,  -4743.6000,   1219.2347,   3442.5322
 2213,  -5688903.5575,  10643140.2291,  13136764.9086,  -4743.2005,   1218.4870,   3441.6095
 2214,  -5693646.5583,  10644358.3425,  13140206.0570,  -4742.8011,   1217.7399,   3440.6873
 2215,  -5698389.1596,  10645575.7091,  13143646.2834,  -4742.4016,   1216.9934,   3439.7656
 2216,  -5703131.3614,  10646792.3294,  13147085.5883,  -4742.0021,   1216.2473,   3438.8444
 2217,  -5707873.1637,  10648008.2039,  13150523.9723,  -4741.6026,   1215.5017,   3437.9237
 2218,  -5712614.5665,  10649223.3330,  13153961.4359,  -4741.2030,   1214.7567,   3437.0035
 2219,  -5717355.5698,  10650437.7174,  13157397.9794,  -4740.8035,   1214.0121,   3436.0837
 2220,  -5722096.1735,  10651651.3575,  13160833.6035,  -4740.4039,   1213.2681,   3435.1645
 2221,  -5726836.3776,  10652864.2538,  13164268.3087,  -4740.0044,   1212.5246,   3434.2458
 2222,  -5731576.1822,  10654076.4069,  13167702.0953,  -4739.6048,   1211.7816,   3433.3276
 2223,  -5736315.5873,  10655287.8172,  13171134.9640,  -4739.2052,   1211.0391,   3432.4098
 2224,  -5741054.5927,  10656498.4853,  13174566.9151,  -4738.8056,   1210.2971,   3431.4926
 2225,  -5745793.1985,  10657708.4116,  13177997.9493,  -4738.4060,   1209.5557,   3430.5758
 2226,  -5750531.4048,  10658917.5968,  13181428.0670,  -4738.0064,   1208.8147,   3429.6596
 2227,  -5755269.2114,  10660126.0412,  13184857.2687,  -4737.6068,   1208.0742,   3428.7438
 2228,  -5760006.6184,  10661333.7454,  13188285.5548,  -4737.2072,   1207.3343,   3427.8286
 2229,  -5764743.6257,  10662540.7100,  13191712.9260,  -4736.8075,   1206.5949,   3426.9138
 2230,  -5769480.2334,  10663746.9353,  13195139.3826,  -4736.4079,   1205.8559,   3425.9995
 2231,  -5774216.4415,  10664952.4220,  13198564.9252,  -4736.0082,   1205.1175,   3425.0857
 2232,  -5778952.2499,  10666157.1705,  13201989.5542,  -4735.6086,   1204.3796,   3424.1724
 2233,  -5783687.6586,  10667361.1813,  13205413.2702,  -4735.2089,   1203.6421,   3423.2596
 2234,  -5788422.6676,  10668564.4549,  13208836.0736,  -4734.8092,   1202.9052,   3422.3473
 2235,  -5793157.2770,  10669766.9919,  13212257.9650,  -4734.4095,   1202.1688,   3421.4355
 2236,  -5797891.4866,  10670968.7927,  13215678.9447,  -4734.0098,   1201.4329,   3420.5241
 2237,  -5802625.2966,  10672169.8578,  13219099.0134,  -4733.6101,   1200.6975,   3419.6133
 2238,  -5807358.7068,  10673370.1878,  13222518.1715,  -4733.2104,   1199.9626,   3418.7029
 2239,  -5812091.7173,  10674569.7832,  13225936.4195,  -4732.8106,   1199.2282,   3417.7931
 2240,  -5816824.3281,  10675768.6444,  13229353.7578,  -4732.4109,   1198.4943,   3416.8837
 2241,  -5821556.5391,  10676966.7719,  13232770.1870,  -4732.0112,   1197.7609,   3415.9748
 2242,  -5826288.3504,  10678164.1663,  13236185.7076,  -4731.6114,   1197.0280,   3415.0664
 2243,  -5831019.7619,  10679360.8280,  13239600.3200,  -4731.2116,   1196.2956,   3414.1585
 2244,  -5835750.7737,  10680556.7576,  13243014.0247,  -4730.8119,   1195.5637,   3413.2510
 2245,  -5840481.3857,  10681751.9556,  13246426.8222,  -4730.4121,   1194.8323,   3412.3441
 2246,  -5845211.5979,  10682946.4223,  13249838.7131,  -4730.0123,   1194.1014,   3411.4376
 2247,  -5849941.4103,  10684140.1585,  13253249.6977,  -4729.6126,   1193.3710,   3410.5317
 2248,  -5854670.8230,  10685333.1644,  13256659.7765,  -4729.2128,   1192.6411,   3409.6262
 2249,  -5859399.8358,  10686525.4407,  13260068.9502,  -4728.8130,   1191.9116,   3408.7212
 2250,  -5864128.4489,  10687716.9879,  13263477.2190,  -4728.4132,   1191.1827,   3407.8166
 2251,  -5868856.6622,  10688907.8063,  13266884.5836,  -4728.0134,   1190.4543,   3406.9126
 2252,  -5873584.4756,  10690097.8966,  13270291.0444,  -4727.6135,   1189.7264,   3406.0091
 2253,  -5878311.8892,  10691287.2593,  13273696.6019,  -4727.2137,   1188.9989,   3405.1060
 2254,  -5883038.9031,  10692475.8947,  13277101.2566,  -4726.8139,   1188.2720,   3404.2034
 2255,  -5887765.5170,  10693663.8034,  13280505.0089,  -4726.4141,   1187.5456,   3403.3013
 2256,  -5892491.7312,  10694850.9860,  13283907.8593,  -4726.0142,   1186.8196,   3402.3997
 2257,  -5897217.5455,  10696037.4428,  13287309.8084,  -4725.6144,   1186.0942,   3401.4985
 2258,  -5901942.9600,  10697223.1745,  13290710.8565,  -4725.2145,   1185.3692,   3400.5979
 2259,  -5906667.9746,  10698408.1814,  13294111.0042,  -4724.8147,   1184.6447,   3399.6977
 2260,  -5911392.5894,  10699592.4641,  13297510.2520,  -4724.4148,   1183.9207,   3398.7980
 2261,  -5916116.8043,  10700776.0230,  13300908.6003,  -4724.0150,   1183.1973,   3397.8987
 2262,  -5920840.6193,  10701958.8587,  13304306.0497,  -4723.6151,   1182.4743,   3397.0000
 2263,  -5925564.0345,  10703140.9717,  13307702.6005,  -4723.2153,   1181.7517,   3396.1017
 2264,  -5930287.0499,  10704322.3624,  13311098.2533,  -4722.8154,   1181.0297,   3395.2040
 2265,  -5935009.6653,  10705503.0313,  13314493.0086,  -4722.4155,   1180.3082,   3394.3066
 2266,  -5939731.8809,  10706682.9789,  13317886.8668,  -4722.0156,   1179.5871,   3393.4098
 2267,  -5944453.6966,  10707862.2058,  13321279.8284,  -4721.6158,   1178.8666,   3392.5135
 2268,  -5949175.1124,  10709040.7123,  13324671.8939,  -4721.2159,   1178.1465,   3391.6176
 2269,  -5953896.1284,  10710218.4990,  13328063.0637,  -4720.8160,   1177.4269,   3390.7222
 2270,  -5958616.7444,  10711395.5663,  13331453.3384,  -4720.4161,   1176.7078,   3389.8273
 2271,  -5963336.9606,  10712571.9148,  13334842.7184,  -4720.0162,   1175.9892,   3388.9328
 2272,  -5968056.7769,  10713747.5450,  13338231.2042,  -4719.6163,   1175.2711,   3388.0388
 2273,  -5972776.1933,  10714922.4572,  13341618.7962,  -4719.2164,   1174.5535,   3387.1453
 2274,  -5977495.2098,  10716096.6521,  13345005.4950,  -4718.8165,   1173.8363,   3386.2523
 2275,  -5982213.8264,  10717270.1300,  13348391.3010,  -4718.4166,   1173.1197,   3385.3598
 2276,  -5986932.0431,  10718442.8915,  13351776.2147,  -4718.0167,   1172.4035,   3384.4677
 2277,  -5991649.8599,  10719614.9371,  13355160.2366,  -4717.6168,   1171.6878,   3383.5761
 2278,  -5996367.2768,  10720786.2672,  13358543.3671,  -4717.2169,   1170.9725,   3382.6850
 2279,  -6001084.2938,  10721956.8824,  13361925.6067,  -4716.8170,   1170.2578,   3381.7943
 2280,  -6005800.9109,  10723126.7830,  13365306.9558,  -4716.4171,   1169.5436,   3380.9041
 2281,  -6010517.1280,  10724295.9696,  13368687.4151,  -4716.0172,   1168.8298,   3380.0144
 2282,  -6015232.9453,  10725464.4427,  13372066.9848,  -4715.6173,   1168.1165,   3379.1252
 2283,  -6019948.3627,  10726632.2028,  13375445.6656,  -4715.2174,   1167.4037,   3378.2364
 2284,  -6024663.3802,  10727799.2502,  13378823.4578,  -4714.8175,   1166.6913,   3377.3481
 2285,  -6029377.9977,  10728965.5856,  13382200.3619,  -4714.4176,   1165.9795,   3376.4603
 2286,  -6034092.2154,  10730131.2094,  13385576.3785,  -4714.0177,   1165.2681,   3375.5729
 2287,  -6038806.0331,  10731296.1220,  13388951.5079,  -4713.6178,   1164.5572,   3374.6860
 2288,  -6043519.4509,  10732460.3240,  13392325.7507,  -4713.2179,   1163.8468,   3373.7996
 2289,  -6048232.4689,  10733623.8157,  13395699.1073,  -4712.8180,   1163.1369,   3372.9136
 2290,  -6052945.0869,  10734786.5978,  13399071.5781,  -4712.4181,   1162.4274,   3372.0282
 2291,  -6057657.3050,  10735948.6707,  13402443.1637,  -4712.0182,   1161.7184,   3371.1431
 2292,  -6062369.1232,  10737110.0348,  13405813.8646,  -4711.6183,   1161.0099,   3370.2586
 2293,  -6067080.5415,  10738270.6906,  13409183.6811,  -4711.2184,   1160.3018,   3369.3745
 2294,  -6071791.5599,  10739430.6386,  13412552.6138,  -4710.8184,   1159.5943,   3368.4909
 2295,  -6076502.1784,  10740589.8793,  13415920.6630,  -4710.4185,   1158.8872,   3367.6077
 2296,  -6081212.3970,  10741748.4132,  13419287.8294,  -4710.0186,   1158.1806,   3366.7251
 2297,  -6085922.2157,  10742906.2407,  13422654.1133,  -4709.6187,   1157.4744,   3365.8428
 2298,  -6090631.6345,  10744063.3622,  13426019.5153,  -4709.2189,   1156.7688,   3364.9611
 2299,  -6095340.6534,  10745219.7784,  13429384.0357,  -4708.8190,   1156.0636,   3364.0798
 2300,  -6100049.2724,  10746375.4896,  13432747.6750,  -4708.4191,   1155.3589,   3363.1990
 2301,  -6104757.4915,  10747530.4963,  13436110.4338,  -4708.0192,   1154.6546,   3362.3186
 2302,  -6109465.3108,  10748684.7990,  13439472.3124,  -4707.6193,   1153.9508,   3361.4387
 2303,  -6114172.7301,  10749838.3981,  13442833.3114,  -4707.2194,   1153.2475,   3360.5593
 2304,  -6118879.7496,  10750991.2942,  13446193.4312,  -4706.8195,   1152.5447,   3359.6803
 2305,  -6123586.3691,  10752143.4877,  13449552.6722,  -4706.4196,   1151.8423,   3358.8018
 2306,  -6128292.5888,  10753294.9790,  13452911.0350,  -4706.0198,   1151.1404,   3357.9238
 2307,  -6132998.4086,  10754445.7687,  13456268.5199,  -4705.6199,   1150.4390,   3357.0462
 2308,  -6137703.8286,  10755595.8572,  13459625.1275,  -4705.2200,   1149.7381,   3356.1691
 2309,  -6142408.8487,  10756745.2450,  13462980.8582,  -4704.8201,   1149.0376,   3355.2924
 2310,  -6147113.4689,  10757893.9325,  13466335.7125,  -4704.4203,   1148.3375,   3354.4162
 2311,  -6151817.6892,  10759041.9202,  13469689.6908,  -4704.0204,   1147.6380,   3353.5405
 2312,  -6156521.5097,  10760189.2086,  13473042.7936,  -4703.6206,   1146.9389,   3352.6652
 2313,  -6161224.9303,  10761335.7981,  13476395.0213,  -4703.2207,   1146.2403,   3351.7904
 2314,  -6165927.9511,  10762481.6893,  13479746.3744,  -4702.8209,   1145.5421,   3350.9160
 2315,  -6170630.5720,  10763626.8825,  13483096.8535,  -4702.4210,   1144.8444,   3350.0421
 2316,  -6175332.7931,  10764771.3783,  13486446.4588,  -4702.0212,   1144.1472,   3349.1687
 2317,  -6180034.6144,  10765915.1771,  13489795.1909,  -4701.6213,   1143.4504,   3348.2957
 2318,  -6184736.0358,  10767058.2793,  13493143.0503,  -4701.2215,   1142.7541,   3347.4231
 2319,  -6189437.0574,  10768200.6855,  13496490.0373,  -4700.8217,   1142.0583,   3346.5511
 2320,  -6194137.6791,  10769342.3961,  13499836.1526,  -4700.4219,   1141.3629,   3345.6794
 2321,  -6198837.9011,  10770483.4115,  13503181.3964,  -4700.0220,   1140.6680,   3344.8083
 2322,  -6203537.7232,  10771623.7323,  13506525.7693,  -4699.6222,   1139.9736,   3343.9376
 2323,  -6208237.1455,  10772763.3588,  13509869.2717,  -4699.2224,   1139.2796,   3343.0673
 2324,  -6212936.1680,  10773902.2916,  13513211.9041,  -4698.8226,   1138.5861,   3342.1975
 2325,  -6217634.7908,  10775040.5311,  13516553.6670,  -4698.4228,   1137.8930,   3341.3282
 2326,  -6222333.0137,  10776178.0778,  13519894.5607,  -4698.0230,   1137.2004,   3340.4593
 2327,  -6227030.8368,  10777314.9321,  13523234.5858,  -4697.6233,   1136.5083,   3339.5909
 2328,  -6231728.2602,  10778451.0945,  13526573.7427,  -4697.2235,   1135.8166,   3338.7229
 2329,  -6236425.2838,  10779586.5654,  13529912.0318,  -4696.8237,   1135.1254,   3337.8554
 2330,  -6241121.9076,  10780721.3453,  13533249.4536,  -4696.4239,   1134.4346,   3336.9883
 2331,  -6245818.1317,  10781855.4348,  13536586.0086,  -4696.0242,   1133.7443,   3336.1217
 2332,  -6250513.9560,  10782988.8341,  13539921.6972,  -4695.6244,   1133.0544,   3335.2556
 2333,  -6255209.3805,  10784121.5438,  13543256.5199,  -4695.2247,   1132.3651,   3334.3898
 2334,  -6259904.4053,  10785253.5643,  13546590.4770,  -4694.8249,   1131.6761,   3333.5246
 2335,  -6264599.0304,  10786384.8962,  13549923.5692,  -4694.4252,   1130.9876,   3332.6598
 2336,  -6269293.2558,  10787515.5398,  13553255.7967,  -4694.0255,   1130.2996,   3331.7954
 2337,  -6273987.0814,  10788645.4956,  13556587.1602,  -4693.6258,   1129.6121,   3330.9315
 2338,  -6278680.5073,  10789774.7640,  13559917.6599,  -4693.2261,   1128.9249,   3330.0681
 2339,  -6283373.5336,  10790903.3456,  13563247.2964,  -4692.8264,   1128.2383,   3329.2050
 2340,  -6288066.1601,  10792031.2408,  13566576.0702,  -4692.4267,   1127.5521,   3328.3425
 2341,  -6292758.3869,  10793158.4499,  13569903.9816,  -4692.0270,   1126.8663,   3327.4804
 2342,  -6297450.2141,  10794284.9736,  13573231.0311,  -4691.6273,   1126.1810,   3326.6187
 2343,  -6302141.6416,  10795410.8122,  13576557.2191,  -4691.2276,   1125.4962,   3325.7575
 2344,  -6306832.6694,  10796535.9661,  13579882.5462,  -4690.8280,   1124.8118,   3324.8967
 2345,  -6311523.2975,  10797660.4360,  13583207.0128,  -4690.4283,   1124.1279,   3324.0364
 2346,  -6316213.5260,  10798784.2220,  13586530.6192,  -4690.0287,   1123.4444,   3323.1766
 2347,  -6320903.3549,  10799907.3249,  13589853.3660,  -4689.6291,   1122.7614,   3322.3171
 2348,  -6325592.7842,  10801029.7449,  13593175.2536,  -4689.2294,   1122.0788,   3321.4582
 2349,  -6330281.8138,  10802151.4826,  13596496.2825,  -4688.8298,   1121.3966,   3320.5996
 2350,  -6334970.4438,  10803272.5383,  13599816.4530,  -4688.4302,   1120.7150,   3319.7415
 2351,  -6339658.6742,  10804392.9126,  13603135.7657,  -4688.0306,   1120.0337,   3318.8839
 2352,  -6344346.5050,  10805512.6059,  13606454.2210,  -4687.6310,   1119.3529,   3318.0267
 2353,  -6349033.9362,  10806631.6186,  13609771.8193,  -4687.2314,   1118.6726,   3317.1700
 2354,  -6353720.9679,  10807749.9513,  13613088.5611,  -4686.8319,   1117.9927,   3316.3137
 2355,  -6358407.6000,  10808867.6042,  13616404.4468,  -4686.4323,   1117.3133,   3315.4578
 2356,  -6363093.8325,  10809984.5779,  13619719.4768,  -4686.0328,   1116.6343,   3314.6024
 2357,  -6367779.6655,  10811100.8729,  13623033.6516,  -4685.6332,   1115.9557,   3313.7474
 2358,  -6372465.0989,  10812216.4895,  13626346.9717,  -4685.2337,   1115.2776,   3312.8929
 2359,  -6377150.1329,  10813331.4283,  13629659.4375,  -4684.8342,   1114.6000,   3312.0388
 2360,  -6381834.7673,  10814445.6896,  13632971.0494,  -4684.4347,   1113.9228,   3311.1851
 2361,  -6386519.0022,  10815559.2740,  13636281.8079,  -4684.0352,   1113.2460,   3310.3319
 2362,  -6391202.8376,  10816672.1818,  13639591.7134,  -4683.6357,   1112.5697,   3309.4792
 2363,  -6395886.2735,  10817784.4135,  13642900.7664,  -4683.2362,   1111.8938,   3308.6268
 2364,  -6400569.3100,  10818895.9695,  13646208.9672,  -4682.8367,   1111.2184,   3307.7750
 2365,  -6405251.9470,  10820006.8504,  13649516.3164,  -4682.4373,   1110.5434,   3306.9235
 2366,  -6409934.1845,  10821117.0565,  13652822.8144,  -4682.0378,   1109.8688,   3306.0725
 2367,  -6414616.0227,  10822226.5882,  13656128.4616,  -4681.6384,   1109.1947,   3305.2219
 2368,  -6419297.4613,  10823335.4461,  13659433.2584,  -4681.2390,   1108.5211,   3304.3718
 2369,  -6423978.5006,  10824443.6305,  13662737.2054,  -4680.8396,   1107.8479,   3303.5221
 2370,  -6428659.1405,  10825551.1419,  13666040.3029,  -4680.4402,   1107.1751,   3302.6729
 2371,  -6433339.3809,  10826657.9808,  13669342.5513,  -4680.0408,   1106.5027,   3301.8241
 2372,  -6438019.2220,  10827764.1476,  13672643.9512,  -4679.6414,   1105.8308,   3300.9757
 2373,  -6442698.6638,  10828869.6427,  13675944.5029,  -4679.2420,   1105.1594,   3300.1278
 2374,  -6447377.7061,  10829974.4665,  13679244.2069,  -4678.8427,   1104.4884,   3299.2803
 2375,  -6452056.3492,  10831078.6196,  13682543.0636,  -4678.4434,   1103.8178,   3298.4332
 2376,  -6456734.5928,  10832182.1023,  13685841.0735,  -4678.0440,   1103.1477,   3297.5866
 2377,  -6461412.4372,  10833284.9150,  13689138.2369,  -4677.6447,   1102.4780,   3296.7404
 2378,  -6466089.8823,  10834387.0583,  13692434.5544,  -4677.2454,   1101.8087,   3295.8947
 2379,  -6470766.9281,  10835488.5326,  13695730.0264,  -4676.8461,   1101.1399,   3295.0493
 2380,  -6475443.5746,  10836589.3382,  13699024.6533,  -4676.4469,   1100.4715,   3294.2045
 2381,  -6480119.8218,  10837689.4757,  13702318.4355,  -4676.0476,   1099.8035,   3293.3600
 2382,  -6484795.6698,  10838788.9454,  13705611.3734,  -4675.6484,   1099.1360,   3292.5160
 2383,  -6489471.1185,  10839887.7479,  13708903.4676,  -4675.2491,   1098.4689,   3291.6724
 2384,  -6494146.1680,  10840985.8834,  13712194.7184,  -4674.8499,   1097.8023,   3290.8293
 2385,  -6498820.8183,  10842083.3526,  13715485.1263,  -4674.4507,   1097.1361,   3289.9866
 2386,  -6503495.0694,  10843180.1558,  13718774.6917,  -4674.0515,   1096.4703,   3289.1443
 2387,  -6508168.9213,  10844276.2934,  13722063.4150,  -4673.6523,   1095.8050,   3288.3024
 2388,  -6512842.3740,  10845371.7658,  13725351.2967,  -4673.2532,   1095.1401,   3287.4610
 2389,  -6517515.4276,  10846466.5736,  13728638.3372,  -4672.8540,   1094.4756,   3286.6200
 2390,  -6522188.0820,  10847560.7172,  13731924.5370,  -4672.4549,   1093.8115,   3285.7795
 2391,  -6526860.3373,  10848654.1969,  13735209.8964,  -4672.0557,   1093.1479,   3284.9394
 2392,  -6531532.1935,  10849747.0132,  13738494.4159,  -4671.6566,   1092.4848,   3284.0997
 2393,  -6536203.6506,  10850839.1665,  13741778.0959,  -4671.2575,   1091.8220,   3283.2604
 2394,  -6540874.7086,  10851930.6574,  13745060.9369,  -4670.8585,   1091.1597,   3282.4216
 2395,  -6545545.3675,  10853021.4861,  13748342.9393,  -4670.4594,   1090.4978,   3281.5832
 2396,  -6550215.6274,  10854111.6532,  13751624.1034,  -4670.0603,   1089.8364,   3280.7452
 2397,  -6554885.4882,  10855201.1590,  13754904.4299,  -4669.6613,   1089.1753,   3279.9077
 2398,  -6559554.9500,  10856290.0040,  13758183.9190,  -4669.2623,   1088.5148,   3279.0706
 2399,  -6564224.0128,  10857378.1886,  13761462.5712,  -4668.8633,   1087.8546,   3278.2339
 2400,  -6568892.6766,  10858465.7133,  13764740.3869,  -4668.4643,   1087.1949,   3277.3976
 2401,  -6573560.9414,  10859552.5785,  13768017.3666,  -4668.0653,   1086.5356,   3276.5618
 2402,  -6578228.8073,  10860638.7846,  13771293.5107,  -4667.6664,   1085.8767,   3275.7264
 2403,  -6582896.2742,  10861724.3320,  13774568.8196,  -4667.2674,   1085.2182,   3274.8914
 2404,  -6587563.3421,  10862809.2212,  13777843.2937,  -4666.8685,   1084.5602,   3274.0569
 2405,  -6592230.0112,  10863893.4525,  13781116.9335,  -4666.4696,   1083.9026,   3273.2228
 2406,  -6596896.2813,  10864977.0265,  13784389.7394,  -4666.0707,   1083.2454,   3272.3891
 2407,  -6601562.1526,  10866059.9435,  13787661.7118,  -4665.6718,   1082.5887,   3271.5558
 2408,  -6606227.6250,  10867142.2040,  13790932.8512,  -4665.2730,   1081.9324,   3270.7230
 2409,  -6610892.6985,  10868223.8084,  13794203.1579,  -4664.8741,   1081.2765,   3269.8905
 2410,  -6615557.3732,  10869304.7571,  13797472.6324,  -4664.4753,   1080.6210,   3269.0586
 2411,  -6620221.6491,  10870385.0505,  13800741.2751,  -4664.0765,   1079.9660,   3268.2270
 2412,  -6624885.5261,  10871464.6891,  13804009.0865,  -4663.6777,   1079.3113,   3267.3958
 2413,  -6629549.0044,  10872543.6733,  13807276.0669,  -4663.2789,   1078.6571,   3266.5651
 2414,  -6634212.0840,  10873622.0036,  13810542.2169,  -4662.8801,   1078.0034,   3265.7348
 2415,  -6638874.7647,  10874699.6802,  13813807.5367,  -4662.4814,   1077.3500,   3264.9049
 2416,  -6643537.0468,  10875776.7037,  13817072.0269,  -4662.0827,   1076.6971,   3264.0755
 2417,  -6648198.9301,  10876853.0745,  13820335.6878,  -4661.6840,   1076.0446,   3263.2464
 2418,  -6652860.4147,  10877928.7930,  13823598.5199,  -4661.2853,   1075.3925,   3262.4178
 2419,  -6657521.5006,  10879003.8596,  13826860.5236,  -4660.8866,   1074.7408,   3261.5896
 2420,  -6662182.1879,  10880078.2748,  13830121.6994,  -4660.4879,   1074.0896,   3260.7619
 2421,  -6666842.4765,  10881152.0389,  13833382.0475,  -4660.0893,   1073.4388,   3259.9345
 2422,  -6671502.3665,  10882225.1524,  13836641.5686,  -4659.6907,   1072.7883,   3259.1076
 2423,  -6676161.8579,  10883297.6158,  13839900.2629,  -4659.2921,   1072.1384,   3258.2811
 2424,  -6680820.9507,  10884369.4293,  13843158.1309,  -4658.8935,   1071.4888,   3257.4550
 2425,  -6685479.6449,  10885440.5935,  13846415.1731,  -4658.4949,   1070.8396,   3256.6293
 2426,  -6690137.9406,  10886511.1087,  13849671.3898,  -4658.0964,   1070.1909,   3255.8041
 2427,  -6694795.8377,  10887580.9755,  13852926.7814,  -4657.6979,   1069.5426,   3254.9793
 2428,  -6699453.3363,  10888650.1941,  13856181.3484,  -4657.2993,   1068.8947,   3254.1549
 2429,  -6704110.4364,  10889718.7650,  13859435.0913,  -4656.9009,   1068.2472,   3253.3309
 2430,  -6708767.1380,  10890786.6887,  13862688.0103,  -4656.5024,   1067.6002,   3252.5073
 2431,  -6713423.4411,  10891853.9655,  13865940.1060,  -4656.1039,   1066.9535,   3251.6841
 2432,  -6718079.3459,  10892920.5959,  13869191.3787,  -4655.7055,   1066.3073,   3250.8614
 2433,  -6722734.8521,  10893986.5803,  13872441.8289,  -4655.3071,   1065.6615,   3250.0391
 2434,  -6727389.9600,  10895051.9190,  13875691.4570,  -4654.9087,   1065.0161,   3249.2172
 2435,  -6732044.6695,  10896116.6126,  13878940.2634,  -4654.5103,   1064.3711,   3248.3957
 2436,  -6736698.9806,  10897180.6614,  13882188.2485,  -4654.1119,   1063.7265,   3247.5746
 2437,  -6741352.8934,  10898244.0658,  13885435.4127,  -4653.7136,   1063.0824,   3246.7539
 2438,  -6746006.4079,  10899306.8263,  13888681.7565,  -4653.3153,   1062.4387,   3245.9337
 2439,  -6750659.5240,  10900368.9433,  13891927.2803,  -4652.9170,   1061.7953,   3245.1139
 2440,  -6755312.2419,  10901430.4171,  13895171.9844,  -4652.5187,   1061.1524,   3244.2944
 2441,  -6759964.5614,  10902491.2482,  13898415.8693,  -4652.1205,   1060.5099,   3243.4754
 2442,  -6764616.4828,  10903551.4370,  13901658.9354,  -4651.7222,   1059.8678,   3242.6569
 2443,  -6769268.0059,  10904610.9840,  13904901.1832,  -4651.3240,   1059.2261,   3241.8387
 2444,  -6773919.1308,  10905669.8895,  13908142.6129,  -4650.9258,   1058.5849,   3241.0209
 2445,  -6778569.8575,  10906728.1539,  13911383.2251,  -4650.5276,   1057.9440,   3240.2036
 2446,  -6783220.1861,  10907785.7776,  13914623.0202,  -4650.1295,   1057.3036,   3239.3866
 2447,  -6787870.1165,  10908842.7611,  13917861.9986,  -4649.7313,   1056.6635,   3238.5701
 2448,  -6792519.6487,  10909899.1048,  13921100.1606,  -4649.3332,   1056.0239,   3237.7540
 2449,  -6797168.7829,  10910954.8091,  13924337.5067,  -4648.9351,   1055.3847,   3236.9383
 2450,  -6801817.5190,  10912009.8743,  13927574.0374,  -4648.5371,   1054.7459,   3236.1230
 2451,  -6806465.8570,  10913064.3010,  13930809.7529,  -4648.1390,   1054.1075,   3235.3081
 2452,  -6811113.7970,  10914118.0894,  13934044.6538,  -4647.7410,   1053.4695,   3234.4937
 2453,  -6815761.3390,  10915171.2401,  13937278.7404,  -4647.3430,   1052.8319,   3233.6796
 2454,  -6820408.4829,  10916223.7534,  13940512.0131,  -4646.9450,   1052.1947,   3232.8660
 2455,  -6825055.2289,  10917275.6297,  13943744.4725,  -4646.5470,   1051.5580,   3232.0527
 2456,  -6829701.5769,  10918326.8695,  13946976.1187,  -4646.1491,   1050.9216,   3231.2399
 2457,  -6834347.5270,  10919377.4731,  13950206.9524,  -4645.7511,   1050.2856,   3230.4275
 2458,  -6838993.0792,  10920427.4409,  13953436.9738,  -4645.3532,   1049.6501,   3229.6155
 2459,  -6843638.2335,  10921476.7734,  13956666.1835,  -4644.9554,   1049.0150,   3228.8039
 2460,  -6848282.9899,  10922525.4709,  13959894.5817,  -4644.5575,   1048.3802,   3227.9927
 2461,  -6852927.3485,  10923573.5339,  13963122.1690,  -4644.1597,   1047.7459,   3227.1819
 2462,  -6857571.3092,  10924620.9628,  13966348.9456,  -4643.7618,   1047.1119,   3226.3715
 2463,  -6862214.8722,  10925667.7580,  13969574.9121,  -4643.3641,   1046.4784,   3225.5615
 2464,  -6866858.0374,  10926713.9198,  13972800.0688,  -4642.9663,   1045.8453,   3224.7520
 2465,  -6871500.8048,  10927759.4487,  13976024.4162,  -4642.5685,   1045.2126,   3223.9428
 2466,  -6876143.1745,  10928804.3451,  13979247.9546,  -4642.1708,   1044.5803,   3223.1340
 2467,  -6880785.1464,  10929848.6093,  13982470.6844,  -4641.7731,   1043.9483,   3222.3257
 2468,  -6885426.7207,  10930892.2419,  13985692.6061,  -4641.3754,   1043.3168,   3221.5178
 2469,  -6890067.8973,  10931935.2431,  13988913.7201,  -4640.9778,   1042.6857,   3220.7102
 2470,  -6894708.6763,  10932977.6135,  13992134.0267,  -4640.5802,   1042.0550,   3219.9031
 2471,  -6899349.0576,  10934019.3533,  13995353.5264,  -4640.1825,   1041.4247,   3219.0964
 2472,  -6903989.0414,  10935060.4630,  13998572.2195,  -4639.7850,   1040.7948,   3218.2900
 2473,  -6908628.6275,  10936100.9430,  14001790.1066,  -4639.3874,   1040.1653,   3217.4841
 2474,  -6913267.8162,  10937140.7937,  14005007.1879,  -4638.9899,   1039.5362,   3216.6786
 2475,  -6917906.6073,  10938180.0155,  14008223.4639,  -4638.5923,   1038.9075,   3215.8735
 2476,  -6922545.0008,  10939218.6088,  14011438.9350,  -4638.1948,   1038.2792,   3215.0688
 2477,  -6927182.9970,  10940256.5740,  14014653.6015,  -4637.7974,   1037.6513,   3214.2645
 2478,  -6931820.5956,  10941293.9114,  14017867.4640,  -4637.3999,   1037.0237,   3213.4605
 2479,  -6936457.7968,  10942330.6216,  14021080.5227,  -4637.0025,   1036.3966,   3212.6570
 2480,  -6941094.6007,  10943366.7048,  14024292.7782,  -4636.6051,   1035.7699,   3211.8539
 2481,  -6945731.0071,  10944402.1615,  14027504.2307,  -4636.2077,   1035.1436,   3211.0512
 2482,  -6950367.0162,  10945436.9921,  14030714.8808,  -4635.8104,   1034.5177,   3210.2489
 2483,  -6955002.6279,  10946471.1970,  14033924.7287,  -4635.4131,   1033.8921,   3209.4470
 2484,  -6959637.8423,  10947504.7765,  14037133.7750,  -4635.0158,   1033.2670,   3208.6455
 2485,  -6964272.6595,  10948537.7311,  14040342.0199,  -4634.6185,   1032.6423,   3207.8444
 2486,  -6968907.0793,  10949570.0612,  14043549.4640,  -4634.2213,   1032.0179,   3207.0437
 2487,  -6973541.1020,  10950601.7671,  14046756.1075,  -4633.8240,   1031.3940,   3206.2434
 2488,  -6978174.7274,  10951632.8493,  14049961.9509,  -4633.4268,   1030.7704,   3205.4435
 2489,  -6982807.9556,  10952663.3081,  14053166.9946,  -4633.0297,   1030.1473,   3204.6440
 2490,  -6987440.7867,  10953693.1440,  14056371.2391,  -4632.6325,   1029.5245,   3203.8449
 2491,  -6992073.2206,  10954722.3573,  14059574.6846,  -4632.2354,   1028.9022,   3203.0462
 2492,  -6996705.2575,  10955750.9485,  14062777.3316,  -4631.8383,   1028.2802,   3202.2479
 2493,  -7001336.8972,  10956778.9178,  14065979.1805,  -4631.4412,   1027.6586,   3201.4500
 2494,  -7005968.1399,  10957806.2658,  14069180.2316,  -4631.0441,   1027.0374,   3200.6524
 2495,  -7010598.9855,  10958832.9928,  14072380.4855,  -4630.6471,   1026.4166,   3199.8553
 2496,  -7015229.4341,  10959859.0992,  14075579.9424,  -4630.2501,   1025.7962,   3199.0586
 2497,  -7019859.4858,  10960884.5853,  14078778.6028,  -4629.8532,   1025.1762,   3198.2623
 2498,  -7024489.1404,  10961909.4517,  14081976.4671,  -4629.4562,   1024.5566,   3197.4663
 2499,  -7029118.3982,  10962933.6986,  14085173.5356,  -4629.0593,   1023.9373,   3196.6708
 2500,  -7033747.2590,  10963957.3265,  14088369.8089,  -4628.6624,   1023.3185,   3195.8757
 2501,  -7038375.7229,  10964980.3357,  14091565.2871,  -4628.2655,   1022.7000,   3195.0809
 2502,  -7043003.7900,  10966002.7267,  14094759.9708,  -4627.8687,   1022.0820,   3194.2866
 2503,  -7047631.4603,  10967024.4998,  14097953.8604,  -4627.4719,   1021.4643,   3193.4926
 2504,  -7052258.7338,  10968045.6555,  14101146.9562,  -4627.0751,   1020.8470,   3192.6990
 2505,  -7056885.6104,  10969066.1940,  14104339.2586,  -4626.6783,   1020.2301,   3191.9059
 2506,  -7061512.0904,  10970086.1159,  14107530.7681,  -4626.2816,   1019.6136,   3191.1131
 2507,  -7066138.1736,  10971105.4214,  14110721.4849,  -4625.8848,   1018.9975,   3190.3207
 2508,  -7070763.8601,  10972124.1110,  14113911.4096,  -4625.4882,   1018.3818,   3189.5287
 2509,  -7075389.1499,  10973142.1851,  14117100.5425,  -4625.0915,   1017.7664,   3188.7371
 2510,  -7080014.0431,  10974159.6440,  14120288.8840,  -4624.6949,   1017.1515,   3187.9459
 2511,  -7084638.5397,  10975176.4881,  14123476.4345,  -4624.2983,   1016.5369,   3187.1551
 2512,  -7089262.6396,  10976192.7179,  14126663.1944,  -4623.9017,   1015.9227,   3186.3647
 2513,  -7093886.3430,  10977208.3337,  14129849.1640,  -4623.5051,   1015.3089,   3185.5747
 2514,  -7098509.6499,  10978223.3358,  14133034.3438,  -4623.1086,   1014.6955,   3184.7850
 2515,  -7103132.5603,  10979237.7248,  14136218.7342,  -4622.7121,   1014.0825,   3183.9958
 2516,  -7107755.0742,  10980251.5009,  14139402.3355,  -4622.3157,   1013.4698,   3183.2069
 2517,  -7112377.1916,  10981264.6645,  14142585.1481,  -4621.9192,   1012.8575,   3182.4184
 2518,  -7116998.9126,  10982277.2161,  14145767.1725,  -4621.5228,   1012.2457,   3181.6304
 2519,  -7121620.2372,  10983289.1560,  14148948.4089,  -4621.1264,   1011.6342,   3180.8427
 2520,  -7126241.1654,  10984300.4846,  14152128.8579,  -4620.7301,   1011.0231,   3180.0554
 2521,  -7130861.6973,  10985311.2022,  14155308.5198,  -4620.3337,   1010.4123,   3179.2684
 2522,  -7135481.8329,  10986321.3094,  14158487.3949,  -4619.9374,   1009.8020,   3178.4819
 2523,  -7140101.5722,  10987330.8063,  14161665.4838,  -4619.5411,   1009.1920,   3177.6958
 2524,  -7144720.9152,  10988339.6935,  14164842.7866,  -4619.1449,   1008.5824,   3176.9100
 2525,  -7149339.8620,  10989347.9713,  14168019.3040,  -4618.7487,   1007.9732,   3176.1247
 2526,  -7153958.4126,  10990355.6401,  14171195.0361,  -4618.3525,   1007.3644,   3175.3397
 2527,  -7158576.5670,  10991362.7003,  14174369.9835,  -4617.9563,   1006.7560,   3174.5551
 2528,  -7163194.3252,  10992369.1522,  14177544.1465,  -4617.5602,   1006.1479,   3173.7709
 2529,  -7167811.6874,  10993374.9963,  14180717.5255,  -4617.1641,   1005.5402,   3172.9871
 2530,  -7172428.6534,  10994380.2328,  14183890.1208,  -4616.7680,   1004.9329,   3172.2037
 2531,  -7177045.2234,  10995384.8623,  14187061.9329,  -4616.3720,   1004.3260,   3171.4206
 2532,  -7181661.3973,  10996388.8850,  14190232.9622,  -4615.9759,   1003.7195,   3170.6380
 2533,  -7186277.1753,  10997392.3013,  14193403.2090,  -4615.5800,   1003.1133,   3169.8557
 2534,  -7190892.5573,  10998395.1117,  14196572.6737,  -4615.1840,   1002.5075,   3169.0738
 2535,  -7195507.5433,  10999397.3165,  14199741.3568,  -4614.7881,   1001.9021,   3168.2923
 2536,  -7200122.1334,  11000398.9161,  14202909.2585,  -4614.3922,   1001.2971,   3167.5112
 2537,  -7204736.3276,  11001399.9108,  14206076.3793,  -4613.9963,   1000.6924,   3166.7305
 2538,  -7209350.1260,  11002400.3011,  14209242.7195,  -4613.6004,   1000.0882,   3165.9501
 2539,  -7213963.5285,  11003400.0873,  14212408.2796,  -4613.2046,    999.4843,   3165.1701
 2540,  -7218576.5353,  11004399.2698,  14215573.0599,  -4612.8088,    998.8807,   3164.3906
 2541,  -7223189.1462,  11005397.8489,  14218737.0609,  -4612.4131,    998.2776,   3163.6114
 2542,  -7227801.3614,  11006395.8251,  14221900.2828,  -4612.0174,    997.6748,   3162.8325
 2543,  -7232413.1810,  11007393.1987,  14225062.7261,  -4611.6217,    997.0724,   3162.0541
 2544,  -7237024.6048,  11008389.9700,  14228224.3911,  -4611.2260,    996.4704,   3161.2760
 2545,  -7241635.6330,  11009386.1396,  14231385.2783,  -4610.8304,    995.8688,   3160.4984
 2546,  -7246246.2655,  11010381.7077,  14234545.3880,  -4610.4348,    995.2675,   3159.7211
 2547,  -7250856.5025,  11011376.6747,  14237704.7205,  -4610.0392,    994.6666,   3158.9442
 2548,  -7255466.3439,  11012371.0410,  14240863.2764,  -4609.6436,    994.0661,   3158.1676
 2549,  -7260075.7897,  11013364.8069,  14244021.0559,  -4609.2481,    993.4659,   3157.3915
 2550,  -7264684.8401,  11014357.9729,  14247178.0595,  -4608.8526,    992.8661,   3156.6157
 2551,  -7269293.4950,  11015350.5393,  14250334.2875,  -4608.4572,    992.2667,   3155.8403
 2552,  -7273901.7545,  11016342.5065,  14253489.7403,  -4608.0617,    991.6677,   3155.0653
 2553,  -7278509.6185,  11017333.8748,  14256644.4182,  -4607.6663,    991.0690,   3154.2907
 2554,  -7283117.0872,  11018324.6446,  14259798.3217,  -4607.2710,    990.4707,   3153.5164
 2555,  -7287724.1605,  11019314.8163,  14262951.4512,  -4606.8756,    989.8728,   3152.7425
 2556,  -7292330.8385,  11020304.3903,  14266103.8070,  -4606.4803,    989.2752,   3151.9690
 2557,  -7296937.1212,  11021293.3670,  14269255.3894,  -4606.0851,    988.6781,   3151.1959
 2558,  -7301543.0086,  11022281.7466,  14272406.1989,  -4605.6898,    988.0813,   3150.4232
 2559,  -7306148.5009,  11023269.5296,  14275556.2359,  -4605.2946,    987.4848,   3149.6508
 2560,  -7310753.5979,  11024256.7163,  14278705.5007,  -4604.8994,    986.8887,   3148.8788
 2561,  -7315358.2997,  11025243.3072,  14281853.9937,  -4604.5043,    986.2930,   3148.1072
 2562,  -7319962.6065,  11026229.3025,  14285001.7153,  -4604.1092,    985.6977,   3147.3360
 2563,  -7324566.5181,  11027214.7027,  14288148.6658,  -4603.7141,    985.1027,   3146.5651
 2564,  -7329170.0347,  11028199.5082,  14291294.8457,  -4603.3190,    984.5081,   3145.7947
 2565,  -7333773.1562,  11029183.7191,  14294440.2553,  -4602.9240,    983.9139,   3145.0246
 2566,  -7338375.8827,  11030167.3361,  14297584.8949,  -4602.5290,    983.3200,   3144.2548
 2567,  -7342978.2143,  11031150.3594,  14300728.7651,  -4602.1341,    982.7266,   3143.4855
 2568,  -7347580.1509,  11032132.7893,  14303871.8660,  -4601.7391,    982.1334,   3142.7165
 2569,  -7352181.6926,  11033114.6263,  14307014.1982,  -4601.3442,    981.5407,   3141.9479
 2570,  -7356782.8394,  11034095.8708,  14310155.7619,  -4600.9494,    980.9483,   3141.1797
 2571,  -7361383.5913,  11035076.5230,  14313296.5576,  -4600.5545,    980.3562,   3140.4118
 2572,  -7365983.9485,  11036056.5834,  14316436.5856,  -4600.1597,    979.7646,   3139.6443
 2573,  -7370583.9108,  11037036.0522,  14319575.8463,  -4599.7650,    979.1733,   3138.8772
 2574,  -7375183.4784,  11038014.9300,  14322714.3401,  -4599.3702,    978.5823,   3138.1105
 2575,  -7379782.6513,  11038993.2170,  14325852.0674,  -4598.9755,    977.9918,   3137.3441
 2576,  -7384381.4295,  11039970.9136,  14328989.0284,  -4598.5809,    977.4015,   3136.5781
 2577,  -7388979.8131,  11040948.0202,  14332125.2237,  -4598.1862,    976.8117,   3135.8125
 2578,  -7393577.8020,  11041924.5372,  14335260.6535,  -4597.7916,    976.2222,   3135.0472
 2579,  -7398175.3963,  11042900.4648,  14338395.3183,  -4597.3970,    975.6331,   3134.2824
 2580,  -7402772.5961,  11043875.8035,  14341529.2184,  -4597.0025,    975.0443,   3133.5179
 2581,  -7407369.4013,  11044850.5536,  14344662.3541,  -4596.6080,    974.4560,   3132.7537
 2582,  -7411965.8121,  11045824.7155,  14347794.7259,  -4596.2135,    973.8679,   3131.9900
 2583,  -7416561.8284,  11046798.2896,  14350926.3342,  -4595.8191,    973.2803,   3131.2266
 2584,  -7421157.4503,  11047771.2762,  14354057.1792,  -4595.4247,    972.6929,   3130.4635
 2585,  -7425752.6778,  11048743.6756,  14357187.2614,  -4595.0303,    972.1060,   3129.7009
 2586,  -7430347.5109,  11049715.4883,  14360316.5811,  -4594.6360,    971.5194,   3128.9386
 2587,  -7434941.9497,  11050686.7146,  14363445.1387,  -4594.2416,    970.9332,   3128.1767
 2588,  -7439535.9942,  11051657.3548,  14366572.9346,  -4593.8474,    970.3473,   3127.4151
 2589,  -7444129.6444,  11052627.4093,  14369699.9691,  -4593.4531,    969.7618,   3126.6540
 2590,  -7448722.9004,  11053596.8785,  14372826.2426,  -4593.0589,    969.1767,   3125.8932
 2591,  -7453315.7623,  11054565.7628,  14375951.7555,  -4592.6647,    968.5919,   3125.1327
 2592,  -7457908.2299,  11055534.0624,  14379076.5082,  -4592.2706,    968.0075,   3124.3726
 2593,  -7462500.3035,  11056501.7778,  14382200.5010,  -4591.8765,    967.4234,   3123.6129
 2594,  -7467091.9829,  11057468.9093,  14385323.7342,  -4591.4824,    966.8397,   3122.8536
 2595,  -7471683.2683,  11058435.4573,  14388446.2083,  -4591.0884,    966.2563,   3122.0946
 2596,  -7476274.1596,  11059401.4221,  14391567.9236,  -4590.6944,    965.6733,   3121.3360
 2597,  -7480864.6570,  11060366.8040,  14394688.8805,  -4590.3004,    965.0907,   3120.5778
 2598,  -7485454.7604,  11061331.6035,  14397809.0793,  -4589.9064,    964.5084,   3119.8199
 2599,  -7490044.4699,  11062295.8209,  14400928.5204,  -4589.5125,    963.9265,   3119.0624
 2600,  -7494633.7855,  11063259.4566,  14404047.2043,  -4589.1187,    963.3449,   3118.3053
 2601,  -7499222.7072,  11064222.5109,  14407165.1311,  -4588.7248,    962.7637,   3117.5485
 2602,  -7503811.2351,  11065184.9841,  14410282.3014,  -4588.3310,    962.1828,   3116.7921
 2603,  -7508399.3693,  11066146.8766,  14413398.7154,  -4587.9372,    961.6023,   3116.0361
 2604,  -7512987.1096,  11067108.1889,  14416514.3736,  -4587.5435,    961.0222,   3115.2804
 2605,  -7517574.4563,  11068068.9211,  14419629.2763,  -4587.1498,    960.4424,   3114.5251
 2606,  -7522161.4093,  11069029.0737,  14422743.4239,  -4586.7561,    959.8629,   3113.7701
 2607,  -7526747.9686,  11069988.6471,  14425856.8167,  -4586.3625,    959.2839,   3113.0155
 2608,  -7531334.1343,  11070947.6416,  14428969.4550,  -4585.9689,    958.7051,   3112.2613
 2609,  -7535919.9065,  11071906.0575,  14432081.3394,  -4585.5754,    958.1267,   3111.5074
 2610,  -7540505.2850,  11072863.8952,  14435192.4700,  -4585.1818,    957.5487,   3110.7539
 2611,  -7545090.2701,  11073821.1550,  14438302.8474,  -4584.7883,    956.9710,   3110.0008
 2612,  -7549674.8617,  11074777.8374,  14441412.4718,  -4584.3949,    956.3937,   3109.2480
 2613,  -7554259.0599,  11075733.9426,  14444521.3436,  -4584.0015,    955.8168,   3108.4956
 2614,  -7558842.8647,  11076689.4710,  14447629.4631,  -4583.6081,    955.2401,   3107.7436
 2615,  -7563426.2761,  11077644.4230,  14450736.8308,  -4583.2147,    954.6639,   3106.9919
 2616,  -7568009.2941,  11078598.7988,  14453843.4470,  -4582.8214,    954.0880,   3106.2406
 2617,  -7572591.9189,  11079552.5990,  14456949.3120,  -4582.4281,    953.5124,   3105.4896
 2618,  -7577174.1504,  11080505.8237,  14460054.4263,  -4582.0349,    952.9372,   3104.7390
 2619,  -7581755.9886,  11081458.4734,  14463158.7901,  -4581.6417,    952.3623,   3103.9887
 2620,  -7586337.4337,  11082410.5485,  14466262.4039,  -4581.2485,    951.7878,   3103.2389
 2621,  -7590918.4856,  11083362.0492,  14469365.2680,  -4580.8554,    951.2136,   3102.4893
 2622,  -7595499.1444,  11084312.9759,  14472467.3827,  -4580.4622,    950.6398,   3101.7402
 2623,  -7600079.4101,  11085263.3289,  14475568.7484,  -4580.0692,    950.0664,   3100.9914
 2624,  -7604659.2828,  11086213.1087,  14478669.3655,  -4579.6761,    949.4932,   3100.2429
 2625,  -7609238.7624,  11087162.3155,  14481769.2344,  -4579.2832,    948.9205,   3099.4948
 2626,  -7613817.8491,  11088110.9497,  14484868.3553,  -4578.8902,    948.3480,   3098.7471
 2627,  -7618396.5428,  11089059.0117,  14487966.7287,  -4578.4973,    947.7760,   3097.9997
 2628,  -7622974.8437,  11090006.5018,  14491064.3548,  -4578.1044,    947.2042,   3097.2527
 2629,  -7627552.7516,  11090953.4203,  14494161.2342,  -4577.7115,    946.6329,   3096.5061
 2630,  -7632130.2667,  11091899.7676,  14497257.3671,  -4577.3187,    946.0618,   3095.7598
 2631,  -7636707.3890,  11092845.5441,  14500352.7538,  -4576.9259,    945.4911,   3095.0138
 2632,  -7641284.1186,  11093790.7501,  14503447.3948,  -4576.5332,    944.9208,   3094.2682
 2633,  -7645860.4554,  11094735.3858,  14506541.2904,  -4576.1405,    944.3508,   3093.5230
 2634,  -7650436.3996,  11095679.4518,  14509634.4409,  -4575.7478,    943.7812,   3092.7781
 2635,  -7655011.9511,  11096622.9483,  14512726.8467,  -4575.3552,    943.2119,   3092.0336
 2636,  -7659587.1099,  11097565.8756,  14515818.5082,  -4574.9626,    942.6429,   3091.2894
 2637,  -7664161.8762,  11098508.2342,  14518909.4258,  -4574.5700,    942.0743,   3090.5456
 2638,  -7668736.2500,  11099450.0243,  14521999.5996,  -4574.1775,    941.5060,   3089.8022
 2639,  -7673310.2312,  11100391.2464,  14525089.0303,  -4573.7850,    940.9381,   3089.0591
 2640,  -7677883.8200,  11101331.9006,  14528177.7179,  -4573.3926,    940.3705,   3088.3164
 2641,  -7682457.0164,  11102271.9875,  14531265.6631,  -4573.0001,    939.8033,   3087.5740
 2642,  -7687029.8203,  11103211.5073,  14534352.8660,  -4572.6078,    939.2364,   3086.8319
 2643,  -7691602.2319,  11104150.4604,  14537439.3271,  -4572.2154,    938.6698,   3086.0903
 2644,  -7696174.2512,  11105088.8470,  14540525.0466,  -4571.8231,    938.1036,   3085.3489
 2645,  -7700745.8782,  11106026.6677,  14543610.0251,  -4571.4309,    937.5377,   3084.6080
 2646,  -7705317.1129,  11106963.9226,  14546694.2627,  -4571.0386,    936.9722,   3083.8673
 2647,  -7709887.9555,  11107900.6122,  14549777.7599,  -4570.6464,    936.4070,   3083.1271
 2648,  -7714458.4058,  11108836.7368,  14552860.5169,  -4570.2543,    935.8422,   3082.3872
 2649,  -7719028.4641,  11109772.2967,  14555942.5343,  -4569.8622,    935.2777,   3081.6476
 2650,  -7723598.1302,  11110707.2923,  14559023.8123,  -4569.4701,    934.7135,   3080.9084
 2651,  -7728167.4043,  11111641.7239,  14562104.3512,  -4569.0781,    934.1497,   3080.1695
 2652,  -7732736.2863,  11112575.5918,  14565184.1515,  -4568.6861,    933.5862,   3079.4310
 2653,  -7737304.7764,  11113508.8964,  14568263.2134,  -4568.2941,    933.0231,   3078.6929
 2654,  -7741872.8745,  11114441.6380,  14571341.5373,  -4567.9022,    932.4603,   3077.9551
 2655,  -7746440.5808,  11115373.8171,  14574419.1236,  -4567.5103,    931.8978,   3077.2176
 2656,  -7751007.8951,  11116305.4338,  14577495.9727,  -4567.1184,    931.3357,   3076.4805
 2657,  -7755574.8176,  11117236.4885,  14580572.0848,  -4566.7266,    930.7739,   3075.7438
 2658,  -7760141.3483,  11118166.9817,  14583647.4603,  -4566.3348,    930.2124,   3075.0074
 2659,  -7764707.4873,  11119096.9135,  14586722.0996,  -4565.9431,    929.6513,   3074.2713
 2660,  -7769273.2346,  11120026.2844,  14589796.0030,  -4565.5514,    929.0906,   3073.5356
 2661,  -7773838.5901,  11120955.0947,  14592869.1709,  -4565.1597,    928.5301,   3072.8002
 2662,  -7778403.5540,  11121883.3448,  14595941.6037,  -4564.7681,    927.9700,   3072.0652
 2663,  -7782968.1264,  11122811.0349,  14599013.3015,  -4564.3765,    927.4103,   3071.3306
 2664,  -7787532.3071,  11123738.1654,  14602084.2649,  -4563.9850,    926.8508,   3070.5963
 2665,  -7792096.0964,  11124664.7367,  14605154.4942,  -4563.5935,    926.2917,   3069.8623
 2666,  -7796659.4941,  11125590.7490,  14608223.9897,  -4563.2020,    925.7330,   3069.1287
 2667,  -7801222.5004,  11126516.2028,  14611292.7517,  -4562.8106,    925.1746,   3068.3954
 2668,  -7805785.1153,  11127441.0983,  14614360.7806,  -4562.4192,    924.6165,   3067.6625
 2669,  -7810347.3388,  11128365.4359,  14617428.0768,  -4562.0278,    924.0587,   3066.9299
 2670,  -7814909.1710,  11129289.2159,  14620494.6406,  -4561.6365,    923.5013,   3066.1977
 2671,  -7819470.6118,  11130212.4386,  14623560.4724,  -4561.2452,    922.9442,   3065.4658
 2672,  -7824031.6615,  11131135.1045,  14626625.5724,  -4560.8540,    922.3875,   3064.7343
 2673,  -7828592.3199,  11132057.2137,  14629689.9411,  -4560.4628,    921.8311,   3064.0031
 2674,  -7833152.5871,  11132978.7667,  14632753.5787,  -4560.0717,    921.2750,   3063.2723
 2675,  -7837712.4632,  11133899.7638,  14635816.4857,  -4559.6805,    920.7193,   3062.5418
 2676,  -7842271.9482,  11134820.2054,  14638878.6624,  -4559.2895,    920.1638,   3061.8116
 2677,  -7846831.0421,  11135740.0916,  14641940.1091,  -4558.8984,    919.6088,   3061.0818
 2678,  -7851389.7450,  11136659.4230,  14645000.8261,  -4558.5074,    919.0540,   3060.3524
 2679,  -7855948.0569,  11137578.1998,  14648060.8139,  -4558.1164,    918.4996,   3059.6232
 2680,  -7860505.9779,  11138496.4223,  14651120.0727,  -4557.7255,    917.9455,   3058.8945
 2681,  -7865063.5080,  11139414.0909,  14654178.6029,  -4557.3346,    917.3918,   3058.1660
 2682,  -7869620.6472,  11140331.2060,  14657236.4049,  -4556.9438,    916.8383,   3057.4379
 2683,  -7874177.3956,  11141247.7677,  14660293.4789,  -4556.5530,    916.2853,   3056.7102
 2684,  -7878733.7532,  11142163.7766,  14663349.8254,  -4556.1622,    915.7325,   3055.9828
 2685,  -7883289.7201,  11143079.2328,  14666405.4447,  -4555.7715,    915.1801,   3055.2557
 2686,  -7887845.2962,  11143994.1368,  14669460.3370,  -4555.3808,    914.6280,   3054.5290
 2687,  -7892400.4817,  11144908.4889,  14672514.5028,  -4554.9902,    914.0762,   3053.8027
 2688,  -7896955.2765,  11145822.2893,  14675567.9424,  -4554.5996,    913.5247,   3053.0766
 2689,  -7901509.6808,  11146735.5385,  14678620.6562,  -4554.2090,    912.9736,   3052.3509
 2690,  -7906063.6945,  11147648.2367,  14681672.6444,  -4553.8185,    912.4229,   3051.6256
 2691,  -7910617.3178,  11148560.3843,  14684723.9075,  -4553.4280,    911.8724,   3050.9006
 2692,  -7915170.5505,  11149471.9816,  14687774.4457,  -4553.0375,    911.3223,   3050.1759
 2693,  -7919723.3928,  11150383.0289,  14690824.2594,  -4552.6471,    910.7725,   3049.4516
 2694,  -7924275.8448,  11151293.5267,  14693873.3490,  -4552.2568,    910.2230,   3048.7276
 2695,  -7928827.9064,  11152203.4751,  14696921.7148,  -4551.8664,    909.6739,   3048.0040
 2696,  -7933379.5777,  11153112.8745,  14699969.3570,  -4551.4761,    909.1250,   3047.2807
 2697,  -7937930.8587,  11154021.7252,  14703016.2762,  -4551.0859,    908.5765,   3046.5577
 2698,  -7942481.7495,  11154930.0277,  14706062.4725,  -4550.6957,    908.0284,   3045.8351
 2699,  -7947032.2501,  11155837.7821,  14709107.9464,  -4550.3055,    907.4805,   3045.1128
 2700,  -7951582.3605,  11156744.9889,  14712152.6982,  -4549.9154,    906.9330,   3044.3908
 2701,  -7956132.0809,  11157651.6483,  14715196.7282,  -4549.5253,    906.3858,   3043.6692
 2702,  -7960681.4112,  11158557.7607,  14718240.0368,  -4549.1353,    905.8390,   3042.9480
 2703,  -7965230.3515,  11159463.3264,  14721282.6243,  -4548.7453,    905.2924,   3042.2270
 2704,  -7969778.9018,  11160368.3457,  14724324.4910,  -4548.3553,    904.7462,   3041.5064
 2705,  -7974327.0621,  11161272.8190,  14727365.6373,  -4547.9654,    904.2004,   3040.7862
 2706,  -7978874.8326,  11162176.7465,  14730406.0635,  -4547.5755,    903.6548,   3040.0663
 2707,  -7983422.2131,  11163080.1286,  14733445.7699,  -4547.1857,    903.1095,   3039.3467
 2708,  -7987969.2039,  11163982.9657,  14736484.7569,  -4546.7959,    902.5646,   3038.6274
 2709,  -7992515.8049,  11164885.2580,  14739523.0249,  -4546.4061,    902.0200,   3037.9085
 2710,  -7997062.0162,  11165787.0059,  14742560.5741,  -4546.0164,    901.4758,   3037.1900
 2711,  -8001607.8377,  11166688.2097,  14745597.4049,  -4545.6267,    900.9318,   3036.4717
 2712,  -8006153.2696,  11167588.8697,  14748633.5177,  -4545.2371,    900.3882,   3035.7538
 2713,  -8010698.3119,  11168488.9862,  14751668.9127,  -4544.8475,    899.8449,   3035.0363
 2714,  -8015242.9646,  11169388.5596,  14754703.5903,  -4544.4579,    899.3019,   3034.3190
 2715,  -8019787.2278,  11170287.5901,  14757737.5508,  -4544.0684,    898.7593,   3033.6021
 2716,  -8024331.1015,  11171186.0782,  14760770.7947,  -4543.6790,    898.2169,   3032.8856
 2717,  -8028874.5858,  11172084.0241,  14763803.3221,  -4543.2895,    897.6749,   3032.1694
 2718,  -8033417.6806,  11172981.4281,  14766835.1335,  -4542.9002,    897.1332,   3031.4535
 2719,  -8037960.3861,  11173878.2906,  14769866.2291,  -4542.5108,    896.5918,   3030.7379
 2720,  -8042502.7022,  11174774.6119,  14772896.6094,  -4542.1215,    896.0508,   3030.0227
 2721,  -8047044.6291,  11175670.3923,  14775926.2746,  -4541.7322,    895.5101,   3029.3078
 2722,  -8051586.1667,  11176565.6321,  14778955.2251,  -4541.3430,    894.9696,   3028.5932
 2723,  -8056127.3152,  11177460.3317,  14781983.4612,  -4540.9538,    894.4295,   3027.8790
 2724,  -8060668.0744,  11178354.4913,  14785010.9833,  -4540.5647,    893.8898,   3027.1651
 2725,  -8065208.4446,  11179248.1113,  14788037.7916,  -4540.1756,    893.3503,   3026.4516
 2726,  -8069748.4257,  11180141.1920,  14791063.8866,  -4539.7866,    892.8112,   3025.7384
 2727,  -8074288.0177,  11181033.7338,  14794089.2684,  -4539.3976,    892.2724,   3025.0255
 2728,  -8078827.2208,  11181925.7369,  14797113.9376,  -4539.0086,    891.7338,   3024.3129
 2729,  -8083366.0349,  11182817.2016,  14800137.8944,  -4538.6197,    891.1957,   3023.6007
 2730,  -8087904.4601,  11183708.1283,  14803161.1391,  -4538.2308,    890.6578,   3022.8888
 2731,  -8092442.4965,  11184598.5173,  14806183.6721,  -4537.8419,    890.1202,   3022.1772
 2732,  -8096980.1440,  11185488.3689,  14809205.4936,  -4537.4531,    889.5830,   3021.4660
 2733,  -8101517.4027,  11186377.6834,  14812226.6041,  -4537.0644,    889.0461,   3020.7551
 2734,  -8106054.2727,  11187266.4612,  14815247.0039,  -4536.6757,    888.5095,   3020.0445
 2735,  -8110590.7540,  11188154.7025,  14818266.6933,  -4536.2870,    887.9732,   3019.3343
 2736,  -8115126.8467,  11189042.4077,  14821285.6725,  -4535.8984,    887.4372,   3018.6244
 2737,  -8119662.5508,  11189929.5771,  14824303.9421,  -4535.5098,    886.9016,   3017.9148
 2738,  -8124197.8662,  11190816.2110,  14827321.5022,  -4535.1212,    886.3663,   3017.2055
 2739,  -8128732.7932,  11191702.3097,  14830338.3532,  -4534.7327,    885.8312,   3016.4966
 2740,  -8133267.3317,  11192587.8736,  14833354.4955,  -4534.3443,    885.2965,   3015.7880
 2741,  -8137801.4817,  11193472.9029,  14836369.9293,  -4533.9558,    884.7621,   3015.0797
 2742,  -8142335.2434,  11194357.3980,  14839384.6551,  -4533.5675,    884.2281,   3014.3718
 2743,  -8146868.6167,  11195241.3591,  14842398.6730,  -4533.1791,    883.6943,   3013.6642
 2744,  -8151401.6016,  11196124.7866,  14845411.9835,  -4532.7908,    883.1608,   3012.9569
 2745,  -8155934.1983,  11197007.6809,  14848424.5869,  -4532.4026,    882.6277,   3012.2499
 2746,  -8160466.4068,  11197890.0421,  14851436.4835,  -4532.0144,    882.0949,   3011.5433
 2747,  -8164998.2271,  11198771.8707,  14854447.6737,  -4531.6262,    881.5624,   3010.8370
 2748,  -8169529.6593,  11199653.1670,  14857458.1577,  -4531.2381,    881.0302,   3010.1310
 2749,  -8174060.7034,  11200533.9311,  14860467.9359,  -4530.8500,    880.4983,   3009.4254
 2750,  -8178591.3594,  11201414.1636,  14863477.0086,  -4530.4620,    879.9667,   3008.7201
 2751,  -8183121.6274,  11202293.8646,  14866485.3761,  -4530.0740,    879.4354,   3008.0151
 2752,  -8187651.5074,  11203173.0346,  14869493.0389,  -4529.6861,    878.9045,   3007.3104
 2753,  -8192180.9995,  11204051.6737,  14872499.9971,  -4529.2982,    878.3738,   3006.6061
 2754,  -8196710.1037,  11204929.7823,  14875506.2511,  -4528.9103,    877.8435,   3005.9021
 2755,  -8201238.8201,  11205807.3608,  14878511.8013,  -4528.5225,    877.3135,   3005.1984
 2756,  -8205767.1487,  11206684.4094,  14881516.6480,  -4528.1347,    876.7838,   3004.4950
 2757,  -8210295.0896,  11207560.9285,  14884520.7914,  -4527.7470,    876.2544,   3003.7920
 2758,  -8214822.6427,  11208436.9183,  14887524.2320,  -4527.3593,    875.7253,   3003.0893
 2759,  -8219349.8082,  11209312.3792,  14890526.9701,  -4526.9717,    875.1965,   3002.3869
 2760,  -8223876.5860,  11210187.3114,  14893529.0059,  -4526.5841,    874.6680,   3001.6848
 2761,  -8228402.9763,  11211061.7153,  14896530.3397,  -4526.1965,    874.1399,   3000.9830
 2762,  -8232928.9791,  11211935.5913,  14899530.9721,  -4525.8090,    873.6120,   3000.2816
 2763,  -8237454.5943,  11212808.9395,  14902530.9031,  -4525.4215,    873.0845,   2999.5805
 2764,  -8241979.8221,  11213681.7603,  14905530.1332,  -4525.0341,    872.5572,   2998.8798
 2765,  -8246504.6625,  11214554.0541,  14908528.6627,  -4524.6467,    872.0303,   2998.1793
 2766,  -8251029.1156,  11215425.8211,  14911526.4920,  -4524.2594,    871.5037,   2997.4792
 2767,  -8255553.1813,  11216297.0616,  14914523.6212,  -4523.8721,    870.9774,   2996.7794
 2768,  -8260076.8598,  11217167.7759,  14917520.0508,  -4523.4848,    870.4514,   2996.0799
 2769,  -8264600.1510,  11218037.9644,  14920515.7811,  -4523.0976,    869.9257,   2995.3807
 2770,  -8269123.0551,  11218907.6274,  14923510.8124,  -4522.7105,    869.4003,   2994.6819
 2771,  -8273645.5720,  11219776.7651,  14926505.1450,  -4522.3234,    868.8752,   2993.9834
 2772,  -8278167.7018,  11220645.3779,  14929498.7792,  -4521.9363,    868.3504,   2993.2852
 2773,  -8282689.4446,  11221513.4660,  14932491.7154,  -4521.5493,    867.8259,   2992.5873
 2774,  -8287210.8004,  11222381.0299,  14935483.9539,  -4521.1623,    867.3018,   2991.8897
 2775,  -8291731.7692,  11223248.0697,  14938475.4951,  -4520.7753,    866.7779,   2991.1925
 2776,  -8296252.3511,  11224114.5858,  14941466.3391,  -4520.3884,    866.2544,   2990.4956
 2777,  -8300772.5461,  11224980.5785,  14944456.4864,  -4520.0016,    865.7311,   2989.7990
 2778,  -8305292.3543,  11225846.0481,  14947445.9372,  -4519.6148,    865.2082,   2989.1027
 2779,  -8309811.7757,  11226710.9949,  14950434.6919,  -4519.2280,    864.6855,   2988.4068
 2780,  -8314330.8104,  11227575.4192,  14953422.7509,  -4518.8413,    864.1632,   2987.7111
 2781,  -8318849.4583,  11228439.3214,  14956410.1143,  -4518.4546,    863.6411,   2987.0158
 2782,  -8323367.7197,  11229302.7016,  14959396.7826,  -4518.0680,    863.1194,   2986.3208
 2783,  -8327885.5944,  11230165.5603,  14962382.7561,  -4517.6814,    862.5980,   2985.6262
 2784,  -8332403.0825,  11231027.8976,  14965368.0350,  -4517.2949,    862.0768,   2984.9318
 2785,  -8336920.1842,  11231889.7140,  14968352.6198,  -4516.9084,    861.5560,   2984.2377
 2786,  -8341436.8993,  11232751.0098,  14971336.5106,  -4516.5219,    861.0355,   2983.5440
 2787,  -8345953.2281,  11233611.7851,  14974319.7079,  -4516.1355,    860.5153,   2982.8506
 2788,  -8350469.1704,  11234472.0404,  14977302.2120,  -4515.7492,    859.9954,   2982.1575
 2789,  -8354984.7265,  11235331.7760,  14980284.0231,  -4515.3629,    859.4757,   2981.4648
 2790,  -8359499.8962,  11236190.9920,  14983265.1416,  -4514.9766,    858.9564,   2980.7723
 2791,  -8364014.6797,  11237049.6889,  14986245.5678,  -4514.5904,    858.4374,   2980.0802
 2792,  -8368529.0770,  11237907.8670,  14989225.3020,  -4514.2042,    857.9187,   2979.3883
 2793,  -8373043.0881,  11238765.5264,  14992204.3446,  -4513.8181,    857.4003,   2978.6968
 2794,  -8377556.7131,  11239622.6677,  14995182.6958,  -4513.4320,    856.8822,   2978.0057
 2795,  -8382069.9520,  11240479.2909,  14998160.3560,  -4513.0459,    856.3644,   2977.3148
 2796,  -8386582.8050,  11241335.3965,  15001137.3255,  -4512.6599,    855.8469,   2976.6242
 2797,  -8391095.2719,  11242190.9847,  15004113.6046,  -4512.2740,    855.3297,   2975.9340
 2798,  -8395607.3529,  11243046.0559,  15007089.1936,  -4511.8881,    854.8127,   2975.2441
 2799,  -8400119.0481,  11243900.6103,  15010064.0928,  -4511.5022,    854.2961,   2974.5544
 2800,  -8404630.3573,  11244754.6483,  15013038.3026,  -4511.1164,    853.7798,   2973.8652
 2801,  -8409141.2808,  11245608.1700,  15016011.8232,  -4510.7306,    853.2638,   2973.1762
 2802,  -8413651.8186,  11246461.1760,  15018984.6550,  -4510.3449,    852.7481,   2972.4875
 2803,  -8418161.9706,  11247313.6663,  15021956.7983,  -4509.9592,    852.2327,   2971.7991
 2804,  -8422671.7370,  11248165.6414,  15024928.2534,  -4509.5736,    851.7175,   2971.1111
 2805,  -8427181.1178,  11249017.1015,  15027899.0207,  -4509.1880,    851.2027,   2970.4234
 2806,  -8431690.1130,  11249868.0469,  15030869.1003,  -4508.8024,    850.6882,   2969.7360
 2807,  -8436198.7226,  11250718.4780,  15033838.4927,  -4508.4169,    850.1740,   2969.0489
 2808,  -8440706.9468,  11251568.3949,  15036807.1981,  -4508.0315,    849.6600,   2968.3621
 2809,  -8445214.7856,  11252417.7981,  15039775.2170,  -4507.6461,    849.1464,   2967.6756
 2810,  -8449722.2390,  11253266.6878,  15042742.5495,  -4507.2607,    848.6331,   2966.9894
 2811,  -8454229.3070,  11254115.0643,  15045709.1960,  -4506.8754,    848.1200,   2966.3036
 2812,  -8458735.9898,  11254962.9279,  15048675.1568,  -4506.4901,    847.6073,   2965.6181
 2813,  -8463242.2873,  11255810.2789,  15051640.4322,  -4506.1049,    847.0948,   2964.9328
 2814,  -8467748.1996,  11256657.1176,  15054605.0225,  -4505.7197,    846.5827,   2964.2479
 2815,  -8472253.7267,  11257503.4443,  15057568.9281,  -4505.3346,    846.0708,   2963.5633
 2816,  -8476758.8688,  11258349.2593,  15060532.1493,  -4504.9495,    845.5592,   2962.8790
 2817,  -8481263.6257,  11259194.5629,  15063494.6863,  -4504.5645,    845.0480,   2962.1950
 2818,  -8485767.9977,  11260039.3553,  15066456.5394,  -4504.1795,    844.5370,   2961.5114
 2819,  -8490271.9847,  11260883.6369,  15069417.7091,  -4503.7945,    844.0263,   2960.8280
 2820,  -8494775.5867,  11261727.4080,  15072378.1956,  -4503.4096,    843.5159,   2960.1450
 2821,  -8499278.8039,  11262570.6688,  15075337.9991,  -4503.0248,    843.0058,   2959.4622
 2822,  -8503781.6363,  11263413.4197,  15078297.1201,  -4502.6399,    842.4960,   2958.7798
 2823,  -8508284.0838,  11264255.6609,  15081255.5588,  -4502.2552,    841.9865,   2958.0977
 2824,  -8512786.1466,  11265097.3928,  15084213.3156,  -4501.8705,    841.4773,   2957.4159
 2825,  -8517287.8248,  11265938.6156,  15087170.3906,  -4501.4858,    840.9683,   2956.7344
 2826,  -8521789.1183,  11266779.3296,  15090126.7844,  -4501.1012,    840.4597,   2956.0532
 2827,  -8526290.0271,  11267619.5351,  15093082.4971,  -4500.7166,    839.9514,   2955.3723
 2828,  -8530790.5515,  11268459.2324,  15096037.5290,  -4500.3321,    839.4433,   2954.6917
 2829,  -8535290.6913,  11269298.4219,  15098991.8806,  -4499.9476,    838.9356,   2954.0114
 2830,  -8539790.4466,  11270137.1037,  15101945.5520,  -4499.5631,    838.4281,   2953.3315
 2831,  -8544289.8176,  11270975.2782,  15104898.5436,  -4499.1788,    837.9209,   2952.6518
 2832,  -8548788.8042,  11271812.9456,  15107850.8557,  -4498.7944,    837.4140,   2951.9725
 2833,  -8553287.4064,  11272650.1064,  15110802.4887,  -4498.4101,    836.9075,   2951.2934
 2834,  -8557785.6244,  11273486.7606,  15113753.4427,  -4498.0259,    836.4012,   2950.6147
 2835,  -8562283.4581,  11274322.9088,  15116703.7182,  -4497.6417,    835.8951,   2949.9363
 2836,  -8566780.9077,  11275158.5510,  15119653.3154,  -4497.2575,    835.3894,   2949.2582
 2837,  -8571277.9731,  11275993.6877,  15122602.2346,  -4496.8734,    834.8840,   2948.5803
 2838,  -8575774.6545,  11276828.3191,  15125550.4762,  -4496.4893,    834.3788,   2947.9028
 2839,  -8580270.9518,  11277662.4455,  15128498.0404,  -4496.1053,    833.8740,   2947.2256
 2840,  -8584766.8651,  11278496.0672,  15131444.9275,  -4495.7213,    833.3694,   2946.5487
 2841,  -8589262.3945,  11279329.1844,  15134391.1380,  -4495.3374,    832.8651,   2945.8722
 2842,  -8593757.5399,  11280161.7975,  15137336.6720,  -4494.9535,    832.3612,   2945.1959
 2843,  -8598252.3016,  11280993.9068,  15140281.5298,  -4494.5697,    831.8575,   2944.5199
 2844,  -8602746.6794,  11281825.5125,  15143225.7119,  -4494.1859,    831.3540,   2943.8442
 2845,  -8607240.6734,  11282656.6150,  15146169.2184,  -4493.8022,    830.8509,   2943.1689
 2846,  -8611734.2838,  11283487.2145,  15149112.0497,  -4493.4185,    830.3481,   2942.4938
 2847,  -8616227.5104,  11284317.3113,  15152054.2061,  -4493.0349,    829.8455,   2941.8190
 2848,  -8620720.3535,  11285146.9056,  15154995.6878,  -4492.6513,    829.3433,   2941.1446
 2849,  -8625212.8130,  11285975.9979,  15157936.4953,  -4492.2677,    828.8413,   2940.4704
 2850,  -8629704.8890,  11286804.5883,  15160876.6288,  -4491.8842,    828.3396,   2939.7966
 2851,  -8634196.5815,  11287632.6772,  15163816.0886,  -4491.5008,    827.8382,   2939.1230
 2852,  -8638687.8905,  11288460.2648,  15166754.8749,  -4491.1174,    827.3371,   2938.4498
 2853,  -8643178.8162,  11289287.3514,  15169692.9882,  -4490.7340,    826.8362,   2937.7768
 2854,  -8647669.3586,  11290113.9374,  15172630.4287,  -4490.3507,    826.3357,   2937.1042
 2855,  -8652159.5176,  11290940.0229,  15175567.1967,  -4489.9674,    825.8354,   2936.4319
 2856,  -8656649.2935,  11291765.6083,  15178503.2926,  -4489.5842,    825.3355,   2935.7598
 2857,  -8661138.6861,  11292590.6939,  15181438.7165,  -4489.2011,    824.8358,   2935.0881
 2858,  -8665627.6956,  11293415.2800,  15184373.4689,  -4488.8179,    824.3364,   2934.4167
 2859,  -8670116.3220,  11294239.3668,  15187307.5500,  -4488.4349,    823.8372,   2933.7456
 2860,  -8674604.5654,  11295062.9545,  15190240.9601,  -4488.0519,    823.3384,   2933.0747
 2861,  -8679092.4258,  11295886.0436,  15193173.6995,  -4487.6689,    822.8398,   2932.4042
 2862,  -8683579.9032,  11296708.6343,  15196105.7686,  -4487.2860,    822.3416,   2931.7340
 2863,  -8688066.9977,  11297530.7269,  15199037.1676,  -4486.9031,    821.8436,   2931.0641
 2864,  -8692553.7093,  11298352.3216,  15201967.8968,  -4486.5202,    821.3459,   2930.3944
 2865,  -8697040.0382,  11299173.4187,  15204897.9565,  -4486.1375,    820.8485,   2929.7251
 2866,  -8701525.9843,  11299994.0186,  15207827.3471,  -4485.7547,    820.3513,   2929.0561
 2867,  -8706011.5476,  11300814.1215,  15210756.0688,  -4485.3720,    819.8545,   2928.3874
 2868,  -8710496.7283,  11301633.7276,  15213684.1219,  -4484.9894,    819.3579,   2927.7189
 2869,  -8714981.5264,  11302452.8373,  15216611.5068,  -4484.6068,    818.8616,   2927.0508
 2870,  -8719465.9419,  11303271.4509,  15219538.2236,  -4484.2243,    818.3656,   2926.3830
 2871,  -8723949.9750,  11304089.5686,  15222464.2728,  -4483.8418,    817.8699,   2925.7155
 2872,  -8728433.6255,  11304907.1907,  15225389.6546,  -4483.4593,    817.3744,   2925.0482
 2873,  -8732916.8936,  11305724.3175,  15228314.3694,  -4483.0769,    816.8792,   2924.3813
 2874,  -8737399.7793,  11306540.9493,  15231238.4173,  -4482.6946,    816.3843,   2923.7147
 2875,  -8741882.2827,  11307357.0863,  15234161.7988,  -4482.3123,    815.8897,   2923.0483
 2876,  -8746364.4039,  11308172.7289,  15237084.5141,  -4481.9300,    815.3954,   2922.3823
 2877,  -8750846.1428,  11308987.8772,  15240006.5635,  -4481.5478,    814.9014,   2921.7166
 2878,  -8755327.4995,  11309802.5317,  15242927.9473,  -4481.1656,    814.4076,   2921.0511
 2879,  -8759808.4740,  11310616.6925,  15245848.6659,  -4480.7835,    813.9141,   2920.3860
 2880,  -8764289.0665,  11311430.3600,  15248768.7194,  -4480.4015,    813.4209,   2919.7211
 2881,  -8768769.2770,  11312243.5344,  15251688.1082,  -4480.0195,    812.9280,   2919.0566
 2882,  -8773249.1055,  11313056.2161,  15254606.8327,  -4479.6375,    812.4353,   2918.3923
 2883,  -8777728.5520,  11313868.4052,  15257524.8930,  -4479.2556,    811.9430,   2917.7284
 2884,  -8782207.6166,  11314680.1021,  15260442.2895,  -4478.8737,    811.4509,   2917.0647
 2885,  -8786686.2994,  11315491.3070,  15263359.0225,  -4478.4919,    810.9591,   2916.4014
 2886,  -8791164.6004,  11316302.0203,  15266275.0923,  -4478.1101,    810.4675,   2915.7383
 2887,  -8795642.5197,  11317112.2422,  15269190.4992,  -4477.7284,    809.9763,   2915.0755
 2888,  -8800120.0572,  11317921.9729,  15272105.2435,  -4477.3467,    809.4853,   2914.4130
 2889,  -8804597.2131,  11318731.2128,  15275019.3254,  -4476.9651,    808.9946,   2913.7509
 2890,  -8809073.9874,  11319539.9621,  15277932.7453,  -4476.5835,    808.5041,   2913.0890
 2891,  -8813550.3802,  11320348.2212,  15280845.5034,  -4476.2020,    808.0140,   2912.4274
 2892,  -8818026.3914,  11321155.9902,  15283757.6001,  -4475.8205,    807.5241,   2911.7661
 2893,  -8822502.0212,  11321963.2695,  15286669.0357,  -4475.4391,    807.0345,   2911.1051
 2894,  -8826977.2696,  11322770.0594,  15289579.8104,  -4475.0577,    806.5452,   2910.4444
 2895,  -8831452.1366,  11323576.3600,  15292489.9245,  -4474.6764,    806.0562,   2909.7839
 2896,  -8835926.6224,  11324382.1718,  15295399.3783,  -4474.2951,    805.5674,   2909.1238
 2897,  -8840400.7268,  11325187.4949,  15298308.1722,  -4473.9139,    805.0789,   2908.4640
 2898,  -8844874.4501,  11325992.3297,  15301216.3064,  -4473.5327,    804.5907,   2907.8045
 2899,  -8849347.7922,  11326796.6764,  15304123.7812,  -4473.1515,    804.1027,   2907.1452
 2900,  -8853820.7532,  11327600.5352,  15307030.5969,  -4472.7704,    803.6151,   2906.4863
 2901,  -8858293.3331,  11328403.9066,  15309936.7539,  -4472.3894,    803.1277,   2905.8276
 2902,  -8862765.5320,  11329206.7907,  15312842.2523,  -4472.0084,    802.6405,   2905.1692
 2903,  -8867237.3500,  11330009.1878,  15315747.0924,  -4471.6275,    802.1537,   2904.5112
 2904,  -8871708.7870,  11330811.0982,  15318651.2747,  -4471.2466,    801.6671,   2903.8534
 2905,  -8876179.8432,  11331612.5221,  15321554.7993,  -4470.8657,    801.1808,   2903.1959
 2906,  -8880650.5185,  11332413.4599,  15324457.6666,  -4470.4850,    800.6948,   2902.5387
 2907,  -8885120.8131,  11333213.9118,  15327359.8768,  -4470.1042,    800.2091,   2901.8818
 2908,  -8889590.7270,  11334013.8781,  15330261.4302,  -4469.7235,    799.7236,   2901.2252
 2909,  -8894060.2601,  11334813.3590,  15333162.3272,  -4469.3429,    799.2384,   2900.5688
 2910,  -8898529.4127,  11335612.3549,  15336062.5680,  -4468.9623,    798.7534,   2899.9128
 2911,  -8902998.1847,  11336410.8660,  15338962.1530,  -4468.5817,    798.2688,   2899.2571
 2912,  -8907466.5762,  11337208.8925,  15341861.0823,  -4468.2012,    797.7844,   2898.6016
 2913,  -8911934.5872,  11338006.4348,  15344759.3563,  -4467.8208,    797.3003,   2897.9465
 2914,  -8916402.2178,  11338803.4931,  15347656.9753,  -4467.4404,    796.8164,   2897.2916
 2915,  -8920869.4680,  11339600.0677,  15350553.9395,  -4467.0601,    796.3328,   2896.6370
 2916,  -8925336.3379,  11340396.1589,  15353450.2494,  -4466.6798,    795.8495,   2895.9827
 2917,  -8929802.8276,  11341191.7669,  15356345.9051,  -4466.2995,    795.3665,   2895.3287
 2918,  -8934268.9370,  11341986.8920,  15359240.9069,  -4465.9193,    794.8837,   2894.6750
 2919,  -8938734.6662,  11342781.5344,  15362135.2551,  -4465.5392,    794.4012,   2894.0216
 2920,  -8943200.0153,  11343575.6946,  15365028.9501,  -4465.1591,    793.9190,   2893.3684
 2921,  -8947664.9843,  11344369.3726,  15367921.9920,  -4464.7790,    793.4371,   2892.7156
 2922,  -8952129.5733,  11345162.5688,  15370814.3813,  -4464.3990,    792.9554,   2892.0630
 2923,  -8956593.7823,  11345955.2834,  15373706.1181,  -4464.0191,    792.4740,   2891.4107
 2924,  -8961057.6114,  11346747.5168,  15376597.2029,  -4463.6392,    791.9928,   2890.7587
 2925,  -8965521.0607,  11347539.2692,  15379487.6357,  -4463.2593,    791.5119,   2890.1070
 2926,  -8969984.1301,  11348330.5408,  15382377.4170,  -4462.8795,    791.0313,   2889.4556
 2927,  -8974446.8197,  11349121.3319,  15385266.5471,  -4462.4998,    790.5510,   2888.8045
 2928,  -8978909.1296,  11349911.6429,  15388155.0262,  -4462.1201,    790.0709,   2888.1537
 2929,  -8983371.0598,  11350701.4739,  15391042.8545,  -4461.7404,    789.5911,   2887.5031
 2930,  -8987832.6104,  11351490.8252,  15393930.0325,  -4461.3608,    789.1116,   2886.8529
 2931,  -8992293.7814,  11352279.6972,  15396816.5603,  -4460.9812,    788.6323,   2886.2029
 2932,  -8996754.5729,  11353068.0900,  15399702.4384,  -4460.6017,    788.1533,   2885.5532
 2933,  -9001214.9849,  11353856.0039,  15402587.6668,  -4460.2223,    787.6746,   2884.9038
 2934,  -9005675.0175,  11354643.4393,  15405472.2460,  -4459.8429,    787.1961,   2884.2547
 2935,  -9010134.6707,  11355430.3963,  15408356.1762,  -4459.4635,    786.7179,   2883.6058
 2936,  -9014593.9446,  11356216.8753,  15411239.4578,  -4459.0842,    786.2400,   2882.9573
 2937,  -9019052.8392,  11357002.8764,  15414122.0909,  -4458.7050,    785.7624,   2882.3090
 2938,  -9023511.3546,  11357788.4001,  15417004.0759,  -4458.3258,    785.2850,   2881.6610
 2939,  -9027969.4908,  11358573.4464,  15419885.4131,  -4457.9466,    784.8078,   2881.0133
 2940,  -9032427.2479,  11359358.0158,  15422766.1027,  -4457.5675,    784.3310,   2880.3659
 2941,  -9036884.6259,  11360142.1085,  15425646.1451,  -4457.1885,    783.8544,   2879.7188
 2942,  -9041341.6249,  11360925.7246,  15428525.5404,  -4456.8095,    783.3780,   2879.0720
 2943,  -9045798.2449,  11361708.8646,  15431404.2891,  -4456.4305,    782.9020,   2878.4254
 2944,  -9050254.4860,  11362491.5286,  15434282.3914,  -4456.0516,    782.4262,   2877.7791
 2945,  -9054710.3482,  11363273.7170,  15437159.8475,  -4455.6728,    781.9506,   2877.1332
 2946,  -9059165.8316,  11364055.4299,  15440036.6578,  -4455.2940,    781.4753,   2876.4875
 2947,  -9063620.9362,  11364836.6678,  15442912.8225,  -4454.9152,    781.0003,   2875.8420
 2948,  -9068075.6621,  11365617.4307,  15445788.3419,  -4454.5365,    780.5256,   2875.1969
 2949,  -9072530.0093,  11366397.7190,  15448663.2164,  -4454.1579,    780.0511,   2874.5520
 2950,  -9076983.9779,  11367177.5330,  15451537.4461,  -4453.7793,    779.5769,   2873.9075
 2951,  -9081437.5679,  11367956.8728,  15454411.0314,  -4453.4008,    779.1029,   2873.2632
 2952,  -9085890.7794,  11368735.7389,  15457283.9725,  -4453.0223,    778.6292,   2872.6192
 2953,  -9090343.6124,  11369514.1314,  15460156.2698,  -4452.6438,    778.1558,   2871.9754
 2954,  -9094796.0671,  11370292.0506,  15463027.9234,  -4452.2654,    777.6826,   2871.3320
 2955,  -9099248.1433,  11371069.4967,  15465898.9338,  -4451.8871,    777.2097,   2870.6888
 2956,  -9103699.8412,  11371846.4701,  15468769.3012,  -4451.5088,    776.7371,   2870.0459
 2957,  -9108151.1609,  11372622.9710,  15471639.0258,  -4451.1305,    776.2647,   2869.4033
 2958,  -9112602.1023,  11373398.9996,  15474508.1079,  -4450.7523,    775.7926,   2868.7610
 2959,  -9117052.6656,  11374174.5562,  15477376.5479,  -4450.3742,    775.3207,   2868.1190
 2960,  -9121502.8508,  11374949.6411,  15480244.3460,  -4449.9961,    774.8491,   2867.4772
 2961,  -9125952.6578,  11375724.2546,  15483111.5024,  -4449.6181,    774.3778,   2866.8357
 2962,  -9130402.0869,  11376498.3968,  15485978.0175,  -4449.2401,    773.9067,   2866.1945
 2963,  -9134851.1380,  11377272.0681,  15488843.8916,  -4448.8622,    773.4359,   2865.5536
 2964,  -9139299.8113,  11378045.2687,  15491709.1248,  -4448.4843,    772.9654,   2864.9130
 2965,  -9143748.1066,  11378817.9989,  15494573.7176,  -4448.1064,    772.4951,   2864.2726
 2966,  -9148196.0241,  11379590.2590,  15497437.6702,  -4447.7286,    772.0250,   2863.6325
 2967,  -9152643.5639,  11380362.0491,  15500300.9828,  -4447.3509,    771.5553,   2862.9927
 2968,  -9157090.7260,  11381133.3696,  15503163.6557,  -4446.9732,    771.0858,   2862.3532
 2969,  -9161537.5104,  11381904.2207,  15506025.6893,  -4446.5956,    770.6165,   2861.7140
 2970,  -9165983.9172,  11382674.6027,  15508887.0837,  -4446.2180,    770.1475,   2861.0750
 2971,  -9170429.9464,  11383444.5158,  15511747.8394,  -4445.8405,    769.6788,   2860.4363
 2972,  -9174875.5982,  11384213.9603,  15514607.9564,  -4445.4630,    769.2103,   2859.7979
 2973,  -9179320.8724,  11384982.9365,  15517467.4353,  -4445.0856,    768.7421,   2859.1598
 2974,  -9183765.7693,  11385751.4446,  15520326.2761,  -4444.7082,    768.2741,   2858.5219
 2975,  -9188210.2889,  11386519.4848,  15523184.4792,  -4444.3309,    767.8064,   2857.8843
 2976,  -9192654.4311,  11387287.0575,  15526042.0449,  -4443.9536,    767.3390,   2857.2470
 2977,  -9197098.1961,  11388054.1629,  15528898.9734,  -4443.5764,    766.8718,   2856.6100
 2978,  -9201541.5839,  11388820.8012,  15531755.2650,  -4443.1992,    766.4049,   2855.9733
 2979,  -9205984.5945,  11389586.9727,  15534610.9201,  -4442.8221,    765.9382,   2855.3368
 2980,  -9210427.2281,  11390352.6777,  15537465.9388,  -4442.4450,    765.4718,   2854.7006
 2981,  -9214869.4846,  11391117.9164,  15540320.3214,  -4442.0680,    765.0056,   2854.0647
 2982,  -9219311.3641,  11391882.6891,  15543174.0683,  -4441.6910,    764.5397,   2853.4291
 2983,  -9223752.8666,  11392646.9960,  15546027.1797,  -4441.3141,    764.0741,   2852.7937
 2984,  -9228193.9923,  11393410.8374,  15548879.6558,  -4440.9373,    763.6087,   2852.1586
 2985,  -9232634.7412,  11394174.2135,  15551731.4970,  -4440.5604,    763.1436,   2851.5238
 2986,  -9237075.1132,  11394937.1247,  15554582.7036,  -4440.1837,    762.6787,   2850.8893
 2987,  -9241515.1085,  11395699.5711,  15557433.2757,  -4439.8070,    762.2141,   2850.2550
 2988,  -9245954.7272,  11396461.5530,  15560283.2137,  -4439.4303,    761.7497,   2849.6210
 2989,  -9250393.9692,  11397223.0706,  15563132.5179,  -4439.0537,    761.2856,   2848.9873
 2990,  -9254832.8346,  11397984.1243,  15565981.1885,  -4438.6771,    760.8218,   2848.3539
 2991,  -9259271.3235,  11398744.7143,  15568829.2258,  -4438.3006,    760.3582,   2847.7207
 2992,  -9263709.4359,  11399504.8408,  15571676.6301,  -4437.9242,    759.8949,   2847.0879
 2993,  -9268147.1719,  11400264.5041,  15574523.4016,  -4437.5478,    759.4318,   2846.4553
 2994,  -9272584.5315,  11401023.7044,  15577369.5407,  -4437.1714,    758.9689,   2845.8229
 2995,  -9277021.5148,  11401782.4420,  15580215.0475,  -4436.7951,    758.5064,   2845.1909
 2996,  -9281458.1218,  11402540.7172,  15583059.9225,  -4436.4189,    758.0440,   2844.5591
 2997,  -9285894.3526,  11403298.5302,  15585904.1658,  -4436.0427,    757.5820,   2843.9275
 2998,  -9290330.2072,  11404055.8812,  15588747.7777,  -4435.6666,    757.1201,   2843.2963
 2999,  -9294765.6857,  11404812.7706,  15591590.7585,  -4435.2905,    756.6586,   2842.6653
 3000,  -9299200.7882,  11405569.1985,  15594433.1084,  -4434.9144,    756.1973,   2842.0346
 3001,  -9303635.5146,  11406325.1652,  15597274.8278,  -4434.5384,    755.7362,   2841.4042
 3002,  -9308069.8651,  11407080.6710,  15600115.9169,  -4434.1625,    755.2754,   2840.7741
 3003,  -9312503.8396,  11407835.7161,  15602956.3760,  -4433.7866,    754.8149,   2840.1442
 3004,  -9316937.4384,  11408590.3008,  15605796.2054,  -4433.4108,    754.3546,   2839.5146
 3005,  -9321370.6613,  11409344.4253,  15608635.4053,  -4433.0350,    753.8945,   2838.8852
 3006,  -9325803.5084,  11410098.0899,  15611473.9760,  -4432.6593,    753.4347,   2838.2562
 3007,  -9330235.9798,  11410851.2948,  15614311.9177,  -4432.2836,    752.9752,   2837.6274
 3008,  -9334668.0756,  11411604.0403,  15617149.2308,  -4431.9080,    752.5159,   2836.9989
 3009,  -9339099.7958,  11412356.3266,  15619985.9155,  -4431.5324,    752.0568,   2836.3706
 3010,  -9343531.1405,  11413108.1540,  15622821.9721,  -4431.1569,    751.5980,   2835.7426
 3011,  -9347962.1096,  11413859.5228,  15625657.4009,  -4430.7814,    751.1395,   2835.1149
 3012,  -9352392.7033,  11414610.4331,  15628492.2020,  -4430.4060,    750.6812,   2834.4875
 3013,  -9356822.9217,  11415360.8853,  15631326.3759,  -4430.0306,    750.2232,   2833.8603
 3014,  -9361252.7646,  11416110.8795,  15634159.9228,  -4429.6553,    749.7654,   2833.2334
 3015,  -9365682.2323,  11416860.4161,  15636992.8429,  -4429.2801,    749.3078,   2832.6068
 3016,  -9370111.3248,  11417609.4953,  15639825.1364,  -4428.9049,    748.8506,   2831.9804
 3017,  -9374540.0421,  11418358.1173,  15642656.8038,  -4428.5297,    748.3935,   2831.3543
 3018,  -9378968.3842,  11419106.2824,  15645487.8452,  -4428.1546,    747.9367,   2830.7285
 3019,  -9383396.3513,  11419853.9908,  15648318.2609,  -4427.7796,    747.4802,   2830.1030
 3020,  -9387823.9434,  11420601.2428,  15651148.0513,  -4427.4046,    747.0239,   2829.4777
 3021,  -9392251.1604,  11421348.0387,  15653977.2164,  -4427.0296,    746.5678,   2828.8527
 3022,  -9396678.0026,  11422094.3786,  15656805.7567,  -4426.6547,    746.1121,   2828.2279
 3023,  -9401104.4699,  11422840.2629,  15659633.6724,  -4426.2799,    745.6565,   2827.6035
 3024,  -9405530.5624,  11423585.6917,  15662460.9637,  -4425.9051,    745.2012,   2826.9793
 3025,  -9409956.2801,  11424330.6654,  15665287.6310,  -4425.5303,    744.7462,   2826.3553
 3026,  -9414381.6231,  11425075.1841,  15668113.6745,  -4425.1557,    744.2914,   2825.7317
 3027,  -9418806.5914,  11425819.2482,  15670939.0944,  -4424.7810,    743.8368,   2825.1082
 3028,  -9423231.1851,  11426562.8578,  15673763.8911,  -4424.4064,    743.3825,   2824.4851
 3029,  -9427655.4043,  11427306.0133,  15676588.0647,  -4424.0319,    742.9284,   2823.8622
 3030,  -9432079.2490,  11428048.7148,  15679411.6156,  -4423.6574,    742.4746,   2823.2396
 3031,  -9436502.7192,  11428790.9626,  15682234.5441,  -4423.2830,    742.0211,   2822.6173
 3032,  -9440925.8150,  11429532.7570,  15685056.8504,  -4422.9086,    741.5677,   2821.9952
 3033,  -9445348.5365,  11430274.0981,  15687878.5347,  -4422.5343,    741.1147,   2821.3734
 3034,  -9449770.8837,  11431014.9864,  15690699.5973,  -4422.1601,    740.6618,   2820.7519
 3035,  -9454192.8566,  11431755.4219,  15693520.0386,  -4421.7858,    740.2093,   2820.1306
 3036,  -9458614.4554,  11432495.4050,  15696339.8587,  -4421.4117,    739.7569,   2819.5096
 3037,  -9463035.6800,  11433234.9358,  15699159.0580,  -4421.0376,    739.3048,   2818.8889
 3038,  -9467456.5305,  11433974.0147,  15701977.6366,  -4420.6635,    738.8530,   2818.2684
 3039,  -9471877.0070,  11434712.6419,  15704795.5949,  -4420.2895,    738.4014,   2817.6482
 3040,  -9476297.1096,  11435450.8176,  15707612.9332,  -4419.9156,    737.9500,   2817.0283
 3041,  -9480716.8382,  11436188.5420,  15710429.6516,  -4419.5417,    737.4989,   2816.4086
 3042,  -9485136.1929,  11436925.8155,  15713245.7505,  -4419.1678,    737.0481,   2815.7892
 3043,  -9489555.1738,  11437662.6383,  15716061.2301,  -4418.7940,    736.5974,   2815.1701
 3044,  -9493973.7810,  11438399.0105,  15718876.0907,  -4418.4203,    736.1471,   2814.5512
 3045,  -9498392.0144,  11439134.9325,  15721690.3326,  -4418.0466,    735.6969,   2813.9326
 3046,  -9502809.8742,  11439870.4045,  15724503.9560,  -4417.6730,    735.2471,   2813.3142
 3047,  -9507227.3603,  11440605.4267,  15727316.9611,  -4417.2994,    734.7974,   2812.6961
 3048,  -9511644.4729,  11441339.9994,  15730129.3483,  -4416.9258,    734.3480,   2812.0783
 3049,  -9516061.2120,  11442074.1228,  15732941.1178,  -4416.5524,    733.8989,   2811.4608
 3050,  -9520477.5777,  11442807.7971,  15735752.2699,  -4416.1789,    733.4499,   2810.8435
 3051,  -9524893.5699,  11443541.0227,  15738562.8049,  -4415.8056,    733.0013,   2810.2264
 3052,  -9529309.1888,  11444273.7997,  15741372.7229,  -4415.4323,    732.5528,   2809.6097
 3053,  -9533724.4345,  11445006.1285,  15744182.0243,  -4415.0590,    732.1047,   2808.9932
 3054,  -9538139.3068,  11445738.0091,  15746990.7093,  -4414.6858,    731.6567,   2808.3769
 3055,  -9542553.8060,  11446469.4420,  15749798.7782,  -4414.3126,    731.2090,   2807.7609
 3056,  -9546967.9321,  11447200.4272,  15752606.2312,  -4413.9395,    730.7615,   2807.1452
 3057,  -9551381.6851,  11447930.9651,  15755413.0687,  -4413.5665,    730.3143,   2806.5298
 3058,  -9555795.0650,  11448661.0560,  15758219.2908,  -4413.1935,    729.8674,   2805.9146
 3059,  -9560208.0720,  11449390.6999,  15761024.8979,  -4412.8205,    729.4206,   2805.2996
 3060,  -9564620.7060,  11450119.8973,  15763829.8902,  -4412.4476,    728.9741,   2804.6850
 3061,  -9569032.9672,  11450848.6483,  15766634.2679,  -4412.0748,    728.5279,   2804.0706
 3062,  -9573444.8556,  11451576.9531,  15769438.0314,  -4411.7020,    728.0819,   2803.4564
 3063,  -9577856.3712,  11452304.8121,  15772241.1808,  -4411.3292,    727.6361,   2802.8425
 3064,  -9582267.5141,  11453032.2254,  15775043.7165,  -4410.9566,    727.1906,   2802.2289
 3065,  -9586678.2843,  11453759.1932,  15777845.6387,  -4410.5839,    726.7453,   2801.6155
 3066,  -9591088.6820,  11454485.7160,  15780646.9476,  -4410.2114,    726.3002,   2801.0024
 3067,  -9595498.7071,  11455211.7938,  15783447.6436,  -4409.8388,    725.8554,   2800.3896
 3068,  -9599908.3597,  11455937.4269,  15786247.7269,  -4409.4664,    725.4108,   2799.7770
 3069,  -9604317.6398,  11456662.6155,  15789047.1977,  -4409.0939,    724.9665,   2799.1647
 3070,  -9608726.5476,  11457387.3599,  15791846.0563,  -4408.7216,    724.5224,   2798.5526
 3071,  -9613135.0830,  11458111.6604,  15794644.3030,  -4408.3493,    724.0786,   2797.9408
 3072,  -9617543.2461,  11458835.5171,  15797441.9380,  -4407.9770,    723.6349,   2797.3293
 3073,  -9621951.0370,  11459558.9304,  15800238.9616,  -4407.6048,    723.1916,   2796.7180
 3074,  -9626358.4557,  11460281.9003,  15803035.3740,  -4407.2327,    722.7484,   2796.1070
 3075,  -9630765.5023,  11461004.4273,  15805831.1756,  -4406.8606,    722.3055,   2795.4962
 3076,  -9635172.1769,  11461726.5115,  15808626.3665,  -4406.4885,    721.8629,   2794.8857
 3077,  -9639578.4794,  11462448.1531,  15811420.9470,  -4406.1165,    721.4204,   2794.2754
 3078,  -9643984.4099,  11463169.3524,  15814214.9174,  -4405.7446,    720.9783,   2793.6654
 3079,  -9648389.9685,  11463890.1097,  15817008.2780,  -4405.3727,    720.5363,   2793.0557
 3080,  -9652795.1553,  11464610.4251,  15819801.0289,  -4405.0009,    720.0946,   2792.4462
 3081,  -9657199.9703,  11465330.2990,  15822593.1705,  -4404.6291,    719.6531,   2791.8370
 3082,  -9661604.4135,  11466049.7314,  15825384.7031,  -4404.2574,    719.2119,   2791.2281
 3083,  -9666008.4850,  11466768.7228,  15828175.6267,  -4403.8857,    718.7709,   2790.6194
 3084,  -9670412.1849,  11467487.2733,  15830965.9419,  -4403.5141,    718.3301,   2790.0109
 3085,  -9674815.5132,  11468205.3831,  15833755.6487,  -4403.1425,    717.8896,   2789.4027
 3086,  -9679218.4699,  11468923.0526,  15836544.7474,  -4402.7710,    717.4493,   2788.7948
 3087,  -9683621.0552,  11469640.2818,  15839333.2384,  -4402.3995,    717.0092,   2788.1871
 3088,  -9688023.2690,  11470357.0711,  15842121.1218,  -4402.0281,    716.5694,   2787.5797
 3089,  -9692425.1115,  11471073.4207,  15844908.3979,  -4401.6568,    716.1298,   2786.9726
 3090,  -9696826.5826,  11471789.3309,  15847695.0669,  -4401.2855,    715.6905,   2786.3657
 3091,  -9701227.6825,  11472504.8018,  15850481.1293,  -4400.9142,    715.2514,   2785.7590
 3092,  -9705628.4111,  11473219.8338,  15853266.5850,  -4400.5430,    714.8125,   2785.1526
 3093,  -9710028.7686,  11473934.4269,  15856051.4346,  -4400.1719,    714.3739,   2784.5465
 3094,  -9714428.7549,  11474648.5816,  15858835.6781,  -4399.8008,    713.9355,   2783.9406
 3095,  -9718828.3702,  11475362.2979,  15861619.3159,  -4399.4298,    713.4973,   2783.3350
 3096,  -9723227.6145,  11476075.5762,  15864402.3481,  -4399.0588,    713.0593,   2782.7296
 3097,  -9727626.4879,  11476788.4167,  15867184.7752,  -4398.6879,    712.6216,   2782.1245
 3098,  -9732024.9904,  11477500.8196,  15869966.5972,  -4398.3170,    712.1842,   2781.5196
 3099,  -9736423.1220,  11478212.7851,  15872747.8146,  -4397.9462,    711.7469,   2780.9150
 3100,  -9740820.8828,  11478924.3135,  15875528.4274,  -4397.5755,    711.3099,   2780.3107
 3101,  -9745218.2729,  11479635.4051,  15878308.4360,  -4397.2047,    710.8732,   2779.7066
 3102,  -9749615.2923,  11480346.0599,  15881087.8407,  -4396.8341,    710.4366,   2779.1028
 3103,  -9754011.9411,  11481056.2784,  15883866.6416,  -4396.4635,    710.0003,   2778.4992
 3104,  -9758408.2193,  11481766.0606,  15886644.8391,  -4396.0929,    709.5643,   2777.8958
 3105,  -9762804.1270,  11482475.4070,  15889422.4334,  -4395.7225,    709.1284,   2777.2928
 3106,  -9767199.6643,  11483184.3176,  15892199.4247,  -4395.3520,    708.6928,   2776.6899
 3107,  -9771594.8311,  11483892.7927,  15894975.8134,  -4394.9816,    708.2574,   2776.0874
 3108,  -9775989.6275,  11484600.8325,  15897751.5996,  -4394.6113,    707.8223,   2775.4851
 3109,  -9780384.0537,  11485308.4373,  15900526.7836,  -4394.2410,    707.3874,   2774.8830
 3110,  -9784778.1096,  11486015.6073,  15903301.3656,  -4393.8708,    706.9527,   2774.2812
 3111,  -9789171.7953,  11486722.3428,  15906075.3460,  -4393.5006,    706.5183,   2773.6796
 3112,  -9793565.1109,  11487428.6439,  15908848.7249,  -4393.1305,    706.0840,   2773.0783
 3113,  -9797958.0563,  11488134.5110,  15911621.5027,  -4392.7604,    705.6501,   2772.4773
 3114,  -9802350.6318,  11488839.9441,  15914393.6795,  -4392.3904,    705.2163,   2771.8765
 3115,  -9806742.8372,  11489544.9437,  15917165.2557,  -4392.0205,    704.7828,   2771.2759
 3116,  -9811134.6728,  11490249.5098,  15919936.2314,  -4391.6506,    704.3495,   2770.6756
 3117,  -9815526.1384,  11490953.6427,  15922706.6070,  -4391.2807,    703.9164,   2770.0756
 3118,  -9819917.2343,  11491657.3427,  15925476.3827,  -4390.9109,    703.4836,   2769.4758
 3119,  -9824307.9603,  11492360.6100,  15928245.5586,  -4390.5412,    703.0510,   2768.8762
 3120,  -9828698.3167,  11493063.4448,  15931014.1352,  -4390.1715,    702.6186,   2768.2769
 3121,  -9833088.3034,  11493765.8474,  15933782.1126,  -4389.8019,    702.1865,   2767.6779
 3122,  -9837477.9205,  11494467.8179,  15936549.4911,  -4389.4323,    701.7546,   2767.0791
 3123,  -9841867.1680,  11495169.3567,  15939316.2709,  -4389.0628,    701.3229,   2766.4806
 3124,  -9846256.0461,  11495870.4638,  15942082.4523,  -4388.6933,    700.8915,   2765.8823
 3125,  -9850644.5547,  11496571.1396,  15944848.0355,  -4388.3239,    700.4602,   2765.2842
 3126,  -9855032.6939,  11497271.3844,  15947613.0208,  -4387.9545,    700.0292,   2764.6865
 3127,  -9859420.4638,  11497971.1982,  15950377.4085,  -4387.5852,    699.5985,   2764.0889
 3128,  -9863807.8644,  11498670.5814,  15953141.1987,  -4387.2160,    699.1679,   2763.4916
 3129,  -9868194.8958,  11499369.5342,  15955904.3918,  -4386.8468,    698.7376,   2762.8946
 3130,  -9872581.5580,  11500068.0567,  15958666.9880,  -4386.4776,    698.3076,   2762.2978
 3131,  -9876967.8511,  11500766.1493,  15961428.9875,  -4386.1086,    697.8777,   2761.7013
 3132,  -9881353.7751,  11501463.8122,  15964190.3906,  -4385.7395,    697.4481,   2761.1050
 3133,  -9885739.3302,  11502161.0456,  15966951.1975,  -4385.3705,    697.0187,   2760.5089
 3134,  -9890124.5162,  11502857.8496,  15969711.4085,  -4385.0016,    696.5895,   2759.9131
 3135,  -9894509.3334,  11503554.2247,  15972471.0239,  -4384.6327,    696.1606,   2759.3176
 3136,  -9898893.7817,  11504250.1709,  15975230.0438,  -4384.2639,    695.7319,   2758.7223
 3137,  -9903277.8613,  11504945.6884,  15977988.4685,  -4383.8952,    695.3034,   2758.1272
 3138,  -9907661.5720,  11505640.7777,  15980746.2983,  -4383.5264,    694.8751,   2757.5324
 3139,  -9912044.9142,  11506335.4387,  15983503.5335,  -4383.1578,    694.4471,   2756.9379
 3140,  -9916427.8876,  11507029.6719,  15986260.1742,  -4382.7892,    694.0193,   2756.3436
 3141,  -9920810.4925,  11507723.4773,  15989016.2208,  -4382.4206,    693.5917,   2755.7495
 3142,  -9925192.7289,  11508416.8553,  15991771.6734,  -4382.0521,    693.1643,   2755.1557
 3143,  -9929574.5968,  11509109.8061,  15994526.5323,  -4381.6837,    692.7372,   2754.5622
 3144,  -9933956.0963,  11509802.3298,  15997280.7978,  -4381.3153,    692.3103,   2753.9688
 3145,  -9938337.2275,  11510494.4267,  16000034.4701,  -4380.9470,    691.8836,   2753.3758
 3146,  -9942717.9903,  11511186.0971,  16002787.5494,  -4380.5787,    691.4572,   2752.7830
 3147,  -9947098.3849,  11511877.3411,  16005540.0361,  -4380.2105,    691.0309,   2752.1904
 3148,  -9951478.4113,  11512568.1590,  16008291.9303,  -4379.8423,    690.6049,   2751.5981
 3149,  -9955858.0696,  11513258.5510,  16011043.2323,  -4379.4742,    690.1791,   2751.0060
 3150,  -9960237.3597,  11513948.5174,  16013793.9423,  -4379.1061,    689.7536,   2750.4141
 3151,  -9964616.2819,  11514638.0583,  16016544.0607,  -4378.7381,    689.3283,   2749.8226
 3152,  -9968994.8360,  11515327.1740,  16019293.5875,  -4378.3702,    688.9032,   2749.2312
 3153,  -9973373.0223,  11516015.8647,  16022042.5232,  -4378.0023,    688.4783,   2748.6401
 3154,  -9977750.8406,  11516704.1306,  16024790.8678,  -4377.6345,    688.0536,   2748.0493
 3155,  -9982128.2912,  11517391.9720,  16027538.6218,  -4377.2667,    687.6292,   2747.4587
 3156,  -9986505.3740,  11518079.3890,  16030285.7852,  -4376.8989,    687.2050,   2746.8683
 3157,  -9990882.0891,  11518766.3820,  16033032.3585,  -4376.5313,    686.7810,   2746.2782
 3158,  -9995258.4365,  11519452.9511,  16035778.3417,  -4376.1636,    686.3572,   2745.6883
 3159,  -9999634.4163,  11520139.0965,  16038523.7352,  -4375.7961,    685.9337,   2745.0987
 3160, -10004010.0286,  11520824.8185,  16041268.5391,  -4375.4285,    685.5104,   2744.5093
 3161, -10008385.2734,  11521510.1174,  16044012.7538,  -4375.0611,    685.0873,   2743.9202
 3162, -10012760.1508,  11522194.9932,  16046756.3795,  -4374.6937,    684.6644,   2743.3313
 3163, -10017134.6608,  11522879.4462,  16049499.4165,  -4374.3263,    684.2418,   2742.7426
 3164, -10021508.8035,  11523563.4767,  16052241.8649,  -4373.9590,    683.8193,   2742.1542
 3165, -10025882.5789,  11524247.0849,  16054983.7250,  -4373.5918,    683.3971,   2741.5661
 3166, -10030255.9871,  11524930.2711,  16057724.9970,  -4373.2246,    682.9751,   2740.9781
 3167, -10034629.0281,  11525613.0353,  16060465.6813,  -4372.8575,    682.5534,   2740.3905
 3168, -10039001.7021,  11526295.3779,  16063205.7780,  -4372.4904,    682.1318,   2739.8030
 3169, -10043374.0089,  11526977.2990,  16065945.2875,  -4372.1234,    681.7105,   2739.2158
 3170, -10047745.9488,  11527658.7990,  16068684.2098,  -4371.7564,    681.2894,   2738.6289
 3171, -10052117.5218,  11528339.8779,  16071422.5453,  -4371.3895,    680.8685,   2738.0422
 3172, -10056488.7278,  11529020.5361,  16074160.2943,  -4371.0226,    680.4479,   2737.4557
 3173, -10060859.5670,  11529700.7738,  16076897.4568,  -4370.6558,    680.0274,   2736.8695
 3174, -10065230.0395,  11530380.5911,  16079634.0333,  -4370.2891,    679.6072,   2736.2835
 3175, -10069600.1452,  11531059.9883,  16082370.0240,  -4369.9224,    679.1872,   2735.6978
 3176, -10073969.8842,  11531738.9656,  16085105.4290,  -4369.5557,    678.7675,   2735.1123
 3177, -10078339.2567,  11532417.5233,  16087840.2487,  -4369.1891,    678.3479,   2734.5271
 3178, -10082708.2626,  11533095.6615,  16090574.4832,  -4368.8226,    677.9286,   2733.9420
 3179, -10087076.9019,  11533773.3805,  16093308.1328,  -4368.4561,    677.5095,   2733.3573
 3180, -10091445.1749,  11534450.6805,  16096041.1978,  -4368.0897,    677.0906,   2732.7727
 3181, -10095813.0814,  11535127.5617,  16098773.6784,  -4367.7234,    676.6719,   2732.1885
 3182, -10100180.6216,  11535804.0243,  16101505.5748,  -4367.3570,    676.2534,   2731.6044
 3183, -10104547.7955,  11536480.0686,  16104236.8873,  -4366.9908,    675.8352,   2731.0206
 3184, -10108914.6032,  11537155.6948,  16106967.6161,  -4366.6246,    675.4172,   2730.4371
 3185, -10113281.0447,  11537830.9030,  16109697.7615,  -4366.2584,    674.9994,   2729.8537
 3186, -10117647.1200,  11538505.6936,  16112427.3237,  -4365.8923,    674.5818,   2729.2706
 3187, -10122012.8293,  11539180.0666,  16115156.3029,  -4365.5263,    674.1644,   2728.6878
 3188, -10126378.1726,  11539854.0225,  16117884.6994,  -4365.1603,    673.7473,   2728.1052
 3189, -10130743.1500,  11540527.5613,  16120612.5134,  -4364.7944,    673.3303,   2727.5228
 3190, -10135107.7614,  11541200.6832,  16123339.7451,  -4364.4285,    672.9136,   2726.9407
 3191, -10139472.0070,  11541873.3886,  16126066.3949,  -4364.0627,    672.4971,   2726.3588
 3192, -10143835.8868,  11542545.6776,  16128792.4629,  -4363.6969,    672.0809,   2725.7772
 3193, -10148199.4009,  11543217.5504,  16131517.9493,  -4363.3312,    671.6648,   2725.1958
 3194, -10152562.5493,  11543889.0072,  16134242.8545,  -4362.9656,    671.2490,   2724.6146
 3195, -10156925.3321,  11544560.0484,  16136967.1786,  -4362.6000,    670.8333,   2724.0337
 3196, -10161287.7493,  11545230.6740,  16139690.9220,  -4362.2344,    670.4179,   2723.4530
 3197, -10165649.8009,  11545900.8843,  16142414.0847,  -4361.8689,    670.0027,   2722.8725
 3198, -10170011.4871,  11546570.6795,  16145136.6671,  -4361.5035,    669.5878,   2722.2923
 3199, -10174372.8079,  11547240.0599,  16147858.6695,  -4361.1381,    669.1730,   2721.7124
 3200, -10178733.7634,  11547909.0256,  16150580.0919,  -4360.7728,    668.7585,   2721.1326
 3201, -10183094.3535,  11548577.5769,  16153300.9348,  -4360.4075,    668.3441,   2720.5531
 3202, -10187454.5785,  11549245.7139,  16156021.1983,  -4360.0423,    667.9300,   2719.9739
 3203, -10191814.4382,  11549913.4370,  16158740.8826,  -4359.6771,    667.5161,   2719.3948
 3204, -10196173.9328,  11550580.7463,  16161459.9881,  -4359.3120,    667.1024,   2718.8161
 3205, -10200533.0623,  11551247.6420,  16164178.5148,  -4358.9470,    666.6890,   2718.2375
 3206, -10204891.8268,  11551914.1243,  16166896.4632,  -4358.5820,    666.2757,   2717.6592
 3207, -10209250.2263,  11552580.1935,  16169613.8333,  -4358.2171,    665.8627,   2717.0811
 3208, -10213608.2609,  11553245.8498,  16172330.6255,  -4357.8522,    665.4499,   2716.5033
 3209, -10217965.9307,  11553911.0933,  16175046.8400,  -4357.4873,    665.0373,   2715.9257
 3210, -10222323.2356,  11554575.9244,  16177762.4770,  -4357.1226,    664.6249,   2715.3483
 3211, -10226680.1758,  11555240.3431,  16180477.5367,  -4356.7578,    664.2127,   2714.7712
 3212, -10231036.7513,  11555904.3499,  16183192.0194,  -4356.3932,    663.8007,   2714.1943
 3213, -10235392.9622,  11556567.9447,  16185905.9254,  -4356.0286,    663.3890,   2713.6177
 3214, -10239748.8085,  11557231.1279,  16188619.2548,  -4355.6640,    662.9775,   2713.0412
 3215, -10244104.2903,  11557893.8997,  16191332.0079,  -4355.2995,    662.5661,   2712.4650
 3216, -10248459.4076,  11558556.2603,  16194044.1850,  -4354.9351,    662.1550,   2711.8891
 3217, -10252814.1604,  11559218.2098,  16196755.7862,  -4354.5707,    661.7441,   2711.3134
 3218, -10257168.5490,  11559879.7486,  16199466.8119,  -4354.2064,    661.3335,   2710.7379
 3219, -10261522.5732,  11560540.8768,  16202177.2621,  -4353.8421,    660.9230,   2710.1627
 3220, -10265876.2331,  11561201.5946,  16204887.1373,  -4353.4779,    660.5127,   2709.5877
 3221, -10270229.5289,  11561861.9023,  16207596.4375,  -4353.1137,    660.1027,   2709.0129
 3222, -10274582.4605,  11562521.8001,  16210305.1631,  -4352.7496,    659.6929,   2708.4383
 3223, -10278935.0281,  11563181.2881,  16213013.3143,  -4352.3855,    659.2832,   2707.8640
 3224, -10283287.2316,  11563840.3666,  16215720.8913,  -4352.0215,    658.8738,   2707.2900
 3225, -10287639.0711,  11564499.0358,  16218427.8943,  -4351.6576,    658.4646,   2706.7161
 3226, -10291990.5467,  11565157.2959,  16221134.3236,  -4351.2937,    658.0557,   2706.1425
 3227, -10296341.6584,  11565815.1472,  16223840.1795,  -4350.9298,    657.6469,   2705.5692
 3228, -10300692.4064,  11566472.5898,  16226545.4620,  -4350.5661,    657.2383,   2704.9960
 3229, -10305042.7906,  11567129.6239,  16229250.1716,  -4350.2023,    656.8300,   2704.4231
 3230, -10309392.8110,  11567786.2498,  16231954.3084,  -4349.8387,    656.4218,   2703.8505
 3231, -10313742.4679,  11568442.4676,  16234657.8726,  -4349.4750,    656.0139,   2703.2780
 3232, -10318091.7611,  11569098.2777,  16237360.8645,  -4349.1115,    655.6062,   2702.7058
 3233, -10322440.6909,  11569753.6801,  16240063.2843,  -4348.7480,    655.1987,   2702.1339
 3234, -10326789.2571,  11570408.6751,  16242765.1323,  -4348.3845,    654.7914,   2701.5621
 3235, -10331137.4599,  11571063.2630,  16245466.4087,  -4348.0211,    654.3843,   2700.9906
 3236, -10335485.2994,  11571717.4438,  16248167.1136,  -4347.6578,    653.9774,   2700.4194
 3237, -10339832.7755,  11572371.2179,  16250867.2475,  -4347.2945,    653.5708,   2699.8483
 3238, -10344179.8884,  11573024.5855,  16253566.8103,  -4346.9313,    653.1643,   2699.2775
 3239, -10348526.6380,  11573677.5466,  16256265.8025,  -4346.5681,    652.7581,   2698.7069
 3240, -10352873.0246,  11574330.1017,  16258964.2243,  -4346.2050,    652.3520,   2698.1366
 3241, -10357219.0480,  11574982.2508,  16261662.0758,  -4345.8419,    651.9462,   2697.5665
 3242, -10361564.7084,  11575633.9942,  16264359.3573,  -4345.4789,    651.5406,   2696.9966
 3243, -10365910.0058,  11576285.3321,  16267056.0691,  -4345.1160,    651.1352,   2696.4269
 3244, -10370254.9403,  11576936.2647,  16269752.2113,  -4344.7531,    650.7300,   2695.8575
 3245, -10374599.5120,  11577586.7921,  16272447.7842,  -4344.3902,    650.3250,   2695.2883
 3246, -10378943.7208,  11578236.9147,  16275142.7881,  -4344.0274,    649.9202,   2694.7194
 3247, -10383287.5668,  11578886.6327,  16277837.2231,  -4343.6647,    649.5157,   2694.1507
 3248, -10387631.0502,  11579535.9461,  16280531.0895,  -4343.3020,    649.1113,   2693.5822
 3249, -10391974.1709,  11580184.8553,  16283224.3875,  -4342.9394,    648.7071,   2693.0139
 3250, -10396316.9290,  11580833.3605,  16285917.1174,  -4342.5768,    648.3032,   2692.4459
 3251, -10400659.3246,  11581481.4618,  16288609.2793,  -4342.2143,    647.8995,   2691.8781
 3252, -10405001.3577,  11582129.1595,  16291300.8736,  -4341.8519,    647.4959,   2691.3105
 3253, -10409343.0283,  11582776.4537,  16293991.9004,  -4341.4895,    647.0926,   2690.7432
 3254, -10413684.3366,  11583423.3447,  16296682.3600,  -4341.1271,    646.6895,   2690.1760
 3255, -10418025.2826,  11584069.8327,  16299372.2526,  -4340.7648,    646.2866,   2689.6092
 3256, -10422365.8663,  11584715.9179,  16302061.5784,  -4340.4026,    645.8839,   2689.0425
 3257, -10426706.0878,  11585361.6005,  16304750.3377,  -4340.0404,    645.4814,   2688.4761
 3258, -10431045.9472,  11586006.8807,  16307438.5306,  -4339.6783,    645.0791,   2687.9099
 3259, -10435385.4445,  11586651.7588,  16310126.1575,  -4339.3162,    644.6770,   2687.3439
 3260, -10439724.5797,  11587296.2348,  16312813.2185,  -4338.9542,    644.2751,   2686.7782
 3261, -10444063.3529,  11587940.3091,  16315499.7140,  -4338.5923,    643.8735,   2686.2127
 3262, -10448401.7643,  11588583.9818,  16318185.6440,  -4338.2304,    643.4720,   2685.6474
 3263, -10452739.8137,  11589227.2531,  16320871.0088,  -4337.8685,    643.0707,   2685.0823
 3264, -10457077.5013,  11589870.1233,  16323555.8087,  -4337.5067,    642.6697,   2684.5175
 3265, -10461414.8272,  11590512.5925,  16326240.0439,  -4337.1450,    642.2688,   2683.9529
 3266, -10465751.7914,  11591154.6610,  16328923.7146,  -4336.7833,    641.8682,   2683.3885
 3267, -10470088.3939,  11591796.3290,  16331606.8211,  -4336.4217,    641.4678,   2682.8244
 3268, -10474424.6348,  11592437.5966,  16334289.3635,  -4336.0601,    641.0675,   2682.2605
 3269, -10478760.5142,  11593078.4641,  16336971.3421,  -4335.6986,    640.6675,   2681.6968
 3270, -10483096.0321,  11593718.9317,  16339652.7572,  -4335.3372,    640.2677,   2681.1333
 3271, -10487431.1886,  11594358.9995,  16342333.6089,  -4334.9758,    639.8681,   2680.5701
 3272, -10491765.9837,  11594998.6679,  16345013.8975,  -4334.6144,    639.4686,   2680.0071
 3273, -10496100.4174,  11595637.9369,  16347693.6232,  -4334.2531,    639.0694,   2679.4443
 3274, -10500434.4900,  11596276.8068,  16350372.7862,  -4333.8919,    638.6704,   2678.8818
 3275, -10504768.2013,  11596915.2778,  16353051.3868,  -4333.5307,    638.2716,   2678.3195
 3276, -10509101.5514,  11597553.3501,  16355729.4252,  -4333.1696,    637.8730,   2677.7574
 3277, -10513434.5405,  11598191.0240,  16358406.9016,  -4332.8085,    637.4746,   2677.1955
 3278, -10517767.1686,  11598828.2995,  16361083.8163,  -4332.4475,    637.0765,   2676.6338
 3279, -10522099.4356,  11599465.1769,  16363760.1694,  -4332.0866,    636.6785,   2676.0724
 3280, -10526431.3417,  11600101.6565,  16366435.9612,  -4331.7257,    636.2807,   2675.5112
 3281, -10530762.8870,  11600737.7384,  16369111.1919,  -4331.3648,    635.8831,   2674.9503
 3282, -10535094.0714,  11601373.4228,  16371785.8618,  -4331.0040,    635.4857,   2674.3895
 3283, -10539424.8951,  11602008.7099,  16374459.9710,  -4330.6433,    635.0886,   2673.8290
 3284, -10543755.3581,  11602643.6000,  16377133.5198,  -4330.2826,    634.6916,   2673.2687
 3285, -10548085.4604,  11603278.0932,  16379806.5085,  -4329.9220,    634.2948,   2672.7086
 3286, -10552415.2021,  11603912.1897,  16382478.9372,  -4329.5614,    633.8983,   2672.1488
 3287, -10556744.5833,  11604545.8898,  16385150.8061,  -4329.2009,    633.5019,   2671.5892
 3288, -10561073.6040,  11605179.1936,  16387822.1156,  -4328.8405,    633.1057,   2671.0298
 3289, -10565402.2643,  11605812.1013,  16390492.8658,  -4328.4801,    632.7098,   2670.4706
 3290, -10569730.5642,  11606444.6132,  16393163.0569,  -4328.1197,    632.3140,   2669.9117
 3291, -10574058.5038,  11607076.7295,  16395832.6892,  -4327.7595,    631.9185,   2669.3529
 3292, -10578386.0831,  11607708.4502,  16398501.7629,  -4327.3992,    631.5231,   2668.7945
 3293, -10582713.3022,  11608339.7758,  16401170.2781,  -4327.0390,    631.1280,   2668.2362
 3294, -10587040.1612,  11608970.7062,  16403838.2353,  -4326.6789,    630.7330,   2667.6781
 3295, -10591366.6601,  11609601.2418,  16406505.6345,  -4326.3189,    630.3383,   2667.1203
 3296, -10595692.7990,  11610231.3828,  16409172.4760,  -4325.9589,    629.9437,   2666.5627
 3297, -10600018.5778,  11610861.1293,  16411838.7600,  -4325.5989,    629.5494,   2666.0053
 3298, -10604343.9968,  11611490.4816,  16414504.4867,  -4325.2390,    629.1552,   2665.4482
 3299, -10608669.0559,  11612119.4398,  16417169.6564,  -4324.8792,    628.7613,   2664.8912
 3300, -10612993.7551,  11612748.0042,  16419834.2692,  -4324.5194,    628.3675,   2664.3345
 3301, -10617318.0946,  11613376.1749,  16422498.3255,  -4324.1596,    627.9740,   2663.7780
 3302, -10621642.0744,  11614003.9522,  16425161.8254,  -4323.8000,    627.5806,   2663.2218
 3303, -10625965.6946,  11614631.3362,  16427824.7691,  -4323.4403,    627.1875,   2662.6657
 3304, -10630288.9551,  11615258.3272,  16430487.1569,  -4323.0808,    626.7945,   2662.1099
 3305, -10634611.8562,  11615884.9254,  16433148.9890,  -4322.7213,    626.4018,   2661.5543
 3306, -10638934.3977,  11616511.1308,  16435810.2656,  -4322.3618,    626.0092,   2660.9989
 3307, -10643256.5798,  11617136.9439,  16438470.9870,  -4322.0024,    625.6169,   2660.4438
 3308, -10647578.4026,  11617762.3647,  16441131.1533,  -4321.6431,    625.2247,   2659.8889
 3309, -10651899.8660,  11618387.3934,  16443790.7648,  -4321.2838,    624.8328,   2659.3341
 3310, -10656220.9702,  11619012.0303,  16446449.8217,  -4320.9246,    624.4410,   2658.7797
 3311, -10660541.7152,  11619636.2755,  16449108.3242,  -4320.5654,    624.0495,   2658.2254
 3312, -10664862.1011,  11620260.1293,  16451766.2725,  -4320.2063,    623.6581,   2657.6713
 3313, -10669182.1278,  11620883.5918,  16454423.6669,  -4319.8472,    623.2669,   2657.1175
 3314, -10673501.7955,  11621506.6632,  16457080.5076,  -4319.4882,    622.8760,   2656.5639
 3315, -10677821.1043,  11622129.3438,  16459736.7949,  -4319.1293,    622.4852,   2656.0105
 3316, -10682140.0541,  11622751.6338,  16462392.5288,  -4318.7704,    622.0947,   2655.4574
 3317, -10686458.6451,  11623373.5332,  16465047.7097,  -4318.4115,    621.7043,   2654.9044
 3318, -10690776.8772,  11623995.0424,  16467702.3377,  -4318.0528,    621.3141,   2654.3517
 3319, -10695094.7506,  11624616.1615,  16470356.4132,  -4317.6940,    620.9242,   2653.7992
 3320, -10699412.2653,  11625236.8908,  16473009.9362,  -4317.3354,    620.5344,   2653.2469
 3321, -10703729.4213,  11625857.2304,  16475662.9071,  -4316.9767,    620.1448,   2652.6949
 3322, -10708046.2188,  11626477.1805,  16478315.3260,  -4316.6182,    619.7554,   2652.1430
 3323, -10712362.6577,  11627096.7413,  16480967.1932,  -4316.2597,    619.3662,   2651.5914
 3324, -10716678.7382,  11627715.9130,  16483618.5088,  -4315.9012,    618.9773,   2651.0400
 3325, -10720994.4602,  11628334.6958,  16486269.2732,  -4315.5429,    618.5885,   2650.4888
 3326, -10725309.8239,  11628953.0900,  16488919.4865,  -4315.1845,    618.1999,   2649.9378
 3327, -10729624.8293,  11629571.0956,  16491569.1490,  -4314.8262,    617.8115,   2649.3871
 3328, -10733939.4764,  11630188.7130,  16494218.2608,  -4314.4680,    617.4233,   2648.8366
 3329, -10738253.7653,  11630805.9422,  16496866.8222,  -4314.1098,    617.0353,   2648.2863
 3330, -10742567.6961,  11631422.7836,  16499514.8334,  -4313.7517,    616.6475,   2647.7362
 3331, -10746881.2688,  11632039.2372,  16502162.2946,  -4313.3937,    616.2598,   2647.1863
 3332, -10751194.4835,  11632655.3033,  16504809.2060,  -4313.0357,    615.8724,   2646.6366
 3333, -10755507.3402,  11633270.9821,  16507455.5679,  -4312.6777,    615.4852,   2646.0872
 3334, -10759819.8390,  11633886.2738,  16510101.3805,  -4312.3198,    615.0982,   2645.5380
 3335, -10764131.9799,  11634501.1785,  16512746.6440,  -4311.9620,    614.7113,   2644.9890
 3336, -10768443.7630,  11635115.6965,  16515391.3586,  -4311.6042,    614.3247,   2644.4402
 3337, -10772755.1884,  11635729.8280,  16518035.5245,  -4311.2465,    613.9383,   2643.8916
 3338, -10777066.2561,  11636343.5731,  16520679.1419,  -4310.8889,    613.5520,   2643.3433
 3339, -10781376.9661,  11636956.9321,  16523322.2111,  -4310.5312,    613.1659,   2642.7952
 3340, -10785687.3186,  11637569.9051,  16525964.7323,  -4310.1737,    612.7801,   2642.2473
 3341, -10789997.3135,  11638182.4923,  16528606.7057,  -4309.8162,    612.3944,   2641.6996
 3342, -10794306.9510,  11638794.6940,  16531248.1315,  -4309.4588,    612.0090,   2641.1521
 3343, -10798616.2310,  11639406.5103,  16533889.0099,  -4309.1014,    611.6237,   2640.6048
 3344, -10802925.1537,  11640017.9414,  16536529.3412,  -4308.7440,    611.2386,   2640.0578
 3345, -10807233.7191,  11640628.9875,  16539169.1256,  -4308.3868,    610.8537,   2639.5109
 3346, -10811541.9273,  11641239.6488,  16541808.3632,  -4308.0295,    610.4690,   2638.9643
 3347, -10815849.7783,  11641849.9256,  16544447.0543,  -4307.6724,    610.0845,   2638.4179
 3348, -10820157.2721,  11642459.8179,  16547085.1991,  -4307.3153,    609.7002,   2637.8718
 3349, -10824464.4088,  11643069.3260,  16549722.7979,  -4306.9582,    609.3161,   2637.3258
 3350, -10828771.1886,  11643678.4501,  16552359.8508,  -4306.6012,    608.9321,   2636.7800
 3351, -10833077.6113,  11644287.1904,  16554996.3581,  -4306.2443,    608.5484,   2636.2345
 3352, -10837383.6772,  11644895.5470,  16557632.3199,  -4305.8874,    608.1649,   2635.6892
 3353, -10841689.3862,  11645503.5202,  16560267.7365,  -4305.5306,    607.7815,   2635.1441
 3354, -10845994.7384,  11646111.1101,  16562902.6081,  -4305.1738,    607.3984,   2634.5992
 3355, -10850299.7339,  11646718.3170,  16565536.9350,  -4304.8171,    607.0154,   2634.0545
 3356, -10854604.3727,  11647325.1410,  16568170.7173,  -4304.4605,    606.6326,   2633.5101
 3357, -10858908.6548,  11647931.5824,  16570803.9552,  -4304.1039,    606.2501,   2632.9658
 3358, -10863212.5804,  11648537.6412,  16573436.6490,  -4303.7473,    605.8677,   2632.4218
 3359, -10867516.1495,  11649143.3178,  16576068.7989,  -4303.3908,    605.4855,   2631.8780
 3360, -10871819.3621,  11649748.6122,  16578700.4051,  -4303.0344,    605.1035,   2631.3344
 3361, -10876122.2183,  11650353.5248,  16581331.4678,  -4302.6780,    604.7217,   2630.7910
 3362, -10880424.7181,  11650958.0556,  16583961.9872,  -4302.3217,    604.3400,   2630.2478
 3363, -10884726.8617,  11651562.2049,  16586591.9635,  -4301.9654,    603.9586,   2629.7049
 3364, -10889028.6490,  11652165.9729,  16589221.3970,  -4301.6092,    603.5774,   2629.1621
 3365, -10893330.0801,  11652769.3598,  16591850.2879,  -4301.2531,    603.1963,   2628.6196
 3366, -10897631.1551,  11653372.3656,  16594478.6363,  -4300.8970,    602.8155,   2628.0773
 3367, -10901931.8740,  11653974.9908,  16597106.4426,  -4300.5409,    602.4348,   2627.5352
 3368, -10906232.2370,  11654577.2353,  16599733.7068,  -4300.1849,    602.0543,   2626.9933
 3369, -10910532.2439,  11655179.0995,  16602360.4293,  -4299.8290,    601.6740,   2626.4516
 3370, -10914831.8950,  11655780.5835,  16604986.6102,  -4299.4731,    601.2939,   2625.9102
 3371, -10919131.1902,  11656381.6874,  16607612.2497,  -4299.1173,    600.9140,   2625.3689
 3372, -10923430.1297,  11656982.4116,  16610237.3481,  -4298.7616,    600.5343,   2624.8279
 3373, -10927728.7134,  11657582.7561,  16612861.9055,  -4298.4059,    600.1548,   2624.2871
 3374, -10932026.9414,  11658182.7212,  16615485.9223,  -4298.0502,    599.7755,   2623.7465
 3375, -10936324.8138,  11658782.3071,  16618109.3985,  -4297.6946,    599.3963,   2623.2061
 3376, -10940622.3306,  11659381.5139,  16620732.3345,  -4297.3391,    599.0173,   2622.6659
 3377, -10944919.4920,  11659980.3419,  16623354.7303,  -4296.9836,    598.6386,   2622.1259
 3378, -10949216.2978,  11660578.7911,  16625976.5863,  -4296.6282,    598.2600,   2621.5861
 3379, -10953512.7483,  11661176.8619,  16628597.9027,  -4296.2728,    597.8816,   2621.0466
 3380, -10957808.8434,  11661774.5544,  16631218.6796,  -4295.9175,    597.5034,   2620.5072
 3381, -10962104.5833,  11662371.8688,  16633838.9172,  -4295.5622,    597.1254,   2619.9681
 3382, -10966399.9679,  11662968.8052,  16636458.6159,  -4295.2070,    596.7476,   2619.4292
 3383, -10970694.9974,  11663565.3639,  16639077.7757,  -4294.8519,    596.3699,   2618.8905
 3384, -10974989.6717,  11664161.5451,  16641696.3969,  -4294.4968,    595.9925,   2618.3520
 3385, -10979283.9910,  11664757.3489,  16644314.4798,  -4294.1418,    595.6152,   2617.8137
 3386, -10983577.9552,  11665352.7756,  16646932.0244,  -4293.7868,    595.2381,   2617.2756
 3387, -10987871.5646,  11665947.8253,  16649549.0311,  -4293.4319,    594.8612,   2616.7378
 3388, -10992164.8190,  11666542.4981,  16652165.5000,  -4293.0770,    594.4845,   2616.2001
 3389, -10996457.7186,  11667136.7944,  16654781.4314,  -4292.7222,    594.1080,   2615.6627
 3390, -11000750.2634,  11667730.7143,  16657396.8255,  -4292.3674,    593.7317,   2615.1255
 3391, -11005042.4535,  11668324.2579,  16660011.6824,  -4292.0127,    593.3556,   2614.5884
 3392, -11009334.2889,  11668917.4255,  16662626.0024,  -4291.6581,    592.9796,   2614.0516
 3393, -11013625.7697,  11669510.2172,  16665239.7857,  -4291.3035,    592.6039,   2613.5150
 3394, -11017916.8960,  11670102.6333,  16667853.0326,  -4290.9490,    592.2283,   2612.9786
 3395, -11022207.6677,  11670694.6738,  16670465.7431,  -4290.5945,    591.8529,   2612.4425
 3396, -11026498.0850,  11671286.3391,  16673077.9175,  -4290.2401,    591.4777,   2611.9065
 3397, -11030788.1479,  11671877.6292,  16675689.5561,  -4289.8857,    591.1027,   2611.3707
 3398, -11035077.8565,  11672468.5445,  16678300.6591,  -4289.5314,    590.7278,   2610.8352
 3399, -11039367.2109,  11673059.0850,  16680911.2265,  -4289.1772,    590.3532,   2610.2998
 3400, -11043656.2109,  11673649.2509,  16683521.2588,  -4288.8230,    589.9787,   2609.7647
 3401, -11047944.8569,  11674239.0425,  16686130.7560,  -4288.4689,    589.6045,   2609.2298
 3402, -11052233.1487,  11674828.4599,  16688739.7184,  -4288.1148,    589.2304,   2608.6951
 3403, -11056521.0865,  11675417.5033,  16691348.1462,  -4287.7608,    588.8565,   2608.1605
 3404, -11060808.6703,  11676006.1729,  16693956.0395,  -4287.4068,    588.4827,   2607.6262
 3405, -11065095.9001,  11676594.4689,  16696563.3987,  -4287.0529,    588.1092,   2607.0922
 3406, -11069382.7761,  11677182.3914,  16699170.2239,  -4286.6990,    587.7359,   2606.5583
 3407, -11073669.2982,  11677769.9407,  16701776.5153,  -4286.3452,    587.3627,   2606.0246
 3408, -11077955.4665,  11678357.1169,  16704382.2732,  -4285.9915,    586.9897,   2605.4911
 3409, -11082241.2812,  11678943.9202,  16706987.4976,  -4285.6378,    586.6169,   2604.9579
 3410, -11086526.7422,  11679530.3508,  16709592.1890,  -4285.2842,    586.2443,   2604.4248
 3411, -11090811.8496,  11680116.4089,  16712196.3473,  -4284.9306,    585.8719,   2603.8920
 3412, -11095096.6034,  11680702.0947,  16714799.9730,  -4284.5771,    585.4997,   2603.3593
 3413, -11099381.0038,  11681287.4083,  16717403.0661,  -4284.2236,    585.1276,   2602.8269
 3414, -11103665.0507,  11681872.3500,  16720005.6268,  -4283.8702,    584.7557,   2602.2947
 3415, -11107948.7442,  11682456.9198,  16722607.6555,  -4283.5169,    584.3841,   2601.7627
 3416, -11112232.0844,  11683041.1181,  16725209.1522,  -4283.1636,    584.0125,   2601.2309
 3417, -11116515.0714,  11683624.9450,  16727810.1173,  -4282.8103,    583.6412,   2600.6992
 3418, -11120797.7051,  11684208.4006,  16730410.5508,  -4282.4572,    583.2701,   2600.1679
 3419, -11125079.9857,  11684791.4852,  16733010.4530,  -4282.1040,    582.8991,   2599.6367
 3420, -11129361.9132,  11685374.1990,  16735609.8242,  -4281.7510,    582.5284,   2599.1057
 3421, -11133643.4877,  11685956.5420,  16738208.6645,  -4281.3979,    582.1578,   2598.5749
 3422, -11137924.7091,  11686538.5146,  16740806.9741,  -4281.0450,    581.7874,   2598.0443
 3423, -11142205.5777,  11687120.1169,  16743404.7532,  -4280.6921,    581.4172,   2597.5140
 3424, -11146486.0933,  11687701.3490,  16746002.0021,  -4280.3392,    581.0471,   2596.9838
 3425, -11150766.2562,  11688282.2111,  16748598.7209,  -4279.9865,    580.6773,   2596.4539
 3426, -11155046.0663,  11688862.7036,  16751194.9099,  -4279.6337,    580.3076,   2595.9241
 3427, -11159325.5237,  11689442.8264,  16753790.5692,  -4279.2811,    579.9381,   2595.3946
 3428, -11163604.6284,  11690022.5798,  16756385.6991,  -4278.9284,    579.5688,   2594.8652
 3429, -11167883.3805,  11690601.9640,  16758980.2997,  -4278.5759,    579.1997,   2594.3361
 3430, -11172161.7801,  11691180.9792,  16761574.3713,  -4278.2234,    578.8307,   2593.8072
 3431, -11176439.8273,  11691759.6255,  16764167.9141,  -4277.8709,    578.4620,   2593.2784
 3432, -11180717.5220,  11692337.9032,  16766760.9283,  -4277.5185,    578.0934,   2592.7499
 3433, -11184994.8643,  11692915.8123,  16769353.4140,  -4277.1662,    577.7250,   2592.2216
 3434, -11189271.8543,  11693493.3532,  16771945.3716,  -4276.8139,    577.3568,   2591.6935
 3435, -11193548.4921,  11694070.5259,  16774536.8011,  -4276.4617,    576.9887,   2591.1656
 3436, -11197824.7777,  11694647.3306,  16777127.7029,  -4276.1095,    576.6209,   2590.6379
 3437, -11202100.7111,  11695223.7676,  16779718.0770,  -4275.7574,    576.2532,   2590.1104
 3438, -11206376.2925,  11695799.8371,  16782307.9238,  -4275.4053,    575.8857,   2589.5831
 3439, -11210651.5218,  11696375.5391,  16784897.2433,  -4275.0533,    575.5184,   2589.0560
 3440, -11214926.3991,  11696950.8739,  16787486.0359,  -4274.7014,    575.1512,   2588.5292
 3441, -11219200.9246,  11697525.8416,  16790074.3017,  -4274.3495,    574.7843,   2588.0025
 3442, -11223475.0981,  11698100.4425,  16792662.0409,  -4273.9976,    574.4175,   2587.4760
 3443, -11227748.9199,  11698674.6767,  16795249.2537,  -4273.6459,    574.0509,   2586.9497
 3444, -11232022.3899,  11699248.5444,  16797835.9404,  -4273.2941,    573.6845,   2586.4237
 3445, -11236295.5082,  11699822.0457,  16800422.1011,  -4272.9425,    573.3183,   2585.8978
 3446, -11240568.2749,  11700395.1810,  16803007.7361,  -4272.5909,    572.9522,   2585.3721
 3447, -11244840.6900,  11700967.9502,  16805592.8454,  -4272.2393,    572.5863,   2584.8467
 3448, -11249112.7535,  11701540.3537,  16808177.4294,  -4271.8878,    572.2206,   2584.3214
 3449, -11253384.4656,  11702112.3916,  16810761.4883,  -4271.5364,    571.8551,   2583.7963
 3450, -11257655.8263,  11702684.0640,  16813345.0222,  -4271.1850,    571.4898,   2583.2715
 3451, -11261926.8356,  11703255.3712,  16815928.0313,  -4270.8337,    571.1246,   2582.7468
 3452, -11266197.4937,  11703826.3134,  16818510.5159,  -4270.4824,    570.7597,   2582.2224
 3453, -11270467.8005,  11704396.8906,  16821092.4762,  -4270.1312,    570.3949,   2581.6981
 3454, -11274737.7561,  11704967.1032,  16823673.9123,  -4269.7800,    570.0302,   2581.1741
 3455, -11279007.3605,  11705536.9512,  16826254.8245,  -4269.4289,    569.6658,   2580.6503
 3456, -11283276.6139,  11706106.4348,  16828835.2129,  -4269.0779,    569.3015,   2580.1266
 3457, -11287545.5163,  11706675.5543,  16831415.0778,  -4268.7269,    568.9375,   2579.6032
 3458, -11291814.0677,  11707244.3098,  16833994.4193,  -4268.3759,    568.5735,   2579.0799
 3459, -11296082.2682,  11707812.7015,  16836573.2377,  -4268.0251,    568.2098,   2578.5569
 3460, -11300350.1178,  11708380.7295,  16839151.5332,  -4267.6742,    567.8463,   2578.0341
 3461, -11304617.6167,  11708948.3941,  16841729.3059,  -4267.3235,    567.4829,   2577.5114
 3462, -11308884.7648,  11709515.6954,  16844306.5561,  -4266.9728,    567.1197,   2576.9890
 3463, -11313151.5622,  11710082.6335,  16846883.2839,  -4266.6221,    566.7567,   2576.4668
 3464, -11317418.0090,  11710649.2088,  16849459.4897,  -4266.2715,    566.3938,   2575.9447
 3465, -11321684.1053,  11711215.4213,  16852035.1735,  -4265.9210,    566.0312,   2575.4229
 3466, -11325949.8510,  11711781.2712,  16854610.3355,  -4265.5705,    565.6687,   2574.9013
 3467, -11330215.2463,  11712346.7587,  16857184.9761,  -4265.2201,    565.3064,   2574.3798
 3468, -11334480.2911,  11712911.8841,  16859759.0953,  -4264.8697,    564.9443,   2573.8586
 3469, -11338744.9856,  11713476.6473,  16862332.6934,  -4264.5194,    564.5823,   2573.3376
 3470, -11343009.3299,  11714041.0487,  16864905.7705,  -4264.1691,    564.2205,   2572.8167
 3471, -11347273.3239,  11714605.0884,  16867478.3269,  -4263.8189,    563.8589,   2572.2961
 3472, -11351536.9677,  11715168.7666,  16870050.3628,  -4263.4687,    563.4975,   2571.7757
 3473, -11355800.2614,  11715732.0835,  16872621.8783,  -4263.1187,    563.1362,   2571.2555
 3474, -11360063.2050,  11716295.0392,  16875192.8738,  -4262.7686,    562.7752,   2570.7354
 3475, -11364325.7986,  11716857.6339,  16877763.3492,  -4262.4186,    562.4143,   2570.2156
 3476, -11368588.0423,  11717419.8678,  16880333.3050,  -4262.0687,    562.0536,   2569.6960
 3477, -11372849.9360,  11717981.7411,  16882902.7412,  -4261.7188,    561.6930,   2569.1765
 3478, -11377111.4800,  11718543.2539,  16885471.6581,  -4261.3690,    561.3326,   2568.6573
 3479, -11381372.6741,  11719104.4064,  16888040.0558,  -4261.0193,    560.9725,   2568.1382
 3480, -11385633.5185,  11719665.1988,  16890607.9346,  -4260.6696,    560.6124,   2567.6194
 3481, -11389894.0133,  11720225.6313,  16893175.2947,  -4260.3199,    560.2526,   2567.1008
 3482, -11394154.1584,  11720785.7041,  16895742.1362,  -4259.9703,    559.8929,   2566.5823
 3483, -11398413.9540,  11721345.4172,  16898308.4594,  -4259.6208,    559.5334,   2566.0641
 3484, -11402673.4000,  11721904.7710,  16900874.2645,  -4259.2713,    559.1741,   2565.5460
 3485, -11406932.4966,  11722463.7655,  16903439.5516,  -4258.9219,    558.8150,   2565.0282
 3486, -11411191.2439,  11723022.4010,  16906004.3209,  -4258.5725,    558.4560,   2564.5105
 3487, -11415449.6418,  11723580.6776,  16908568.5727,  -4258.2232,    558.0972,   2563.9931
 3488, -11419707.6904,  11724138.5955,  16911132.3072,  -4257.8740,    557.7386,   2563.4758
 3489, -11423965.3898,  11724696.1548,  16913695.5244,  -4257.5248,    557.3801,   2562.9588
 3490, -11428222.7400,  11725253.3558,  16916258.2248,  -4257.1757,    557.0219,   2562.4419
 3491, -11432479.7411,  11725810.1986,  16918820.4084,  -4256.8266,    556.6638,   2561.9253
 3492, -11436736.3932,  11726366.6834,  16921382.0754,  -4256.4775,    556.3058,   2561.4088
 3493, -11440992.6962,  11726922.8104,  16923943.2260,  -4256.1286,    555.9481,   2560.8925
 3494, -11445248.6503,  11727478.5797,  16926503.8605,  -4255.7797,    555.5905,   2560.3765
 3495, -11449504.2556,  11728033.9915,  16929063.9790,  -4255.4308,    555.2331,   2559.8606
 3496, -11453759.5120,  11728589.0459,  16931623.5817,  -4255.0820,    554.8759,   2559.3449
 3497, -11458014.4196,  11729143.7433,  16934182.6689,  -4254.7333,    554.5188,   2558.8294
 3498, -11462268.9785,  11729698.0837,  16936741.2406,  -4254.3846,    554.1620,   2558.3141
 3499, -11466523.1887,  11730252.0673,  16939299.2972,  -4254.0359,    553.8052,   2557.7991
 3500, -11470777.0504,  11730805.6942,  16941856.8388,  -4253.6874,    553.4487,   2557.2842
 3501, -11475030.5635,  11731358.9647,  16944413.8656,  -4253.3388,    553.0923,   2556.7695
 3502, -11479283.7281,  11731911.8790,  16946970.3778,  -4252.9904,    552.7361,   2556.2550
 3503, -11483536.5442,  11732464.4371,  16949526.3757,  -4252.6420,    552.3801,   2555.7407
 3504, -11487789.0120,  11733016.6393,  16952081.8593,  -4252.2936,    552.0243,   2555.2266
 3505, -11492041.1315,  11733568.4857,  16954636.8289,  -4251.9453,    551.6686,   2554.7127
 3506, -11496292.9027,  11734119.9765,  16957191.2846,  -4251.5971,    551.3131,   2554.1989
 3507, -11500544.3256,  11734671.1120,  16959745.2268,  -4251.2489,    550.9578,   2553.6854
 3508, -11504795.4005,  11735221.8922,  16962298.6555,  -4250.9008,    550.6026,   2553.1721
 3509, -11509046.1272,  11735772.3173,  16964851.5710,  -4250.5527,    550.2476,   2552.6590
 3510, -11513296.5059,  11736322.3875,  16967403.9735,  -4250.2047,    549.8928,   2552.1460
 3511, -11517546.5365,  11736872.1030,  16969955.8632,  -4249.8567,    549.5382,   2551.6333
 3512, -11521796.2193,  11737421.4639,  16972507.2402,  -4249.5088,    549.1837,   2551.1207
 3513, -11526045.5542,  11737970.4704,  16975058.1047,  -4249.1610,    548.8294,   2550.6084
 3514, -11530294.5412,  11738519.1227,  16977608.4570,  -4248.8132,    548.4753,   2550.0962
 3515, -11534543.1805,  11739067.4210,  16980158.2972,  -4248.4654,    548.1213,   2549.5843
 3516, -11538791.4721,  11739615.3654,  16982707.6256,  -4248.1178,    547.7675,   2549.0725
 3517, -11543039.4161,  11740162.9561,  16985256.4423,  -4247.7701,    547.4139,   2548.5609
 3518, -11547287.0124,  11740710.1933,  16987804.7475,  -4247.4226,    547.0605,   2548.0496
 3519, -11551534.2612,  11741257.0771,  16990352.5415,  -4247.0751,    546.7072,   2547.5384
 3520, -11555781.1625,  11741803.6077,  16992899.8243,  -4246.7276,    546.3541,   2547.0274
 3521, -11560027.7164,  11742349.7853,  16995446.5963,  -4246.3802,    546.0011,   2546.5166
 3522, -11564273.9229,  11742895.6101,  16997992.8575,  -4246.0329,    545.6484,   2546.0060
 3523, -11568519.7822,  11743441.0822,  17000538.6083,  -4245.6856,    545.2958,   2545.4956
 3524, -11572765.2941,  11743986.2017,  17003083.8487,  -4245.3383,    544.9434,   2544.9853
 3525, -11577010.4588,  11744530.9690,  17005628.5790,  -4244.9912,    544.5911,   2544.4753
 3526, -11581255.2764,  11745075.3840,  17008172.7994,  -4244.6440,    544.2390,   2543.9655
 3527, -11585499.7470,  11745619.4471,  17010716.5101,  -4244.2970,    543.8871,   2543.4558
 3528, -11589743.8704,  11746163.1583,  17013259.7112,  -4243.9500,    543.5354,   2542.9464
 3529, -11593987.6469,  11746706.5179,  17015802.4029,  -4243.6030,    543.1838,   2542.4371
 3530, -11598231.0765,  11747249.5259,  17018344.5855,  -4243.2561,    542.8324,   2541.9281
 3531, -11602474.1592,  11747792.1827,  17020886.2592,  -4242.9093,    542.4811,   2541.4192
 3532, -11606716.8951,  11748334.4883,  17023427.4240,  -4242.5625,    542.1301,   2540.9105
 3533, -11610959.2843,  11748876.4429,  17025968.0803,  -4242.2158,    541.7792,   2540.4021
 3534, -11615201.3267,  11749418.0467,  17028508.2282,  -4241.8691,    541.4284,   2539.8938
 3535, -11619443.0225,  11749959.2998,  17031047.8679,  -4241.5225,    541.0779,   2539.3857
 3536, -11623684.3717,  11750500.2025,  17033586.9996,  -4241.1759,    540.7275,   2538.8778
 3537, -11627925.3744,  11751040.7549,  17036125.6235,  -4240.8294,    540.3773,   2538.3700
 3538, -11632166.0306,  11751580.9571,  17038663.7398,  -4240.4830,    540.0272,   2537.8625
 3539, -11636406.3404,  11752120.8093,  17041201.3486,  -4240.1366,    539.6773,   2537.3552
 3540, -11640646.3039,  11752660.3118,  17043738.4502,  -4239.7903,    539.3276,   2536.8480
 3541, -11644885.9210,  11753199.4646,  17046275.0448,  -4239.4440,    538.9780,   2536.3411
 3542, -11649125.1919,  11753738.2679,  17048811.1325,  -4239.0978,    538.6287,   2535.8343
 3543, -11653364.1166,  11754276.7219,  17051346.7135,  -4238.7516,    538.2794,   2535.3278
 3544, -11657602.6951,  11754814.8268,  17053881.7881,  -4238.4055,    537.9304,   2534.8214
 3545, -11661840.9276,  11755352.5827,  17056416.3563,  -4238.0594,    537.5815,   2534.3152
 3546, -11666078.8140,  11755889.9899,  17058950.4185,  -4237.7135,    537.2328,   2533.8092
 3547, -11670316.3545,  11756427.0483,  17061483.9748,  -4237.3675,    536.8842,   2533.3034
 3548, -11674553.5491,  11756963.7584,  17064017.0254,  -4237.0216,    536.5359,   2532.7978
 3549, -11678790.3978,  11757500.1201,  17066549.5705,  -4236.6758,    536.1876,   2532.2924
 3550, -11683026.9007,  11758036.1337,  17069081.6102,  -4236.3300,    535.8396,   2531.7871
 3551, -11687263.0579,  11758571.7993,  17071613.1448,  -4235.9843,    535.4917,   2531.2821
 3552, -11691498.8693,  11759107.1172,  17074144.1745,  -4235.6386,    535.1440,   2530.7772
 3553, -11695734.3352,  11759642.0874,  17076674.6994,  -4235.2930,    534.7964,   2530.2726
 3554, -11699969.4554,  11760176.7101,  17079204.7197,  -4234.9475,    534.4491,   2529.7681
 3555, -11704204.2302,  11760710.9856,  17081734.2356,  -4234.6020,    534.1018,   2529.2638
 3556, -11708438.6595,  11761244.9139,  17084263.2474,  -4234.2566,    533.7548,   2528.7597
 3557, -11712672.7433,  11761778.4952,  17086791.7552,  -4233.9112,    533.4079,   2528.2558
 3558, -11716906.4819,  11762311.7298,  17089319.7591,  -4233.5659,    533.0612,   2527.7521
 3559, -11721139.8751,  11762844.6177,  17091847.2594,  -4233.2206,    532.7146,   2527.2486
 3560, -11725372.9231,  11763377.1591,  17094374.2563,  -4232.8754,    532.3683,   2526.7452
 3561, -11729605.6258,  11763909.3542,  17096900.7500,  -4232.5302,    532.0220,   2526.2421
 3562, -11733837.9835,  11764441.2032,  17099426.7406,  -4232.1851,    531.6760,   2525.7391
 3563, -11738069.9961,  11764972.7063,  17101952.2283,  -4231.8401,    531.3301,   2525.2364
 3564, -11742301.6637,  11765503.8635,  17104477.2133,  -4231.4951,    530.9844,   2524.7338
 3565, -11746532.9863,  11766034.6750,  17107001.6959,  -4231.1502,    530.6388,   2524.2314
 3566, -11750763.9640,  11766565.1411,  17109525.6762,  -4230.8053,    530.2934,   2523.7292
 3567, -11754994.5969,  11767095.2619,  17112049.1543,  -4230.4605,    529.9482,   2523.2272
 3568, -11759224.8850,  11767625.0376,  17114572.1306,  -4230.1157,    529.6031,   2522.7253
 3569, -11763454.8283,  11768154.4682,  17117094.6050,  -4229.7710,    529.2582,   2522.2237
 3570, -11767684.4270,  11768683.5541,  17119616.5780,  -4229.4263,    528.9135,   2521.7222
 3571, -11771913.6810,  11769212.2952,  17122138.0496,  -4229.0817,    528.5689,   2521.2210
 3572, -11776142.5904,  11769740.6919,  17124659.0200,  -4228.7372,    528.2245,   2520.7199
 3573, -11780371.1554,  11770268.7443,  17127179.4894,  -4228.3927,    527.8803,   2520.2190
 3574, -11784599.3759,  11770796.4525,  17129699.4581,  -4228.0483,    527.5362,   2519.7183
 3575, -11788827.2520,  11771323.8167,  17132218.9261,  -4227.7039,    527.1923,   2519.2178
 3576, -11793054.7837,  11771850.8371,  17134737.8937,  -4227.3596,    526.8485,   2518.7175
 3577, -11797281.9712,  11772377.5138,  17137256.3611,  -4227.0153,    526.5049,   2518.2173
 3578, -11801508.8144,  11772903.8470,  17139774.3284,  -4226.6711,    526.1615,   2517.7174
 3579, -11805735.3135,  11773429.8369,  17142291.7959,  -4226.3270,    525.8182,   2517.2176
 3580, -11809961.4684,  11773955.4836,  17144808.7636,  -4225.9829,    525.4751,   2516.7180
 3581, -11814187.2793,  11774480.7872,  17147325.2319,  -4225.6389,    525.1322,   2516.2186
 3582, -11818412.7461,  11775005.7480,  17149841.2009,  -4225.2949,    524.7894,   2515.7194
 3583, -11822637.8690,  11775530.3662,  17152356.6708,  -4224.9509,    524.4468,   2515.2204
 3584, -11826862.6480,  11776054.6418,  17154871.6418,  -4224.6071,    524.1044,   2514.7216
 3585, -11831087.0832,  11776578.5750,  17157386.1140,  -4224.2633,    523.7621,   2514.2229
 3586, -11835311.1746,  11777102.1660,  17159900.0877,  -4223.9195,    523.4200,   2513.7244
 3587, -11839534.9222,  11777625.4150,  17162413.5630,  -4223.5758,    523.0780,   2513.2262
 3588, -11843758.3262,  11778148.3221,  17164926.5401,  -4223.2322,    522.7362,   2512.7281
 3589, -11847981.3866,  11778670.8875,  17167439.0192,  -4222.8886,    522.3946,   2512.2302
 3590, -11852204.1034,  11779193.1114,  17169951.0005,  -4222.5450,    522.0531,   2511.7325
 3591, -11856426.4767,  11779714.9938,  17172462.4841,  -4222.2016,    521.7118,   2511.2349
 3592, -11860648.5065,  11780236.5351,  17174973.4704,  -4221.8581,    521.3707,   2510.7376
 3593, -11864870.1930,  11780757.7352,  17177483.9593,  -4221.5148,    521.0297,   2510.2404
 3594, -11869091.5361,  11781278.5945,  17179993.9513,  -4221.1715,    520.6889,   2509.7434
 3595, -11873312.5359,  11781799.1130,  17182503.4463,  -4220.8282,    520.3482,   2509.2466
 3596, -11877533.1925,  11782319.2910,  17185012.4446,  -4220.4850,    520.0077,   2508.7500
 3597, -11881753.5060,  11782839.1285,  17187520.9464,  -4220.1419,    519.6674,   2508.2536
 3598, -11885973.4763,  11783358.6258,  17190028.9519,  -4219.7988,    519.3272,   2507.7574
 3599, -11890193.1036,  11783877.7829,  17192536.4612,  -4219.4558,    518.9872,   2507.2613
 3600, -11894412.3878,  11784396.6002,  17195043.4746,  -4219.1128,    518.6473,   2506.7654
 3601, -11898631.3291,  11784915.0776,  17197549.9922,  -4218.7699,    518.3076,   2506.2698
 3602, -11902849.9276,  11785433.2155,  17200056.0142,  -4218.4270,    517.9681,   2505.7743
 3603, -11907068.1832,  11785951.0139,  17202561.5407,  -4218.0842,    517.6287,   2505.2789
 3604, -11911286.0960,  11786468.4730,  17205066.5721,  -4217.7414,    517.2895,   2504.7838
 3605, -11915503.6661,  11786985.5930,  17207571.1084,  -4217.3987,    516.9505,   2504.2889
 3606, -11919720.8935,  11787502.3740,  17210075.1499,  -4217.0561,    516.6116,   2503.7941
 3607, -11923937.7783,  11788018.8161,  17212578.6967,  -4216.7135,    516.2728,   2503.2995
 3608, -11928154.3206,  11788534.9197,  17215081.7490,  -4216.3710,    515.9343,   2502.8051
 3609, -11932370.5203,  11789050.6847,  17217584.3070,  -4216.0285,    515.5959,   2502.3109
 3610, -11936586.3776,  11789566.1115,  17220086.3709,  -4215.6861,    515.2576,   2501.8169
 3611, -11940801.8926,  11790081.2000,  17222587.9408,  -4215.3438,    514.9195,   2501.3230
 3612, -11945017.0652,  11790595.9505,  17225089.0170,  -4215.0014,    514.5816,   2500.8294
 3613, -11949231.8955,  11791110.3632,  17227589.5996,  -4214.6592,    514.2438,   2500.3359
 3614, -11953446.3836,  11791624.4382,  17230089.6888,  -4214.3170,    513.9062,   2499.8426
 3615, -11957660.5295,  11792138.1757,  17232589.2848,  -4213.9749,    513.5688,   2499.3495
 3616, -11961874.3333,  11792651.5758,  17235088.3878,  -4213.6328,    513.2315,   2498.8565
 3617, -11966087.7951,  11793164.6387,  17237586.9980,  -4213.2908,    512.8943,   2498.3638
 3618, -11970300.9149,  11793677.3645,  17240085.1155,  -4212.9488,    512.5573,   2497.8712
 3619, -11974513.6927,  11794189.7534,  17242582.7405,  -4212.6069,    512.2205,   2497.3788
 3620, -11978726.1287,  11794701.8056,  17245079.8732,  -4212.2650,    511.8839,   2496.8866
 3621, -11982938.2228,  11795213.5212,  17247576.5138,  -4211.9232,    511.5474,   2496.3946
 3622, -11987149.9752,  11795724.9004,  17250072.6625,  -4211.5815,    511.2110,   2495.9028
 3623, -11991361.3858,  11796235.9434,  17252568.3194,  -4211.2398,    510.8749,   2495.4111
 3624, -11995572.4548,  11796746.6502,  17255063.4848,  -4210.8982,    510.5388,   2494.9196
 3625, -11999783.1821,  11797257.0211,  17257558.1588,  -4210.5566,    510.2030,   2494.4284
 3626, -12003993.5679,  11797767.0562,  17260052.3416,  -4210.2151,    509.8673,   2493.9372
 3627, -12008203.6123,  11798276.7557,  17262546.0333,  -4209.8736,    509.5317,   2493.4463
 3628, -12012413.3152,  11798786.1197,  17265039.2343,  -4209.5322,    509.1963,   2492.9556
 3629, -12016622.6767,  11799295.1484,  17267531.9445,  -4209.1908,    508.8611,   2492.4650
 3630, -12020831.6968,  11799803.8419,  17270024.1643,  -4208.8495,    508.5260,   2491.9746
 3631, -12025040.3757,  11800312.2004,  17272515.8938,  -4208.5083,    508.1911,   2491.4844
 3632, -12029248.7134,  11800820.2241,  17275007.1332,  -4208.1671,    507.8563,   2490.9944
 3633, -12033456.7099,  11801327.9132,  17277497.8826,  -4207.8260,    507.5217,   2490.5045
 3634, -12037664.3654,  11801835.2677,  17279988.1423,  -4207.4849,    507.1873,   2490.0149
 3635, -12041871.6797,  11802342.2878,  17282477.9124,  -4207.1439,    506.8530,   2489.5254
 3636, -12046078.6531,  11802848.9737,  17284967.1932,  -4206.8029,    506.5189,   2489.0361
 3637, -12050285.2856,  11803355.3256,  17287455.9847,  -4206.4620,    506.1849,   2488.5470
 3638, -12054491.5771,  11803861.3436,  17289944.2871,  -4206.1211,    505.8511,   2488.0580
 3639, -12058697.5279,  11804367.0278,  17292432.1008,  -4205.7803,    505.5174,   2487.5693
 3640, -12062903.1379,  11804872.3785,  17294919.4257,  -4205.4396,    505.1839,   2487.0807
 3641, -12067108.4071,  11805377.3957,  17297406.2622,  -4205.0989,    504.8506,   2486.5923
 3642, -12071313.3357,  11805882.0797,  17299892.6104,  -4204.7583,    504.5174,   2486.1041
 3643, -12075517.9237,  11806386.4305,  17302378.4704,  -4204.4177,    504.1843,   2485.6160
 3644, -12079722.1712,  11806890.4484,  17304863.8425,  -4204.0772,    503.8515,   2485.1282
 3645, -12083926.0781,  11807394.1335,  17307348.7268,  -4203.7367,    503.5187,   2484.6405
 3646, -12088129.6446,  11807897.4859,  17309833.1235,  -4203.3963,    503.1862,   2484.1530
 3647, -12092332.8708,  11808400.5059,  17312317.0328,  -4203.0560,    502.8538,   2483.6657
 3648, -12096535.7566,  11808903.1935,  17314800.4549,  -4202.7157,    502.5215,   2483.1785
 3649, -12100738.3022,  11809405.5490,  17317283.3899,  -4202.3754,    502.1894,   2482.6915
 3650, -12104940.5075,  11809907.5724,  17319765.8380,  -4202.0353,    501.8575,   2482.2048
 3651, -12109142.3727,  11810409.2640,  17322247.7995,  -4201.6951,    501.5257,   2481.7182
 3652, -12113343.8978,  11810910.6238,  17324729.2744,  -4201.3551,    501.1940,   2481.2317
 3653, -12117545.0828,  11811411.6521,  17327210.2630,  -4201.0150,    500.8626,   2480.7455
 3654, -12121745.9279,  11811912.3490,  17329690.7654,  -4200.6751,    500.5312,   2480.2594
 3655, -12125946.4330,  11812412.7147,  17332170.7819,  -4200.3352,    500.2001,   2479.7735
 3656, -12130146.5982,  11812912.7492,  17334650.3125,  -4199.9953,    499.8691,   2479.2878
 3657, -12134346.4237,  11813412.4528,  17337129.3575,  -4199.6555,    499.5382,   2478.8023
 3658, -12138545.9093,  11813911.8257,  17339607.9171,  -4199.3158,    499.2075,   2478.3169
 3659, -12142745.0552,  11814410.8679,  17342085.9914,  -4198.9761,    498.8770,   2477.8317
 3660, -12146943.8615,  11814909.5797,  17344563.5806,  -4198.6365,    498.5466,   2477.3467
 3661, -12151142.3282,  11815407.9611,  17347040.6849,  -4198.2969,    498.2163,   2476.8619
 3662, -12155340.4554,  11815906.0124,  17349517.3045,  -4197.9574,    497.8862,   2476.3773
 3663, -12159538.2430,  11816403.7336,  17351993.4395,  -4197.6179,    497.5563,   2475.8928
 3664, -12163735.6912,  11816901.1250,  17354469.0901,  -4197.2785,    497.2265,   2475.4085
 3665, -12167932.8001,  11817398.1867,  17356944.2565,  -4196.9392,    496.8969,   2474.9244
 3666, -12172129.5696,  11817894.9189,  17359418.9389,  -4196.5999,    496.5674,   2474.4404
 3667, -12176325.9998,  11818391.3217,  17361893.1375,  -4196.2606,    496.2381,   2473.9567
 3668, -12180522.0909,  11818887.3952,  17364366.8524,  -4195.9215,    495.9090,   2473.4731
 3669, -12184717.8428,  11819383.1396,  17366840.0837,  -4195.5823,    495.5800,   2472.9897
 3670, -12188913.2556,  11819878.5551,  17369312.8318,  -4195.2433,    495.2511,   2472.5065
 3671, -12193108.3293,  11820373.6419,  17371785.0967,  -4194.9042,    494.9224,   2472.0234
 3672, -12197303.0641,  11820868.4000,  17374256.8787,  -4194.5653,    494.5938,   2471.5405
 3673, -12201497.4599,  11821362.8296,  17376728.1779,  -4194.2264,    494.2654,   2471.0578
 3674, -12205691.5168,  11821856.9309,  17379198.9944,  -4193.8875,    493.9372,   2470.5753
 3675, -12209885.2350,  11822350.7041,  17381669.3286,  -4193.5487,    493.6091,   2470.0930
 3676, -12214078.6143,  11822844.1492,  17384139.1804,  -4193.2100,    493.2812,   2469.6108
 3677, -12218271.6550,  11823337.2665,  17386608.5502,  -4192.8713,    492.9534,   2469.1288
 3678, -12222464.3570,  11823830.0561,  17389077.4381,  -4192.5327,    492.6258,   2468.6470
 3679, -12226656.7204,  11824322.5181,  17391545.8443,  -4192.1941,    492.2983,   2468.1654
 3680, -12230848.7452,  11824814.6527,  17394013.7689,  -4191.8556,    491.9710,   2467.6839
 3681, -12235040.4316,  11825306.4600,  17396481.2121,  -4191.5171,    491.6438,   2467.2026
 3682, -12239231.7795,  11825797.9403,  17398948.1741,  -4191.1787,    491.3168,   2466.7215
 3683, -12243422.7891,  11826289.0936,  17401414.6551,  -4190.8404,    490.9899,   2466.2405
 3684, -12247613.4603,  11826779.9201,  17403880.6553,  -4190.5021,    490.6632,   2465.7598
 3685, -12251803.7933,  11827270.4200,  17406346.1748,  -4190.1639,    490.3366,   2465.2792
 3686, -12255993.7881,  11827760.5934,  17408811.2137,  -4189.8257,    490.0102,   2464.7988
 3687, -12260183.4447,  11828250.4404,  17411275.7724,  -4189.4875,    489.6839,   2464.3185
 3688, -12264372.7632,  11828739.9613,  17413739.8509,  -4189.1495,    489.3578,   2463.8385
 3689, -12268561.7437,  11829229.1561,  17416203.4494,  -4188.8115,    489.0319,   2463.3586
 3690, -12272750.3861,  11829718.0250,  17418666.5681,  -4188.4735,    488.7060,   2462.8789
 3691, -12276938.6907,  11830206.5682,  17421129.2072,  -4188.1356,    488.3804,   2462.3993
 3692, -12281126.6573,  11830694.7859,  17423591.3668,  -4187.7977,    488.0549,   2461.9200
 3693, -12285314.2862,  11831182.6780,  17426053.0472,  -4187.4600,    487.7295,   2461.4408
 3694, -12289501.5773,  11831670.2450,  17428514.2484,  -4187.1222,    487.4043,   2460.9618
 3695, -12293688.5306,  11832157.4867,  17430974.9708,  -4186.7845,    487.0793,   2460.4829
 3696, -12297875.1464,  11832644.4035,  17433435.2143,  -4186.4469,    486.7544,   2460.0043
 3697, -12302061.4245,  11833130.9955,  17435894.9793,  -4186.1093,    486.4296,   2459.5258
 3698, -12306247.3650,  11833617.2628,  17438354.2659,  -4185.7718,    486.1050,   2459.0474
 3699, -12310432.9681,  11834103.2056,  17440813.0743,  -4185.4344,    485.7806,   2458.5693
 3700, -12314618.2338,  11834588.8240,  17443271.4046,  -4185.0969,    485.4563,   2458.0913
 3701, -12318803.1620,  11835074.1181,  17445729.2570,  -4184.7596,    485.1321,   2457.6135
 3702, -12322987.7530,  11835559.0882,  17448186.6317,  -4184.4223,    484.8081,   2457.1359
 3703, -12327172.0067,  11836043.7344,  17450643.5288,  -4184.0851,    484.4842,   2456.6584
 3704, -12331355.9231,  11836528.0567,  17453099.9486,  -4183.7479,    484.1605,   2456.1812
 3705, -12335539.5024,  11837012.0555,  17455555.8912,  -4183.4108,    483.8370,   2455.7041
 3706, -12339722.7446,  11837495.7308,  17458011.3568,  -4183.0737,    483.5136,   2455.2271
 3707, -12343905.6498,  11837979.0827,  17460466.3456,  -4182.7367,    483.1903,   2454.7504
 3708, -12348088.2180,  11838462.1115,  17462920.8576,  -4182.3997,    482.8672,   2454.2738
 3709, -12352270.4492,  11838944.8172,  17465374.8932,  -4182.0628,    482.5443,   2453.7974
 3710, -12356452.3436,  11839427.2001,  17467828.4524,  -4181.7259,    482.2215,   2453.3211
 3711, -12360633.9011,  11839909.2602,  17470281.5355,  -4181.3891,    481.8988,   2452.8451
 3712, -12364815.1219,  11840390.9978,  17472734.1426,  -4181.0524,    481.5763,   2452.3692
 3713, -12368996.0060,  11840872.4129,  17475186.2739,  -4180.7157,    481.2540,   2451.8934
 3714, -12373176.5534,  11841353.5058,  17477637.9296,  -4180.3791,    480.9317,   2451.4179
 3715, -12377356.7642,  11841834.2765,  17480089.1098,  -4180.0425,    480.6097,   2450.9425
 3716, -12381536.6384,  11842314.7252,  17482539.8147,  -4179.7060,    480.2878,   2450.4673
 3717, -12385716.1762,  11842794.8521,  17484990.0444,  -4179.3695,    479.9660,   2449.9923
 3718, -12389895.3775,  11843274.6572,  17487439.7993,  -4179.0331,    479.6444,   2449.5174
 3719, -12394074.2424,  11843754.1409,  17489889.0793,  -4178.6968,    479.3229,   2449.0427
 3720, -12398252.7710,  11844233.3032,  17492337.8848,  -4178.3605,    479.0016,   2448.5682
 3721, -12402430.9634,  11844712.1442,  17494786.2158,  -4178.0242,    478.6804,   2448.0939
 3722, -12406608.8195,  11845190.6641,  17497234.0725,  -4177.6880,    478.3594,   2447.6197
 3723, -12410786.3395,  11845668.8631,  17499681.4552,  -4177.3519,    478.0385,   2447.1457
 3724, -12414963.5234,  11846146.7412,  17502128.3639,  -4177.0158,    477.7178,   2446.6718
 3725, -12419140.3712,  11846624.2988,  17504574.7989,  -4176.6798,    477.3972,   2446.1982
 3726, -12423316.8830,  11847101.5358,  17507020.7603,  -4176.3438,    477.0768,   2445.7247
 3727, -12427493.0589,  11847578.4524,  17509466.2483,  -4176.0079,    476.7565,   2445.2514
 3728, -12431668.8989,  11848055.0489,  17511911.2631,  -4175.6721,    476.4364,   2444.7782
 3729, -12435844.4031,  11848531.3253,  17514355.8048,  -4175.3363,    476.1164,   2444.3052
 3730, -12440019.5715,  11849007.2817,  17516799.8736,  -4175.0005,    475.7966,   2443.8324
 3731, -12444194.4042,  11849482.9184,  17519243.4697,  -4174.6648,    475.4769,   2443.3598
 3732, -12448368.9012,  11849958.2355,  17521686.5933,  -4174.3292,    475.1573,   2442.8873
 3733, -12452543.0626,  11850433.2331,  17524129.2444,  -4173.9936,    474.8379,   2442.4150
 3734, -12456716.8885,  11850907.9114,  17526571.4234,  -4173.6581,    474.5187,   2441.9429
 3735, -12460890.3789,  11851382.2705,  17529013.1303,  -4173.3226,    474.1996,   2441.4709
 3736, -12465063.5338,  11851856.3106,  17531454.3653,  -4172.9872,    473.8806,   2440.9991
 3737, -12469236.3533,  11852330.0318,  17533895.1286,  -4172.6519,    473.5618,   2440.5275
 3738, -12473408.8375,  11852803.4342,  17536335.4204,  -4172.3166,    473.2431,   2440.0561
 3739, -12477580.9865,  11853276.5181,  17538775.2408,  -4171.9813,    472.9246,   2439.5848
 3740, -12481752.8002,  11853749.2835,  17541214.5901,  -4171.6461,    472.6062,   2439.1137
 3741, -12485924.2788,  11854221.7306,  17543653.4683,  -4171.3110,    472.2880,   2438.6428
 3742, -12490095.4222,  11854693.8595,  17546091.8756,  -4170.9759,    471.9699,   2438.1720
 3743, -12494266.2306,  11855165.6705,  17548529.8123,  -4170.6409,    471.6520,   2437.7014
 3744, -12498436.7040,  11855637.1635,  17550967.2785,  -4170.3059,    471.3342,   2437.2310
 3745, -12502606.8424,  11856108.3389,  17553404.2743,  -4169.9710,    471.0165,   2436.7607
 3746, -12506776.6460,  11856579.1967,  17555840.7999,  -4169.6361,    470.6990,   2436.2906
 3747, -12510946.1147,  11857049.7371,  17558276.8556,  -4169.3013,    470.3817,   2435.8207
 3748, -12515115.2487,  11857519.9601,  17560712.4413,  -4168.9666,    470.0645,   2435.3509
 3749, -12519284.0479,  11857989.8661,  17563147.5575,  -4168.6319,    469.7474,   2434.8813
 3750, -12523452.5124,  11858459.4550,  17565582.2041,  -4168.2972,    469.4305,   2434.4119
 3751, -12527620.6424,  11858928.7271,  17568016.3814,  -4167.9627,    469.1137,   2433.9427
 3752, -12531788.4378,  11859397.6825,  17570450.0895,  -4167.6281,    468.7971,   2433.4736
 3753, -12535955.8987,  11859866.3214,  17572883.3286,  -4167.2937,    468.4806,   2433.0047
 3754, -12540123.0251,  11860334.6438,  17575316.0989,  -4166.9592,    468.1643,   2432.5359
 3755, -12544289.8171,  11860802.6500,  17577748.4006,  -4166.6249,    467.8481,   2432.0674
 3756, -12548456.2748,  11861270.3401,  17580180.2337,  -4166.2906,    467.5320,   2431.5990
 3757, -12552622.3983,  11861737.7141,  17582611.5985,  -4165.9563,    467.2161,   2431.1307
 3758, -12556788.1875,  11862204.7724,  17585042.4952,  -4165.6221,    466.9004,   2430.6626
 3759, -12560953.6425,  11862671.5150,  17587472.9239,  -4165.2880,    466.5848,   2430.1947
 3760, -12565118.7634,  11863137.9420,  17589902.8847,  -4164.9539,    466.2693,   2429.7270
 3761, -12569283.5503,  11863604.0536,  17592332.3779,  -4164.6198,    465.9540,   2429.2594
 3762, -12573448.0031,  11864069.8500,  17594761.4037,  -4164.2859,    465.6388,   2428.7920
 3763, -12577612.1220,  11864535.3312,  17597189.9621,  -4163.9519,    465.3237,   2428.3248
 3764, -12581775.9070,  11865000.4975,  17599618.0533,  -4163.6181,    465.0089,   2427.8577
 3765, -12585939.3581,  11865465.3490,  17602045.6776,  -4163.2842,    464.6941,   2427.3908
 3766, -12590102.4755,  11865929.8858,  17604472.8350,  -4162.9505,    464.3795,   2426.9241
 3767, -12594265.2591,  11866394.1080,  17606899.5258,  -4162.6168,    464.0650,   2426.4575
 3768, -12598427.7091,  11866858.0159,  17609325.7502,  -4162.2831,    463.7507,   2425.9911
 3769, -12602589.8254,  11867321.6095,  17611751.5082,  -4161.9495,    463.4365,   2425.5249
 3770, -12606751.6082,  11867784.8890,  17614176.8000,  -4161.6160,    463.1225,   2425.0588
 3771, -12610913.0575,  11868247.8546,  17616601.6259,  -4161.2825,    462.8086,   2424.5929
 3772, -12615074.1733,  11868710.5063,  17619025.9860,  -4160.9491,    462.4949,   2424.1272
 3773, -12619234.9557,  11869172.8443,  17621449.8804,  -4160.6157,    462.1813,   2423.6616
 3774, -12623395.4047,  11869634.8689,  17623873.3093,  -4160.2824,    461.8678,   2423.1962
 3775, -12627555.5205,  11870096.5800,  17626296.2729,  -4159.9491,    461.5545,   2422.7310
 3776, -12631715.3030,  11870557.9779,  17628718.7714,  -4159.6159,    461.2413,   2422.2659
 3777, -12635874.7524,  11871019.0627,  17631140.8049,  -4159.2828,    460.9283,   2421.8010
 3778, -12640033.8686,  11871479.8345,  17633562.3735,  -4158.9497,    460.6154,   2421.3363
 3779, -12644192.6517,  11871940.2935,  17635983.4775,  -4158.6166,    460.3026,   2420.8717
 3780, -12648351.1019,  11872400.4398,  17638404.1170,  -4158.2836,    459.9900,   2420.4073
 3781, -12652509.2191,  11872860.2736,  17640824.2922,  -4157.9507,    459.6776,   2419.9431
 3782, -12656667.0033,  11873319.7950,  17643244.0033,  -4157.6178,    459.3652,   2419.4790
 3783, -12660824.4547,  11873779.0041,  17645663.2503,  -4157.2850,    459.0531,   2419.0151
 3784, -12664981.5734,  11874237.9012,  17648082.0335,  -4156.9522,    458.7410,   2418.5514
 3785, -12669138.3592,  11874696.4862,  17650500.3531,  -4156.6195,    458.4291,   2418.0878
 3786, -12673294.8124,  11875154.7595,  17652918.2092,  -4156.2869,    458.1174,   2417.6244
 3787, -12677450.9330,  11875612.7210,  17655335.6019,  -4155.9543,    457.8058,   2417.1611
 3788, -12681606.7210,  11876070.3711,  17657752.5315,  -4155.6217,    457.4943,   2416.6980
 3789, -12685762.1765,  11876527.7097,  17660168.9980,  -4155.2892,    457.1830,   2416.2351
 3790, -12689917.2995,  11876984.7370,  17662585.0018,  -4154.9568,    456.8718,   2415.7724
 3791, -12694072.0900,  11877441.4533,  17665000.5428,  -4154.6244,    456.5607,   2415.3098
 3792, -12698226.5483,  11877897.8586,  17667415.6214,  -4154.2921,    456.2498,   2414.8474
 3793, -12702380.6742,  11878353.9530,  17669830.2376,  -4153.9598,    455.9391,   2414.3851
 3794, -12706534.4679,  11878809.7367,  17672244.3917,  -4153.6276,    455.6284,   2413.9230
 3795, -12710687.9294,  11879265.2099,  17674658.0837,  -4153.2954,    455.3180,   2413.4611
 3796, -12714841.0587,  11879720.3727,  17677071.3139,  -4152.9633,    455.0076,   2412.9993
 3797, -12718993.8560,  11880175.2252,  17679484.0824,  -4152.6312,    454.6974,   2412.5377
 3798, -12723146.3212,  11880629.7676,  17681896.3893,  -4152.2992,    454.3874,   2412.0763
 3799, -12727298.4545,  11881084.0000,  17684308.2350,  -4151.9673,    454.0774,   2411.6150
 3800, -12731450.2558,  11881537.9225,  17686719.6194,  -4151.6354,    453.7677,   2411.1539
 3801, -12735601.7253,  11881991.5353,  17689130.5428,  -4151.3036,    453.4580,   2410.6929
 3802, -12739752.8630,  11882444.8386,  17691541.0053,  -4150.9718,    453.1485,   2410.2322
 3803, -12743903.6689,  11882897.8324,  17693951.0071,  -4150.6401,    452.8392,   2409.7715
 3804, -12748054.1431,  11883350.5169,  17696360.5484,  -4150.3084,    452.5299,   2409.3111
 3805, -12752204.2857,  11883802.8923,  17698769.6293,  -4149.9768,    452.2209,   2408.8508
 3806, -12756354.0967,  11884254.9587,  17701178.2500,  -4149.6452,    451.9119,   2408.3906
 3807, -12760503.5762,  11884706.7162,  17703586.4107,  -4149.3137,    451.6031,   2407.9307
 3808, -12764652.7242,  11885158.1650,  17705994.1115,  -4148.9823,    451.2945,   2407.4709
 3809, -12768801.5407,  11885609.3052,  17708401.3525,  -4148.6509,    450.9859,   2407.0112
 3810, -12772950.0259,  11886060.1370,  17710808.1340,  -4148.3195,    450.6776,   2406.5518
 3811, -12777098.1798,  11886510.6604,  17713214.4561,  -4147.9882,    450.3693,   2406.0924
 3812, -12781246.0024,  11886960.8757,  17715620.3189,  -4147.6570,    450.0612,   2405.6333
 3813, -12785393.4938,  11887410.7829,  17718025.7227,  -4147.3258,    449.7533,   2405.1743
 3814, -12789540.6540,  11887860.3822,  17720430.6676,  -4146.9947,    449.4454,   2404.7155
 3815, -12793687.4832,  11888309.6738,  17722835.1537,  -4146.6636,    449.1378,   2404.2568
 3816, -12797833.9813,  11888758.6578,  17725239.1812,  -4146.3326,    448.8302,   2403.7983
 3817, -12801980.1484,  11889207.3343,  17727642.7503,  -4146.0016,    448.5228,   2403.3400
 3818, -12806125.9846,  11889655.7034,  17730045.8612,  -4145.6707,    448.2155,   2402.8818
 3819, -12810271.4899,  11890103.7654,  17732448.5139,  -4145.3399,    447.9084,   2402.4238
 3820, -12814416.6644,  11890551.5203,  17734850.7088,  -4145.0091,    447.6014,   2401.9659
 3821, -12818561.5081,  11890998.9683,  17737252.4458,  -4144.6784,    447.2946,   2401.5082
 3822, -12822706.0211,  11891446.1095,  17739653.7252,  -4144.3477,    446.9879,   2401.0507
 3823, -12826850.2035,  11891892.9440,  17742054.5472,  -4144.0170,    446.6813,   2400.5933
 3824, -12830994.0552,  11892339.4721,  17744454.9119,  -4143.6865,    446.3748,   2400.1361
 3825, -12835137.5764,  11892785.6938,  17746854.8194,  -4143.3559,    446.0685,   2399.6790
 3826, -12839280.7671,  11893231.6092,  17749254.2700,  -4143.0255,    445.7624,   2399.2222
 3827, -12843423.6274,  11893677.2186,  17751653.2638,  -4142.6951,    445.4564,   2398.7654
 3828, -12847566.1573,  11894122.5220,  17754051.8009,  -4142.3647,    445.1505,   2398.3089
 3829, -12851708.3568,  11894567.5196,  17756449.8816,  -4142.0344,    444.8447,   2397.8525
 3830, -12855850.2261,  11895012.2115,  17758847.5059,  -4141.7042,    444.5391,   2397.3962
 3831, -12859991.7652,  11895456.5978,  17761244.6741,  -4141.3740,    444.2336,   2396.9401
 3832, -12864132.9740,  11895900.6788,  17763641.3863,  -4141.0438,    443.9283,   2396.4842
 3833, -12868273.8528,  11896344.4545,  17766037.6426,  -4140.7137,    443.6231,   2396.0285
 3834, -12872414.4015,  11896787.9251,  17768433.4432,  -4140.3837,    443.3180,   2395.5729
 3835, -12876554.6202,  11897231.0906,  17770828.7883,  -4140.0537,    443.0131,   2395.1174
 3836, -12880694.5090,  11897673.9514,  17773223.6781,  -4139.7238,    442.7083,   2394.6621
 3837, -12884834.0679,  11898116.5074,  17775618.1127,  -4139.3939,    442.4037,   2394.2070
 3838, -12888973.2969,  11898558.7588,  17778012.0922,  -4139.0641,    442.0992,   2393.7521
 3839, -12893112.1961,  11899000.7058,  17780405.6168,  -4138.7344,    441.7948,   2393.2973
 3840, -12897250.7656,  11899442.3485,  17782798.6868,  -4138.4047,    441.4906,   2392.8426
 3841, -12901389.0055,  11899883.6870,  17785191.3021,  -4138.0750,    441.1865,   2392.3881
 3842, -12905526.9157,  11900324.7214,  17787583.4631,  -4137.7454,    440.8825,   2391.9338
 3843, -12909664.4963,  11900765.4520,  17789975.1698,  -4137.4159,    440.5787,   2391.4797
 3844, -12913801.7475,  11901205.8788,  17792366.4225,  -4137.0864,    440.2750,   2391.0257
 3845, -12917938.6692,  11901646.0020,  17794757.2212,  -4136.7570,    439.9714,   2390.5718
 3846, -12922075.2614,  11902085.8217,  17797147.5662,  -4136.4276,    439.6680,   2390.1181
 3847, -12926211.5244,  11902525.3380,  17799537.4576,  -4136.0983,    439.3647,   2389.6646
 3848, -12930347.4580,  11902964.5512,  17801926.8955,  -4135.7690,    439.0616,   2389.2113
 3849, -12934483.0624,  11903403.4612,  17804315.8801,  -4135.4398,    438.7586,   2388.7581
 3850, -12938618.3376,  11903842.0683,  17806704.4117,  -4135.1106,    438.4557,   2388.3050
 3851, -12942753.2837,  11904280.3726,  17809092.4902,  -4134.7815,    438.1529,   2387.8521
 3852, -12946887.9007,  11904718.3743,  17811480.1160,  -4134.4525,    437.8503,   2387.3994
 3853, -12951022.1886,  11905156.0734,  17813867.2891,  -4134.1235,    437.5479,   2386.9468
 3854, -12955156.1477,  11905593.4700,  17816254.0097,  -4133.7945,    437.2455,   2386.4944
 3855, -12959289.7777,  11906030.5645,  17818640.2780,  -4133.4657,    436.9433,   2386.0422
 3856, -12963423.0790,  11906467.3568,  17821026.0941,  -4133.1368,    436.6413,   2385.5901
 3857, -12967556.0514,  11906903.8471,  17823411.4582,  -4132.8081,    436.3393,   2385.1382
 3858, -12971688.6951,  11907340.0355,  17825796.3705,  -4132.4793,    436.0376,   2384.6864
 3859, -12975821.0101,  11907775.9222,  17828180.8310,  -4132.1507,    435.7359,   2384.2348
 3860, -12979952.9964,  11908211.5073,  17830564.8400,  -4131.8220,    435.4344,   2383.7833
 3861, -12984084.6542,  11908646.7910,  17832948.3977,  -4131.4935,    435.1330,   2383.3320
 3862, -12988215.9834,  11909081.7733,  17835331.5041,  -4131.1650,    434.8317,   2382.8809
 3863, -12992346.9842,  11909516.4545,  17837714.1594,  -4130.8365,    434.5306,   2382.4299
 3864, -12996477.6565,  11909950.8346,  17840096.3639,  -4130.5081,    434.2296,   2381.9790
 3865, -13000608.0005,  11910384.9138,  17842478.1176,  -4130.1798,    433.9288,   2381.5284
 3866, -13004738.0161,  11910818.6922,  17844859.4207,  -4129.8515,    433.6281,   2381.0779
 3867, -13008867.7035,  11911252.1699,  17847240.2734,  -4129.5233,    433.3275,   2380.6275
 3868, -13012997.0627,  11911685.3472,  17849620.6758,  -4129.1951,    433.0270,   2380.1773
 3869, -13017126.0937,  11912118.2241,  17852000.6280,  -4128.8670,    432.7267,   2379.7273
 3870, -13021254.7966,  11912550.8007,  17854380.1304,  -4128.5389,    432.4265,   2379.2774
 3871, -13025383.1715,  11912983.0772,  17856759.1829,  -4128.2109,    432.1265,   2378.8277
 3872, -13029511.2184,  11913415.0537,  17859137.7858,  -4127.8829,    431.8266,   2378.3781
 3873, -13033638.9374,  11913846.7304,  17861515.9391,  -4127.5550,    431.5268,   2377.9287
 3874, -13037766.3285,  11914278.1074,  17863893.6432,  -4127.2272,    431.2272,   2377.4794
 3875, -13041893.3917,  11914709.1848,  17866270.8981,  -4126.8994,    430.9277,   2377.0303
 3876, -13046020.1272,  11915139.9627,  17868647.7039,  -4126.5716,    430.6283,   2376.5814
 3877, -13050146.5350,  11915570.4414,  17871024.0609,  -4126.2439,    430.3290,   2376.1326
 3878, -13054272.6151,  11916000.6209,  17873399.9692,  -4125.9163,    430.0299,   2375.6840
 3879, -13058398.3676,  11916430.5013,  17875775.4289,  -4125.5887,    429.7310,   2375.2355
 3880, -13062523.7925,  11916860.0828,  17878150.4403,  -4125.2612,    429.4321,   2374.7872
 3881, -13066648.8900,  11917289.3656,  17880525.0034,  -4124.9337,    429.1334,   2374.3390
 3882, -13070773.6600,  11917718.3497,  17882899.1184,  -4124.6063,    428.8348,   2373.8910
 3883, -13074898.1026,  11918147.0352,  17885272.7855,  -4124.2789,    428.5364,   2373.4432
 3884, -13079022.2178,  11918575.4225,  17887646.0049,  -4123.9516,    428.2381,   2372.9955
 3885, -13083146.0058,  11919003.5114,  17890018.7766,  -4123.6244,    427.9399,   2372.5480
 3886, -13087269.4666,  11919431.3023,  17892391.1009,  -4123.2972,    427.6418,   2372.1006
 3887, -13091392.6002,  11919858.7951,  17894762.9778,  -4122.9700,    427.3439,   2371.6534
 3888, -13095515.4066,  11920285.9902,  17897134.4077,  -4122.6429,    427.0461,   2371.2063
 3889, -13099637.8860,  11920712.8875,  17899505.3905,  -4122.3159,    426.7485,   2370.7594
 3890, -13103760.0384,  11921139.4872,  17901875.9265,  -4121.9889,    426.4510,   2370.3126
 3891, -13107881.8638,  11921565.7895,  17904246.0158,  -4121.6620,    426.1536,   2369.8660
 3892, -13112003.3623,  11921991.7945,  17906615.6586,  -4121.3351,    425.8563,   2369.4196
 3893, -13116124.5340,  11922417.5022,  17908984.8551,  -4121.0083,    425.5592,   2368.9733
 3894, -13120245.3789,  11922842.9130,  17911353.6053,  -4120.6815,    425.2622,   2368.5272
 3895, -13124365.8970,  11923268.0268,  17913721.9094,  -4120.3548,    424.9654,   2368.0812
 3896, -13128486.0884,  11923692.8438,  17916089.7677,  -4120.0281,    424.6687,   2367.6354
 3897, -13132605.9532,  11924117.3641,  17918457.1802,  -4119.7015,    424.3721,   2367.1897
 3898, -13136725.4915,  11924541.5879,  17920824.1471,  -4119.3750,    424.0756,   2366.7442
 3899, -13140844.7032,  11924965.5154,  17923190.6686,  -4119.0485,    423.7793,   2366.2988
 3900, -13144963.5884,  11925389.1465,  17925556.7448,  -4118.7220,    423.4831,   2365.8536
 3901, -13149082.1472,  11925812.4816,  17927922.3759,  -4118.3956,    423.1870,   2365.4086
 3902, -13153200.3797,  11926235.5206,  17930287.5619,  -4118.0693,    422.8911,   2364.9637
 3903, -13157318.2858,  11926658.2638,  17932652.3032,  -4117.7430,    422.5953,   2364.5189
 3904, -13161435.8657,  11927080.7112,  17935016.5998,  -4117.4168,    422.2996,   2364.0743
 3905, -13165553.1194,  11927502.8630,  17937380.4519,  -4117.0906,    422.0041,   2363.6299
 3906, -13169670.0469,  11927924.7193,  17939743.8596,  -4116.7645,    421.7086,   2363.1856
 3907, -13173786.6484,  11928346.2803,  17942106.8232,  -4116.4384,    421.4134,   2362.7415
 3908, -13177902.9238,  11928767.5461,  17944469.3426,  -4116.1124,    421.1182,   2362.2975
 3909, -13182018.8732,  11929188.5168,  17946831.4182,  -4115.7864,    420.8232,   2361.8537
 3910, -13186134.4967,  11929609.1925,  17949193.0501,  -4115.4605,    420.5283,   2361.4100
 3911, -13190249.7943,  11930029.5734,  17951554.2383,  -4115.1347,    420.2335,   2360.9665
 3912, -13194364.7661,  11930449.6597,  17953914.9831,  -4114.8089,    419.9389,   2360.5231
 3913, -13198479.4121,  11930869.4513,  17956275.2847,  -4114.4832,    419.6444,   2360.0799
 3914, -13202593.7324,  11931288.9485,  17958635.1431,  -4114.1575,    419.3501,   2359.6369
 3915, -13206707.7271,  11931708.1515,  17960994.5585,  -4113.8318,    419.0558,   2359.1940
 3916, -13210821.3961,  11932127.0602,  17963353.5311,  -4113.5063,    418.7617,   2358.7512
 3917, -13214934.7396,  11932545.6749,  17965712.0610,  -4113.1807,    418.4677,   2358.3087
 3918, -13219047.7576,  11932963.9957,  17968070.1484,  -4112.8553,    418.1739,   2357.8662
 3919, -13223160.4501,  11933382.0227,  17970427.7935,  -4112.5298,    417.8802,   2357.4239
 3920, -13227272.8173,  11933799.7561,  17972784.9963,  -4112.2045,    417.5866,   2356.9818
 3921, -13231384.8591,  11934217.1959,  17975141.7571,  -4111.8792,    417.2931,   2356.5398
 3922, -13235496.5756,  11934634.3424,  17977498.0760,  -4111.5539,    416.9998,   2356.0980
 3923, -13239607.9669,  11935051.1955,  17979853.9532,  -4111.2287,    416.7066,   2355.6563
 3924, -13243719.0331,  11935467.7556,  17982209.3887,  -4110.9036,    416.4135,   2355.2148
 3925, -13247829.7741,  11935884.0226,  17984564.3828,  -4110.5785,    416.1206,   2354.7734
 3926, -13251940.1900,  11936299.9968,  17986918.9356,  -4110.2534,    415.8278,   2354.3322
 3927, -13256050.2809,  11936715.6782,  17989273.0472,  -4109.9284,    415.5351,   2353.8911
 3928, -13260160.0469,  11937131.0670,  17991626.7179,  -4109.6035,    415.2425,   2353.4502
 3929, -13264269.4879,  11937546.1633,  17993979.9477,  -4109.2786,    414.9501,   2353.0094
 3930, -13268378.6042,  11937960.9673,  17996332.7368,  -4108.9538,    414.6578,   2352.5688
 3931, -13272487.3956,  11938375.4790,  17998685.0854,  -4108.6290,    414.3656,   2352.1284
 3932, -13276595.8622,  11938789.6986,  18001036.9936,  -4108.3043,    414.0736,   2351.6881
 3933, -13280704.0042,  11939203.6262,  18003388.4616,  -4107.9796,    413.7817,   2351.2479
 3934, -13284811.8215,  11939617.2620,  18005739.4895,  -4107.6550,    413.4899,   2350.8079
 3935, -13288919.3143,  11940030.6061,  18008090.0775,  -4107.3305,    413.1983,   2350.3681
 3936, -13293026.4825,  11940443.6586,  18010440.2257,  -4107.0060,    412.9067,   2349.9284
 3937, -13297133.3262,  11940856.4196,  18012789.9342,  -4106.6815,    412.6153,   2349.4888
 3938, -13301239.8456,  11941268.8893,  18015139.2033,  -4106.3571,    412.3241,   2349.0494
 3939, -13305346.0405,  11941681.0678,  18017488.0331,  -4106.0328,    412.0329,   2348.6102
 3940, -13309451.9112,  11942092.9553,  18019836.4237,  -4105.7085,    411.7419,   2348.1711
 3941, -13313557.4575,  11942504.5517,  18022184.3753,  -4105.3843,    411.4510,   2347.7321
 3942, -13317662.6797,  11942915.8574,  18024531.8880,  -4105.0601,    411.1603,   2347.2933
 3943, -13321767.5777,  11943326.8724,  18026878.9620,  -4104.7360,    410.8697,   2346.8547
 3944, -13325872.1516,  11943737.5968,  18029225.5974,  -4104.4119,    410.5792,   2346.4162
 3945, -13329976.4015,  11944148.0307,  18031571.7944,  -4104.0879,    410.2888,   2345.9778
 3946, -13334080.3274,  11944558.1744,  18033917.5532,  -4103.7639,    409.9985,   2345.5397
 3947, -13338183.9293,  11944968.0279,  18036262.8738,  -4103.4400,    409.7084,   2345.1016
 3948, -13342287.2074,  11945377.5913,  18038607.7564,  -4103.1161,    409.4184,   2344.6637
 3949, -13346390.1616,  11945786.8648,  18040952.2013,  -4102.7923,    409.1286,   2344.2260
 3950, -13350492.7921,  11946195.8485,  18043296.2085,  -4102.4686,    408.8388,   2343.7884
 3951, -13354595.0988,  11946604.5425,  18045639.7781,  -4102.1449,    408.5492,   2343.3510
 3952, -13358697.0819,  11947012.9470,  18047982.9104,  -4101.8212,    408.2597,   2342.9137
 3953, -13362798.7413,  11947421.0620,  18050325.6055,  -4101.4977,    407.9704,   2342.4765
 3954, -13366900.0772,  11947828.8878,  18052667.8635,  -4101.1741,    407.6812,   2342.0395
 3955, -13371001.0896,  11948236.4244,  18055009.6846,  -4100.8506,    407.3921,   2341.6027
 3956, -13375101.7785,  11948643.6719,  18057351.0690,  -4100.5272,    407.1031,   2341.1660
 3957, -13379202.1440,  11949050.6306,  18059692.0167,  -4100.2038,    406.8142,   2340.7295
 3958, -13383302.1861,  11949457.3005,  18062032.5279,  -4099.8805,    406.5255,   2340.2931
 3959, -13387401.9050,  11949863.6817,  18064372.6029,  -4099.5572,    406.2369,   2339.8568
 3960, -13391501.3006,  11950269.7744,  18066712.2416,  -4099.2340,    405.9485,   2339.4207
 3961, -13395600.3731,  11950675.5786,  18069051.4444,  -4098.9109,    405.6601,   2338.9848
 3962, -13399699.1224,  11951081.0946,  18071390.2113,  -4098.5878,    405.3719,   2338.5490
 3963, -13403797.5486,  11951486.3225,  18073728.5424,  -4098.2647,    405.0838,   2338.1134
 3964, -13407895.6518,  11951891.2623,  18076066.4380,  -4097.9417,    404.7958,   2337.6779
 3965, -13411993.4320,  11952295.9142,  18078403.8982,  -4097.6188,    404.5080,   2337.2425
 3966, -13416090.8893,  11952700.2784,  18080740.9231,  -4097.2959,    404.2203,   2336.8073
 3967, -13420188.0238,  11953104.3548,  18083077.5129,  -4096.9730,    403.9327,   2336.3723
 3968, -13424284.8354,  11953508.1438,  18085413.6677,  -4096.6502,    403.6453,   2335.9374
 3969, -13428381.3243,  11953911.6454,  18087749.3877,  -4096.3275,    403.3579,   2335.5026
 3970, -13432477.4904,  11954314.8597,  18090084.6730,  -4096.0048,    403.0707,   2335.0680
 3971, -13436573.3340,  11954717.7868,  18092419.5237,  -4095.6822,    402.7836,   2334.6336
 3972, -13440668.8549,  11955120.4270,  18094753.9401,  -4095.3596,    402.4967,   2334.1992
 3973, -13444764.0532,  11955522.7802,  18097087.9223,  -4095.0371,    402.2098,   2333.7651
 3974, -13448858.9291,  11955924.8467,  18099421.4703,  -4094.7146,    401.9231,   2333.3311
 3975, -13452953.4825,  11956326.6265,  18101754.5845,  -4094.3922,    401.6365,   2332.8972
 3976, -13457047.7136,  11956728.1198,  18104087.2648,  -4094.0699,    401.3501,   2332.4635
 3977, -13461141.6223,  11957129.3267,  18106419.5115,  -4093.7476,    401.0638,   2332.0299
 3978, -13465235.2088,  11957530.2474,  18108751.3247,  -4093.4253,    400.7775,   2331.5965
 3979, -13469328.4730,  11957930.8818,  18111082.7046,  -4093.1031,    400.4915,   2331.1632
 3980, -13473421.4150,  11958331.2303,  18113413.6513,  -4092.7810,    400.2055,   2330.7301
 3981, -13477514.0350,  11958731.2929,  18115744.1649,  -4092.4589,    399.9197,   2330.2971
 3982, -13481606.3328,  11959131.0697,  18118074.2456,  -4092.1369,    399.6340,   2329.8643
 3983, -13485698.3087,  11959530.5609,  18120403.8936,  -4091.8149,    399.3484,   2329.4316
 3984, -13489789.9626,  11959929.7665,  18122733.1090,  -4091.4929,    399.0629,   2328.9991
 3985, -13493881.2946,  11960328.6867,  18125061.8919,  -4091.1711,    398.7776,   2328.5667
 3986, -13497972.3047,  11960727.3217,  18127390.2424,  -4090.8492,    398.4924,   2328.1345
 3987, -13502062.9930,  11961125.6715,  18129718.1609,  -4090.5275,    398.2073,   2327.7024
 3988, -13506153.3596,  11961523.7363,  18132045.6473,  -4090.2057,    397.9223,   2327.2704
 3989, -13510243.4046,  11961921.5162,  18134372.7018,  -4089.8841,    397.6375,   2326.8387
 3990, -13514333.1278,  11962319.0113,  18136699.3246,  -4089.5625,    397.3528,   2326.4070
 3991, -13518422.5295,  11962716.2218,  18139025.5159,  -4089.2409,    397.0682,   2325.9755
 3992, -13522511.6097,  11963113.1477,  18141351.2757,  -4088.9194,    396.7837,   2325.5441
 3993, -13526600.3684,  11963509.7893,  18143676.6042,  -4088.5980,    396.4994,   2325.1129
 3994, -13530688.8056,  11963906.1465,  18146001.5016,  -4088.2766,    396.2151,   2324.6819
 3995, -13534776.9215,  11964302.2196,  18148325.9680,  -4087.9552,    395.9311,   2324.2509
 3996, -13538864.7161,  11964698.0087,  18150650.0035,  -4087.6339,    395.6471,   2323.8202
 3997, -13542952.1894,  11965093.5138,  18152973.6084,  -4087.3127,    395.3632,   2323.3896
 3998, -13547039.3415,  11965488.7352,  18155296.7827,  -4086.9915,    395.0795,   2322.9591
 3999, -13551126.1724,  11965883.6729,  18157619.5266,  -4086.6704,    394.7959,   2322.5287
 4000, -13555212.6822,  11966278.3270,  18159941.8402,  -4086.3493,    394.5124,   2322.0986
 4001, -13559298.8710,  11966672.6978,  18162263.7237,  -4086.0283,    394.2291,   2321.6685
 4002, -13563384.7388,  11967066.7852,  18164585.1773,  -4085.7073,    393.9458,   2321.2386
 4003, -13567470.2856,  11967460.5895,  18166906.2010,  -4085.3864,    393.6627,   2320.8089
 4004, -13571555.5115,  11967854.1107,  18169226.7951,  -4085.0655,    393.3797,   2320.3793
 4005, -13575640.4166,  11968247.3490,  18171546.9596,  -4084.7447,    393.0969,   2319.9498
 4006, -13579725.0010,  11968640.3045,  18173866.6948,  -4084.4239,    392.8141,   2319.5205
 4007, -13583809.2645,  11969032.9773,  18176186.0007,  -4084.1032,    392.5315,   2319.0913
 4008, -13587893.2075,  11969425.3675,  18178504.8775,  -4083.7826,    392.2490,   2318.6623
 4009, -13591976.8297,  11969817.4753,  18180823.3254,  -4083.4620,    391.9666,   2318.2334
 4010, -13596060.1314,  11970209.3008,  18183141.3444,  -4083.1414,    391.6844,   2317.8047
 4011, -13600143.1126,  11970600.8441,  18185458.9348,  -4082.8209,    391.4023,   2317.3761
 4012, -13604225.7733,  11970992.1054,  18187776.0967,  -4082.5005,    391.1202,   2316.9477
 4013, -13608308.1137,  11971383.0847,  18190092.8302,  -4082.1801,    390.8384,   2316.5194
 4014, -13612390.1336,  11971773.7821,  18192409.1355,  -4081.8598,    390.5566,   2316.0912
 4015, -13616471.8332,  11972164.1979,  18194725.0128,  -4081.5395,    390.2750,   2315.6632
 4016, -13620553.2126,  11972554.3321,  18197040.4621,  -4081.2193,    389.9934,   2315.2354
 4017, -13624634.2718,  11972944.1848,  18199355.4836,  -4080.8991,    389.7120,   2314.8077
 4018, -13628715.0109,  11973333.7562,  18201670.0774,  -4080.5790,    389.4308,   2314.3801
 4019, -13632795.4298,  11973723.0464,  18203984.2438,  -4080.2589,    389.1496,   2313.9527
 4020, -13636875.5287,  11974112.0555,  18206297.9828,  -4079.9389,    388.8686,   2313.5254
 4021, -13640955.3076,  11974500.7836,  18208611.2946,  -4079.6189,    388.5877,   2313.0982
 4022, -13645034.7666,  11974889.2308,  18210924.1793,  -4079.2990,    388.3069,   2312.6712
 4023, -13649113.9057,  11975277.3974,  18213236.6371,  -4078.9792,    388.0262,   2312.2444
 4024, -13653192.7249,  11975665.2833,  18215548.6682,  -4078.6594,    387.7457,   2311.8177
 4025, -13657271.2244,  11976052.8887,  18217860.2726,  -4078.3396,    387.4652,   2311.3911
 4026, -13661349.4042,  11976440.2138,  18220171.4505,  -4078.0199,    387.1849,   2310.9647
 4027, -13665427.2643,  11976827.2586,  18222482.2020,  -4077.7003,    386.9047,   2310.5384
 4028, -13669504.8048,  11977214.0233,  18224792.5274,  -4077.3807,    386.6247,   2310.1123
 4029, -13673582.0257,  11977600.5080,  18227102.4267,  -4077.0611,    386.3447,   2309.6863
 4030, -13677658.9271,  11977986.7128,  18229411.9001,  -4076.7417,    386.0649,   2309.2605
 4031, -13681735.5090,  11978372.6379,  18231720.9477,  -4076.4222,    385.7852,   2308.8348
 4032, -13685811.7715,  11978758.2833,  18234029.5697,  -4076.1028,    385.5056,   2308.4092
 4033, -13689887.7147,  11979143.6492,  18236337.7662,  -4075.7835,    385.2262,   2307.9838
 4034, -13693963.3386,  11979528.7357,  18238645.5374,  -4075.4642,    384.9468,   2307.5585
 4035, -13698038.6432,  11979913.5429,  18240952.8833,  -4075.1450,    384.6676,   2307.1334
 4036, -13702113.6287,  11980298.0710,  18243259.8043,  -4074.8259,    384.3885,   2306.7084
 4037, -13706188.2950,  11980682.3200,  18245566.3003,  -4074.5067,    384.1095,   2306.2836
 4038, -13710262.6422,  11981066.2901,  18247872.3715,  -4074.1877,    383.8307,   2305.8589
 4039, -13714336.6703,  11981449.9814,  18250178.0181,  -4073.8687,    383.5519,   2305.4343
 4040, -13718410.3795,  11981833.3940,  18252483.2402,  -4073.5497,    383.2733,   2305.0099
 4041, -13722483.7698,  11982216.5281,  18254788.0380,  -4073.2308,    382.9948,   2304.5857
 4042, -13726556.8412,  11982599.3837,  18257092.4116,  -4072.9120,    382.7165,   2304.1615
 4043, -13730629.5937,  11982981.9611,  18259396.3612,  -4072.5932,    382.4382,   2303.7376
 4044, -13734702.0275,  11983364.2602,  18261699.8868,  -4072.2744,    382.1601,   2303.3137
 4045, -13738774.1426,  11983746.2812,  18264002.9887,  -4071.9557,    381.8820,   2302.8900
 4046, -13742845.9390,  11984128.0243,  18266305.6669,  -4071.6371,    381.6041,   2302.4665
 4047, -13746917.4168,  11984509.4896,  18268607.9216,  -4071.3185,    381.3264,   2302.0431
 4048, -13750988.5760,  11984890.6771,  18270909.7531,  -4071.0000,    381.0487,   2301.6198
 4049, -13755059.4168,  11985271.5870,  18273211.1613,  -4070.6815,    380.7712,   2301.1967
 4050, -13759129.9390,  11985652.2195,  18275512.1464,  -4070.3631,    380.4937,   2300.7737
 4051, -13763200.1429,  11986032.5745,  18277812.7086,  -4070.0447,    380.2164,   2300.3508
 4052, -13767270.0284,  11986412.6524,  18280112.8481,  -4069.7264,    379.9393,   2299.9281
 4053, -13771339.5956,  11986792.4531,  18282412.5649,  -4069.4081,    379.6622,   2299.5056
 4054, -13775408.8446,  11987171.9768,  18284711.8593,  -4069.0899,    379.3853,   2299.0831
 4055, -13779477.7754,  11987551.2236,  18287010.7313,  -4068.7717,    379.1084,   2298.6609
 4056, -13783546.3881,  11987930.1937,  18289309.1810,  -4068.4536,    378.8317,   2298.2387
 4057, -13787614.6826,  11988308.8871,  18291607.2088,  -4068.1355,    378.5551,   2297.8167
 4058, -13791682.6592,  11988687.3040,  18293904.8146,  -4067.8175,    378.2787,   2297.3949
 4059, -13795750.3177,  11989065.4445,  18296201.9986,  -4067.4996,    378.0023,   2296.9732
 4060, -13799817.6584,  11989443.3087,  18298498.7609,  -4067.1817,    377.7261,   2296.5516
 4061, -13803884.6811,  11989820.8967,  18300795.1018,  -4066.8638,    377.4500,   2296.1302
 4062, -13807951.3860,  11990198.2086,  18303091.0213,  -4066.5460,    377.1740,   2295.7089
 4063, -13812017.7732,  11990575.2447,  18305386.5196,  -4066.2283,    376.8981,   2295.2877
 4064, -13816083.8426,  11990952.0049,  18307681.5968,  -4065.9106,    376.6223,   2294.8667
 4065, -13820149.5944,  11991328.4894,  18309976.2531,  -4065.5930,    376.3467,   2294.4459
 4066, -13824215.0286,  11991704.6983,  18312270.4886,  -4065.2754,    376.0712,   2294.0251
 4067, -13828280.1452,  11992080.6317,  18314564.3034,  -4064.9579,    375.7958,   2293.6045
 4068, -13832344.9443,  11992456.2899,  18316857.6977,  -4064.6404,    375.5205,   2293.1841
 4069, -13836409.4260,  11992831.6727,  18319150.6717,  -4064.3229,    375.2453,   2292.7638
 4070, -13840473.5902,  11993206.7805,  18321443.2254,  -4064.0056,    374.9703,   2292.3436
 4071, -13844537.4371,  11993581.6133,  18323735.3590,  -4063.6882,    374.6953,   2291.9236
 4072, -13848600.9667,  11993956.1712,  18326027.0727,  -4063.3710,    374.4205,   2291.5037
 4073, -13852664.1791,  11994330.4544,  18328318.3665,  -4063.0538,    374.1458,   2291.0840
 4074, -13856727.0743,  11994704.4629,  18330609.2407,  -4062.7366,    373.8712,   2290.6644
 4075, -13860789.6523,  11995078.1969,  18332899.6953,  -4062.4195,    373.5968,   2290.2449
 4076, -13864851.9133,  11995451.6564,  18335189.7306,  -4062.1024,    373.3224,   2289.8256
 4077, -13868913.8572,  11995824.8417,  18337479.3466,  -4061.7854,    373.0482,   2289.4064
 4078, -13872975.4841,  11996197.7529,  18339768.5435,  -4061.4685,    372.7741,   2288.9874
 4079, -13877036.7941,  11996570.3899,  18342057.3214,  -4061.1516,    372.5001,   2288.5685
 4080, -13881097.7873,  11996942.7531,  18344345.6805,  -4060.8347,    372.2262,   2288.1497
 4081, -13885158.4636,  11997314.8424,  18346633.6209,  -4060.5179,    371.9524,   2287.7311
 4082, -13889218.8231,  11997686.6580,  18348921.1428,  -4060.2012,    371.6788,   2287.3126
 4083, -13893278.8659,  11998058.2001,  18351208.2462,  -4059.8845,    371.4053,   2286.8943
 4084, -13897338.5921,  11998429.4686,  18353494.9314,  -4059.5678,    371.1319,   2286.4761
 4085, -13901398.0016,  11998800.4638,  18355781.1984,  -4059.2513,    370.8586,   2286.0580
 4086, -13905457.0946,  11999171.1858,  18358067.0474,  -4058.9347,    370.5854,   2285.6401
 4087, -13909515.8711,  11999541.6347,  18360352.4786,  -4058.6182,    370.3123,   2285.2223
 4088, -13913574.3311,  11999911.8105,  18362637.4921,  -4058.3018,    370.0394,   2284.8046
 4089, -13917632.4747,  12000281.7135,  18364922.0879,  -4057.9854,    369.7666,   2284.3871
 4090, -13921690.3020,  12000651.3437,  18367206.2664,  -4057.6691,    369.4939,   2283.9698
 4091, -13925747.8130,  12001020.7013,  18369490.0275,  -4057.3528,    369.2213,   2283.5525
 4092, -13929805.0077,  12001389.7863,  18371773.3715,  -4057.0366,    368.9488,   2283.1354
 4093, -13933861.8862,  12001758.5989,  18374056.2985,  -4056.7204,    368.6764,   2282.7185
 4094, -13937918.4486,  12002127.1392,  18376338.8085,  -4056.4043,    368.4042,   2282.3017
 4095, -13941974.6949,  12002495.4073,  18378620.9019,  -4056.0883,    368.1320,   2281.8850
 4096, -13946030.6252,  12002863.4033,  18380902.5786,  -4055.7723,    367.8600,   2281.4685
 4097, -13950086.2394,  12003231.1274,  18383183.8388,  -4055.4563,    367.5881,   2281.0521
 4098, -13954141.5378,  12003598.5796,  18385464.6828,  -4055.1404,    367.3163,   2280.6358
 4099, -13958196.5203,  12003965.7601,  18387745.1105,  -4054.8245,    367.0447,   2280.2197
 4100, -13962251.1869,  12004332.6690,  18390025.1222,  -4054.5087,    366.7731,   2279.8037
 4101, -13966305.5378,  12004699.3064,  18392304.7179,  -4054.1930,    366.5017,   2279.3879
 4102, -13970359.5729,  12005065.6724,  18394583.8979,  -4053.8773,    366.2304,   2278.9721
 4103, -13974413.2924,  12005431.7672,  18396862.6623,  -4053.5617,    365.9592,   2278.5566
 4104, -13978466.6962,  12005797.5908,  18399141.0111,  -4053.2461,    365.6881,   2278.1411
 4105, -13982519.7845,  12006163.1434,  18401418.9446,  -4052.9305,    365.4171,   2277.7258
 4106, -13986572.5573,  12006528.4250,  18403696.4629,  -4052.6150,    365.1462,   2277.3107
 4107, -13990625.0146,  12006893.4359,  18405973.5660,  -4052.2996,    364.8755,   2276.8957
 4108, -13994677.1565,  12007258.1760,  18408250.2543,  -4051.9842,    364.6049,   2276.4808
 4109, -13998728.9830,  12007622.6456,  18410526.5277,  -4051.6689,    364.3344,   2276.0660
 4110, -14002780.4943,  12007986.8448,  18412802.3864,  -4051.3536,    364.0640,   2275.6514
 4111, -14006831.6903,  12008350.7736,  18415077.8306,  -4051.0384,    363.7937,   2275.2370
 4112, -14010882.5710,  12008714.4322,  18417352.8604,  -4050.7232,    363.5235,   2274.8226
 4113, -14014933.1367,  12009077.8206,  18419627.4759,  -4050.4081,    363.2534,   2274.4084
 4114, -14018983.3872,  12009440.9391,  18421901.6773,  -4050.0930,    362.9835,   2273.9944
 4115, -14023033.3227,  12009803.7876,  18424175.4647,  -4049.7780,    362.7137,   2273.5805
 4116, -14027082.9432,  12010166.3664,  18426448.8383,  -4049.4630,    362.4440,   2273.1667
 4117, -14031132.2488,  12010528.6756,  18428721.7981,  -4049.1481,    362.1744,   2272.7530
 4118, -14035181.2395,  12010890.7152,  18430994.3444,  -4048.8333,    361.9049,   2272.3395
 4119, -14039229.9153,  12011252.4854,  18433266.4772,  -4048.5184,    361.6355,   2271.9262
 4120, -14043278.2764,  12011613.9863,  18435538.1967,  -4048.2037,    361.3663,   2271.5129
 4121, -14047326.3227,  12011975.2179,  18437809.5031,  -4047.8890,    361.0971,   2271.0998
 4122, -14051374.0543,  12012336.1805,  18440080.3964,  -4047.5743,    360.8281,   2270.6868
 4123, -14055421.4714,  12012696.8741,  18442350.8768,  -4047.2597,    360.5592,   2270.2740
 4124, -14059468.5738,  12013057.2989,  18444620.9445,  -4046.9452,    360.2904,   2269.8613
 4125, -14063515.3617,  12013417.4549,  18446890.5996,  -4046.6307,    360.0217,   2269.4488
 4126, -14067561.8352,  12013777.3423,  18449159.8421,  -4046.3162,    359.7531,   2269.0364
 4127, -14071607.9942,  12014136.9612,  18451428.6723,  -4046.0018,    359.4847,   2268.6241
 4128, -14075653.8389,  12014496.3116,  18453697.0903,  -4045.6875,    359.2163,   2268.2119
 4129, -14079699.3692,  12014855.3938,  18455965.0962,  -4045.3732,    358.9481,   2267.7999
 4130, -14083744.5853,  12015214.2078,  18458232.6902,  -4045.0590,    358.6800,   2267.3880
 4131, -14087789.4872,  12015572.7538,  18460499.8724,  -4044.7448,    358.4120,   2266.9763
 4132, -14091834.0749,  12015931.0318,  18462766.6429,  -4044.4307,    358.1441,   2266.5647
 4133, -14095878.3485,  12016289.0419,  18465033.0018,  -4044.1166,    357.8763,   2266.1532
 4134, -14099922.3081,  12016646.7844,  18467298.9494,  -4043.8025,    357.6086,   2265.7419
 4135, -14103965.9537,  12017004.2592,  18469564.4857,  -4043.4886,    357.3411,   2265.3307
 4136, -14108009.2853,  12017361.4665,  18471829.6109,  -4043.1746,    357.0736,   2264.9197
 4137, -14112052.3030,  12017718.4065,  18474094.3250,  -4042.8608,    356.8063,   2264.5087
 4138, -14116095.0068,  12018075.0792,  18476358.6283,  -4042.5470,    356.5391,   2264.0979
 4139, -14120137.3969,  12018431.4847,  18478622.5209,  -4042.2332,    356.2720,   2263.6873
 4140, -14124179.4732,  12018787.6232,  18480886.0030,  -4041.9195,    356.0050,   2263.2768
 4141, -14128221.2358,  12019143.4947,  18483149.0745,  -4041.6058,    355.7381,   2262.8664
 4142, -14132262.6848,  12019499.0995,  18485411.7358,  -4041.2922,    355.4714,   2262.4561
 4143, -14136303.8202,  12019854.4375,  18487673.9868,  -4040.9786,    355.2047,   2262.0460
 4144, -14140344.6421,  12020209.5089,  18489935.8278,  -4040.6651,    354.9382,   2261.6360
 4145, -14144385.1505,  12020564.3139,  18492197.2589,  -4040.3517,    354.6717,   2261.2262
 4146, -14148425.3454,  12020918.8524,  18494458.2803,  -4040.0383,    354.4054,   2260.8165
 4147, -14152465.2270,  12021273.1248,  18496718.8920,  -4039.7249,    354.1392,   2260.4069
 4148, -14156504.7953,  12021627.1310,  18498979.0941,  -4039.4116,    353.8731,   2259.9975
 4149, -14160544.0502,  12021980.8711,  18501238.8869,  -4039.0983,    353.6072,   2259.5882
 4150, -14164582.9920,  12022334.3453,  18503498.2705,  -4038.7851,    353.3413,   2259.1790
 4151, -14168621.6205,  12022687.5537,  18505757.2450,  -4038.4720,    353.0756,   2258.7700
 4152, -14172659.9360,  12023040.4965,  18508015.8105,  -4038.1589,    352.8099,   2258.3611
 4153, -14176697.9384,  12023393.1736,  18510273.9671,  -4037.8459,    352.5444,   2257.9523
 4154, -14180735.6277,  12023745.5853,  18512531.7151,  -4037.5329,    352.2790,   2257.5436
 4155, -14184773.0041,  12024097.7316,  18514789.0545,  -4037.2199,    352.0137,   2257.1351
 4156, -14188810.0676,  12024449.6126,  18517045.9854,  -4036.9070,    351.7485,   2256.7268
 4157, -14192846.8183,  12024801.2285,  18519302.5081,  -4036.5942,    351.4834,   2256.3186
 4158, -14196883.2561,  12025152.5794,  18521558.6226,  -4036.2814,    351.2184,   2255.9105
 4159, -14200919.3811,  12025503.6654,  18523814.3290,  -4035.9687,    350.9536,   2255.5025
 4160, -14204955.1935,  12025854.4866,  18526069.6276,  -4035.6560,    350.6888,   2255.0947
 4161, -14208990.6932,  12026205.0431,  18528324.5184,  -4035.3434,    350.4242,   2254.6870
 4162, -14213025.8802,  12026555.3349,  18530579.0015,  -4035.0308,    350.1596,   2254.2794
 4163, -14217060.7548,  12026905.3624,  18532833.0772,  -4034.7183,    349.8952,   2253.8720
 4164, -14221095.3168,  12027255.1254,  18535086.7455,  -4034.4058,    349.6309,   2253.4647
 4165, -14225129.5664,  12027604.6243,  18537340.0066,  -4034.0934,    349.3667,   2253.0575
 4166, -14229163.5036,  12027953.8589,  18539592.8606,  -4033.7810,    349.1027,   2252.6505
 4167, -14233197.1284,  12028302.8296,  18541845.3076,  -4033.4687,    348.8387,   2252.2436
 4168, -14237230.4410,  12028651.5363,  18544097.3478,  -4033.1564,    348.5748,   2251.8368
 4169, -14241263.4413,  12028999.9793,  18546348.9813,  -4032.8442,    348.3111,   2251.4302
 4170, -14245296.1294,  12029348.1585,  18548600.2082,  -4032.5320,    348.0474,   2251.0237
 4171, -14249328.5054,  12029696.0742,  18550851.0287,  -4032.2199,    347.7839,   2250.6173
 4172, -14253360.5693,  12030043.7264,  18553101.4429,  -4031.9079,    347.5205,   2250.2111
 4173, -14257392.3212,  12030391.1152,  18555351.4509,  -4031.5959,    347.2572,   2249.8050
 4174, -14261423.7611,  12030738.2408,  18557601.0529,  -4031.2839,    346.9940,   2249.3990
 4175, -14265454.8890,  12031085.1032,  18559850.2490,  -4030.9720,    346.7309,   2248.9932
 4176, -14269485.7051,  12031431.7026,  18562099.0393,  -4030.6601,    346.4679,   2248.5875
 4177, -14273516.2093,  12031778.0391,  18564347.4240,  -4030.3483,    346.2051,   2248.1819
 4178, -14277546.4018,  12032124.1127,  18566595.4032,  -4030.0366,    345.9423,   2247.7765
 4179, -14281576.2825,  12032469.9237,  18568842.9770,  -4029.7249,    345.6797,   2247.3712
 4180, -14285605.8515,  12032815.4721,  18571090.1456,  -4029.4132,    345.4171,   2246.9660
 4181, -14289635.1090,  12033160.7580,  18573336.9091,  -4029.1016,    345.1547,   2246.5610
 4182, -14293664.0548,  12033505.7815,  18575583.2676,  -4028.7901,    344.8924,   2246.1561
 4183, -14297692.6892,  12033850.5427,  18577829.2213,  -4028.4786,    344.6302,   2245.7513
 4184, -14301721.0121,  12034195.0418,  18580074.7702,  -4028.1672,    344.3681,   2245.3466
 4185, -14305749.0235,  12034539.2789,  18582319.9146,  -4027.8558,    344.1061,   2244.9421
 4186, -14309776.7236,  12034883.2540,  18584564.6545,  -4027.5444,    343.8442,   2244.5378
 4187, -14313804.1124,  12035226.9673,  18586808.9901,  -4027.2331,    343.5824,   2244.1335
 4188, -14317831.1899,  12035570.4189,  18589052.9216,  -4026.9219,    343.3208,   2243.7294
 4189, -14321857.9562,  12035913.6089,  18591296.4489,  -4026.6107,    343.0592,   2243.3254
 4190, -14325884.4113,  12036256.5374,  18593539.5724,  -4026.2996,    342.7978,   2242.9215
 4191, -14329910.5554,  12036599.2045,  18595782.2921,  -4025.9885,    342.5365,   2242.5178
 4192, -14333936.3883,  12036941.6104,  18598024.6081,  -4025.6775,    342.2752,   2242.1142
 4193, -14337961.9103,  12037283.7550,  18600266.5206,  -4025.3665,    342.0141,   2241.7108
 4194, -14341987.1213,  12037625.6387,  18602508.0297,  -4025.0556,    341.7531,   2241.3075
 4195, -14346012.0214,  12037967.2613,  18604749.1356,  -4024.7447,    341.4922,   2240.9043
 4196, -14350036.6107,  12038308.6231,  18606989.8383,  -4024.4339,    341.2314,   2240.5012
 4197, -14354060.8892,  12038649.7242,  18609230.1380,  -4024.1231,    340.9708,   2240.0983
 4198, -14358084.8569,  12038990.5647,  18611470.0348,  -4023.8124,    340.7102,   2239.6955
 4199, -14362108.5139,  12039331.1446,  18613709.5289,  -4023.5017,    340.4497,   2239.2928
 4200, -14366131.8603,  12039671.4642,  18615948.6204,  -4023.1911,    340.1894,   2238.8902
 4201, -14370154.8960,  12040011.5234,  18618187.3095,  -4022.8805,    339.9291,   2238.4878
 4202, -14374177.6213,  12040351.3225,  18620425.5961,  -4022.5700,    339.6690,   2238.0856
 4203, -14378200.0360,  12040690.8615,  18622663.4806,  -4022.2595,    339.4090,   2237.6834
 4204, -14382222.1403,  12041030.1405,  18624900.9630,  -4021.9491,    339.1491,   2237.2814
 4205, -14386243.9342,  12041369.1596,  18627138.0434,  -4021.6387,    338.8892,   2236.8795
 4206, -14390265.4178,  12041707.9190,  18629374.7220,  -4021.3284,    338.6295,   2236.4777
 4207, -14394286.5911,  12042046.4187,  18631610.9989,  -4021.0182,    338.3700,   2236.0761
 4208, -14398307.4541,  12042384.6589,  18633846.8743,  -4020.7079,    338.1105,   2235.6746
 4209, -14402328.0070,  12042722.6397,  18636082.3482,  -4020.3978,    337.8511,   2235.2732
 4210, -14406348.2497,  12043060.3612,  18638317.4208,  -4020.0877,    337.5918,   2234.8720
 4211, -14410368.1824,  12043397.8234,  18640552.0923,  -4019.7776,    337.3327,   2234.4709
 4212, -14414387.8050,  12043735.0265,  18642786.3627,  -4019.4676,    337.0736,   2234.0699
 4213, -14418407.1176,  12044071.9707,  18645020.2322,  -4019.1577,    336.8147,   2233.6691
 4214, -14422426.1203,  12044408.6559,  18647253.7009,  -4018.8478,    336.5558,   2233.2684
 4215, -14426444.8131,  12044745.0823,  18649486.7690,  -4018.5379,    336.2971,   2232.8678
 4216, -14430463.1961,  12045081.2501,  18651719.4365,  -4018.2281,    336.0385,   2232.4673
 4217, -14434481.2694,  12045417.1593,  18653951.7036,  -4017.9184,    335.7800,   2232.0670
 4218, -14438499.0329,  12045752.8101,  18656183.5705,  -4017.6087,    335.5215,   2231.6668
 4219, -14442516.4867,  12046088.2025,  18658415.0373,  -4017.2990,    335.2632,   2231.2667
 4220, -14446533.6309,  12046423.3366,  18660646.1040,  -4016.9894,    335.0051,   2230.8668
 4221, -14450550.4655,  12046758.2126,  18662876.7709,  -4016.6799,    334.7470,   2230.4670
 4222, -14454566.9906,  12047092.8306,  18665107.0380,  -4016.3704,    334.4890,   2230.0673
 4223, -14458583.2063,  12047427.1906,  18667336.9056,  -4016.0609,    334.2311,   2229.6678
 4224, -14462599.1125,  12047761.2929,  18669566.3736,  -4015.7515,    333.9734,   2229.2683
 4225, -14466614.7094,  12048095.1374,  18671795.4423,  -4015.4422,    333.7157,   2228.8690
 4226, -14470629.9969,  12048428.7243,  18674024.1117,  -4015.1329,    333.4581,   2228.4699
 4227, -14474644.9752,  12048762.0537,  18676252.3820,  -4014.8237,    333.2007,   2228.0708
 4228, -14478659.6443,  12049095.1257,  18678480.2534,  -4014.5145,    332.9434,   2227.6719
 4229, -14482674.0042,  12049427.9405,  18680707.7259,  -4014.2053,    332.6861,   2227.2732
 4230, -14486688.0550,  12049760.4980,  18682934.7998,  -4013.8963,    332.4290,   2226.8745
 4231, -14490701.7967,  12050092.7985,  18685161.4750,  -4013.5872,    332.1720,   2226.4760
 4232, -14494715.2294,  12050424.8420,  18687387.7518,  -4013.2782,    331.9151,   2226.0776
 4233, -14498728.3532,  12050756.6287,  18689613.6302,  -4012.9693,    331.6583,   2225.6793
 4234, -14502741.1681,  12051088.1586,  18691839.1105,  -4012.6604,    331.4016,   2225.2812
 4235, -14506753.6741,  12051419.4319,  18694064.1927,  -4012.3516,    331.1450,   2224.8832
 4236, -14510765.8713,  12051750.4486,  18696288.8769,  -4012.0428,    330.8885,   2224.4853
 4237, -14514777.7597,  12052081.2089,  18698513.1634,  -4011.7341,    330.6321,   2224.0876
 4238, -14518789.3394,  12052411.7129,  18700737.0521,  -4011.4254,    330.3758,   2223.6900
 4239, -14522800.6105,  12052741.9607,  18702960.5433,  -4011.1168,    330.1197,   2223.2925
 4240, -14526811.5730,  12053071.9523,  18705183.6371,  -4010.8082,    329.8636,   2222.8951
 4241, -14530822.2269,  12053401.6879,  18707406.3336,  -4010.4997,    329.6077,   2222.4979
 4242, -14534832.5724,  12053731.1677,  18709628.6329,  -4010.1912,    329.3518,   2222.1008
 4243, -14538842.6094,  12054060.3916,  18711850.5351,  -4009.8828,    329.0961,   2221.7038
 4244, -14542852.3379,  12054389.3598,  18714072.0404,  -4009.5744,    328.8404,   2221.3069
 4245, -14546861.7582,  12054718.0725,  18716293.1490,  -4009.2661,    328.5849,   2220.9102
 4246, -14550870.8701,  12055046.5297,  18718513.8609,  -4008.9578,    328.3295,   2220.5136
 4247, -14554879.6738,  12055374.7315,  18720734.1762,  -4008.6496,    328.0741,   2220.1171
 4248, -14558888.1693,  12055702.6780,  18722954.0952,  -4008.3414,    327.8189,   2219.7208
 4249, -14562896.3567,  12056030.3694,  18725173.6178,  -4008.0333,    327.5638,   2219.3246
 4250, -14566904.2359,  12056357.8057,  18727392.7444,  -4007.7252,    327.3088,   2218.9285
 4251, -14570911.8071,  12056684.9871,  18729611.4748,  -4007.4172,    327.0539,   2218.5325
 4252, -14574919.0704,  12057011.9136,  18731829.8094,  -4007.1092,    326.7991,   2218.1367
 4253, -14578926.0257,  12057338.5853,  18734047.7483,  -4006.8013,    326.5444,   2217.7410
 4254, -14582932.6731,  12057665.0025,  18736265.2915,  -4006.4935,    326.2898,   2217.3454
 4255, -14586939.0126,  12057991.1651,  18738482.4391,  -4006.1857,    326.0354,   2216.9500
 4256, -14590945.0444,  12058317.0732,  18740699.1914,  -4005.8779,    325.7810,   2216.5546
 4257, -14594950.7684,  12058642.7271,  18742915.5484,  -4005.5702,    325.5267,   2216.1594
 4258, -14598956.1848,  12058968.1267,  18745131.5103,  -4005.2625,    325.2726,   2215.7644
 4259, -14602961.2935,  12059293.2722,  18747347.0772,  -4004.9549,    325.0185,   2215.3694
 4260, -14606966.0946,  12059618.1638,  18749562.2492,  -4004.6473,    324.7645,   2214.9746
 4261, -14610970.5882,  12059942.8014,  18751777.0265,  -4004.3398,    324.5107,   2214.5799
 4262, -14614974.7743,  12060267.1852,  18753991.4091,  -4004.0324,    324.2569,   2214.1854
 4263, -14618978.6529,  12060591.3153,  18756205.3972,  -4003.7250,    324.0033,   2213.7909
 4264, -14622982.2242,  12060915.1918,  18758418.9910,  -4003.4176,    323.7498,   2213.3966
 4265, -14626985.4882,  12061238.8149,  18760632.1905,  -4003.1103,    323.4963,   2213.0024
 4266, -14630988.4448,  12061562.1845,  18762844.9959,  -4002.8030,    323.2430,   2212.6084
 4267, -14634991.0943,  12061885.3009,  18765057.4072,  -4002.4958,    322.9898,   2212.2144
 4268, -14638993.4365,  12062208.1641,  18767269.4248,  -4002.1887,    322.7367,   2211.8206
 4269, -14642995.4717,  12062530.7743,  18769481.0485,  -4001.8816,    322.4836,   2211.4269
 4270, -14646997.1997,  12062853.1314,  18771692.2787,  -4001.5745,    322.2307,   2211.0334
 4271, -14650998.6207,  12063175.2358,  18773903.1154,  -4001.2675,    321.9779,   2210.6400
 4272, -14654999.7348,  12063497.0873,  18776113.5587,  -4000.9606,    321.7252,   2210.2467
 4273, -14659000.5419,  12063818.6862,  18778323.6087,  -4000.6537,    321.4726,   2209.8535
 4274, -14663001.0421,  12064140.0326,  18780533.2657,  -4000.3468,    321.2201,   2209.4604
 4275, -14667001.2355,  12064461.1265,  18782742.5297,  -4000.0400,    320.9677,   2209.0675
 4276, -14671001.1222,  12064781.9681,  18784951.4008,  -3999.7333,    320.7154,   2208.6747
 4277, -14675000.7021,  12065102.5574,  18787159.8791,  -3999.4266,    320.4633,   2208.2820
 4278, -14678999.9753,  12065422.8946,  18789367.9649,  -3999.1199,    320.2112,   2207.8895
 4279, -14682998.9419,  12065742.9798,  18791575.6582,  -3998.8133,    319.9592,   2207.4971
 4280, -14686997.6020,  12066062.8130,  18793782.9591,  -3998.5068,    319.7073,   2207.1048
 4281, -14690995.9555,  12066382.3945,  18795989.8678,  -3998.2003,    319.4555,   2206.7126
 4282, -14694994.0025,  12066701.7242,  18798196.3844,  -3997.8938,    319.2039,   2206.3206
 4283, -14698991.7431,  12067020.8023,  18800402.5089,  -3997.5874,    318.9523,   2205.9286
 4284, -14702989.1774,  12067339.6288,  18802608.2417,  -3997.2811,    318.7008,   2205.5368
 4285, -14706986.3053,  12067658.2040,  18804813.5827,  -3996.9748,    318.4495,   2205.1452
 4286, -14710983.1270,  12067976.5278,  18807018.5321,  -3996.6685,    318.1982,   2204.7536
 4287, -14714979.6424,  12068294.6005,  18809223.0900,  -3996.3623,    317.9471,   2204.3622
 4288, -14718975.8516,  12068612.4220,  18811427.2565,  -3996.0562,    317.6960,   2203.9709
 4289, -14722971.7548,  12068929.9926,  18813631.0319,  -3995.7501,    317.4451,   2203.5797
 4290, -14726967.3519,  12069247.3122,  18815834.4161,  -3995.4441,    317.1942,   2203.1887
 4291, -14730962.6429,  12069564.3811,  18818037.4093,  -3995.1381,    316.9435,   2202.7978
 4292, -14734957.6280,  12069881.1993,  18820240.0117,  -3994.8321,    316.6929,   2202.4070
 4293, -14738952.3072,  12070197.7669,  18822442.2233,  -3994.5262,    316.4423,   2202.0163
 4294, -14742946.6804,  12070514.0839,  18824644.0443,  -3994.2204,    316.1919,   2201.6258
 4295, -14746940.7479,  12070830.1507,  18826845.4748,  -3993.9146,    315.9416,   2201.2353
 4296, -14750934.5096,  12071145.9671,  18829046.5150,  -3993.6088,    315.6913,   2200.8450
 4297, -14754927.9656,  12071461.5334,  18831247.1650,  -3993.3032,    315.4412,   2200.4549
 4298, -14758921.1160,  12071776.8495,  18833447.4248,  -3992.9975,    315.1912,   2200.0648
 4299, -14762913.9607,  12072091.9157,  18835647.2946,  -3992.6919,    314.9413,   2199.6749
 4300, -14766906.4998,  12072406.7321,  18837846.7746,  -3992.3864,    314.6914,   2199.2851
 4301, -14770898.7334,  12072721.2986,  18840045.8648,  -3992.0809,    314.4417,   2198.8954
 4302, -14774890.6616,  12073035.6155,  18842244.5654,  -3991.7754,    314.1921,   2198.5058
 4303, -14778882.2843,  12073349.6829,  18844442.8766,  -3991.4701,    313.9426,   2198.1164
 4304, -14782873.6017,  12073663.5008,  18846640.7983,  -3991.1647,    313.6932,   2197.7271
 4305, -14786864.6138,  12073977.0693,  18848838.3308,  -3990.8594,    313.4439,   2197.3379
 4306, -14790855.3206,  12074290.3885,  18851035.4742,  -3990.5542,    313.1947,   2196.9489
 4307, -14794845.7222,  12074603.4586,  18853232.2286,  -3990.2490,    312.9456,   2196.5599
 4308, -14798835.8186,  12074916.2797,  18855428.5941,  -3989.9439,    312.6965,   2196.1711
 4309, -14802825.6099,  12075228.8517,  18857624.5709,  -3989.6388,    312.4476,   2195.7824
 4310, -14806815.0962,  12075541.1750,  18859820.1590,  -3989.3337,    312.1988,   2195.3939
 4311, -14810804.2774,  12075853.2495,  18862015.3586,  -3989.0287,    311.9501,   2195.0054
 4312, -14814793.1537,  12076165.0753,  18864210.1699,  -3988.7238,    311.7015,   2194.6171
 4313, -14818781.7250,  12076476.6526,  18866404.5929,  -3988.4189,    311.4530,   2194.2289
 4314, -14822769.9915,  12076787.9814,  18868598.6277,  -3988.1141,    311.2047,   2193.8408
 4315, -14826757.9532,  12077099.0619,  18870792.2746,  -3987.8093,    310.9564,   2193.4529
 4316, -14830745.6101,  12077409.8942,  18872985.5335,  -3987.5045,    310.7082,   2193.0651
 4317, -14834732.9623,  12077720.4783,  18875178.4047,  -3987.1999,    310.4601,   2192.6774
 4318, -14838720.0098,  12078030.8143,  18877370.8883,  -3986.8952,    310.2121,   2192.2898
 4319, -14842706.7528,  12078340.9025,  18879562.9843,  -3986.5906,    309.9642,   2191.9023
 4320, -14846693.1911,  12078650.7428,  18881754.6930,  -3986.2861,    309.7164,   2191.5150
 4321, -14850679.3250,  12078960.3353,  18883946.0143,  -3985.9816,    309.4687,   2191.1278
 4322, -14854665.1544,  12079269.6802,  18886136.9485,  -3985.6772,    309.2211,   2190.7407
 4323, -14858650.6793,  12079578.7776,  18888327.4957,  -3985.3728,    308.9736,   2190.3537
 4324, -14862635.8999,  12079887.6275,  18890517.6560,  -3985.0684,    308.7263,   2189.9669
 4325, -14866620.8162,  12080196.2301,  18892707.4295,  -3984.7642,    308.4790,   2189.5801
 4326, -14870605.4283,  12080504.5855,  18894896.8163,  -3984.4599,    308.2318,   2189.1935
 4327, -14874589.7361,  12080812.6937,  18897085.8166,  -3984.1557,    307.9847,   2188.8071
 4328, -14878573.7398,  12081120.5549,  18899274.4305,  -3983.8516,    307.7377,   2188.4207
 4329, -14882557.4393,  12081428.1692,  18901462.6581,  -3983.5475,    307.4908,   2188.0345
 4330, -14886540.8348,  12081735.5366,  18903650.4995,  -3983.2435,    307.2440,   2187.6484
 4331, -14890523.9263,  12082042.6573,  18905837.9549,  -3982.9395,    306.9974,   2187.2624
 4332, -14894506.7138,  12082349.5314,  18908025.0243,  -3982.6355,    306.7508,   2186.8765
 4333, -14898489.1974,  12082656.1589,  18910211.7079,  -3982.3317,    306.5043,   2186.4908
 4334, -14902471.3771,  12082962.5400,  18912398.0059,  -3982.0278,    306.2579,   2186.1051
 4335, -14906453.2531,  12083268.6747,  18914583.9183,  -3981.7240,    306.0116,   2185.7196
 4336, -14910434.8252,  12083574.5633,  18916769.4452,  -3981.4203,    305.7655,   2185.3343
 4337, -14914416.0937,  12083880.2057,  18918954.5868,  -3981.1166,    305.5194,   2184.9490
 4338, -14918397.0584,  12084185.6021,  18921139.3433,  -3980.8130,    305.2734,   2184.5639
 4339, -14922377.7196,  12084490.7525,  18923323.7146,  -3980.5094,    305.0275,   2184.1789
 4340, -14926358.0772,  12084795.6571,  18925507.7010,  -3980.2058,    304.7817,   2183.7940
 4341, -14930338.1313,  12085100.3160,  18927691.3026,  -3979.9024,    304.5360,   2183.4092
 4342, -14934317.8820,  12085404.7292,  18929874.5194,  -3979.5989,    304.2905,   2183.0245
 4343, -14938297.3292,  12085708.8969,  18932057.3517,  -3979.2955,    304.0450,   2182.6400
 4344, -14942276.4730,  12086012.8192,  18934239.7995,  -3978.9922,    303.7996,   2182.2556
 4345, -14946255.3136,  12086316.4961,  18936421.8629,  -3978.6889,    303.5543,   2181.8713
 4346, -14950233.8508,  12086619.9278,  18938603.5421,  -3978.3857,    303.3091,   2181.4871
 4347, -14954212.0849,  12086923.1144,  18940784.8373,  -3978.0825,    303.0640,   2181.1031
 4348, -14958190.0158,  12087226.0559,  18942965.7484,  -3977.7793,    302.8190,   2180.7192
 4349, -14962167.6436,  12087528.7525,  18945146.2757,  -3977.4762,    302.5742,   2180.3354
 4350, -14966144.9683,  12087831.2042,  18947326.4192,  -3977.1732,    302.3294,   2179.9517
 4351, -14970121.9900,  12088133.4113,  18949506.1791,  -3976.8702,    302.0847,   2179.5681
 4352, -14974098.7087,  12088435.3736,  18951685.5555,  -3976.5673,    301.8401,   2179.1847
 4353, -14978075.1245,  12088737.0915,  18953864.5485,  -3976.2644,    301.5956,   2178.8014
 4354, -14982051.2375,  12089038.5648,  18956043.1583,  -3975.9615,    301.3512,   2178.4182
 4355, -14986027.0476,  12089339.7939,  18958221.3849,  -3975.6587,    301.1069,   2178.0351
 4356, -14990002.5550,  12089640.7787,  18960399.2285,  -3975.3560,    300.8627,   2177.6521
 4357, -14993977.7596,  12089941.5193,  18962576.6892,  -3975.0533,    300.6186,   2177.2693
 4358, -14997952.6616,  12090242.0160,  18964753.7672,  -3974.7507,    300.3746,   2176.8866
 4359, -15001927.2610,  12090542.2686,  18966930.4624,  -3974.4481,    300.1307,   2176.5040
 4360, -15005901.5578,  12090842.2774,  18969106.7752,  -3974.1455,    299.8869,   2176.1215
 4361, -15009875.5520,  12091142.0425,  18971282.7055,  -3973.8430,    299.6432,   2175.7392
 4362, -15013849.2438,  12091441.5639,  18973458.2535,  -3973.5406,    299.3996,   2175.3569
 4363, -15017822.6332,  12091740.8417,  18975633.4194,  -3973.2382,    299.1561,   2174.9748
 4364, -15021795.7203,  12092039.8761,  18977808.2032,  -3972.9358,    298.9127,   2174.5928
 4365, -15025768.5050,  12092338.6672,  18979982.6050,  -3972.6336,    298.6694,   2174.2109
 4366, -15029740.9874,  12092637.2150,  18982156.6251,  -3972.3313,    298.4262,   2173.8292
 4367, -15033713.1676,  12092935.5196,  18984330.2634,  -3972.0291,    298.1831,   2173.4475
 4368, -15037685.0456,  12093233.5811,  18986503.5202,  -3971.7270,    297.9401,   2173.0660
 4369, -15041656.6215,  12093531.3997,  18988676.3955,  -3971.4249,    297.6971,   2172.6846
 4370, -15045627.8954,  12093828.9754,  18990848.8894,  -3971.1228,    297.4543,   2172.3033
 4371, -15049598.8672,  12094126.3084,  18993021.0022,  -3970.8208,    297.2116,   2171.9222
 4372, -15053569.5370,  12094423.3987,  18995192.7338,  -3970.5189,    296.9690,   2171.5411
 4373, -15057539.9050,  12094720.2464,  18997364.0845,  -3970.2170,    296.7265,   2171.1602
 4374, -15061509.9710,  12095016.8516,  18999535.0543,  -3969.9151,    296.4840,   2170.7794
 4375, -15065479.7352,  12095313.2145,  19001705.6434,  -3969.6133,    296.2417,   2170.3987
 4376, -15069449.1977,  12095609.3351,  19003875.8518,  -3969.3116,    295.9995,   2170.0182
 4377, -15073418.3584,  12095905.2134,  19006045.6798,  -3969.0099,    295.7573,   2169.6377
 4378, -15077387.2174,  12096200.8498,  19008215.1273,  -3968.7082,    295.5153,   2169.2574
 4379, -15081355.7748,  12096496.2441,  19010384.1946,  -3968.4066,    295.2734,   2168.8772
 4380, -15085324.0307,  12096791.3965,  19012552.8818,  -3968.1051,    295.0315,   2168.4971
 4381, -15089291.9850,  12097086.3071,  19014721.1889,  -3967.8036,    294.7898,   2168.1172
 4382, -15093259.6378,  12097380.9761,  19016889.1161,  -3967.5021,    294.5481,   2167.7373
 4383, -15097226.9892,  12097675.4034,  19019056.6636,  -3967.2007,    294.3066,   2167.3576
 4384, -15101194.0393,  12097969.5893,  19021223.8313,  -3966.8993,    294.0651,   2166.9780
 4385, -15105160.7879,  12098263.5337,  19023390.6195,  -3966.5980,    293.8238,   2166.5985
 4386, -15109127.2354,  12098557.2368,  19025557.0283,  -3966.2968,    293.5825,   2166.2191
 4387, -15113093.3815,  12098850.6988,  19027723.0578,  -3965.9956,    293.3413,   2165.8398
 4388, -15117059.2265,  12099143.9196,  19029888.7080,  -3965.6944,    293.1003,   2165.4607
 4389, -15121024.7704,  12099436.8994,  19032053.9792,  -3965.3933,    292.8593,   2165.0817
 4390, -15124990.0132,  12099729.6382,  19034218.8715,  -3965.0923,    292.6184,   2164.7028
 4391, -15128954.9549,  12100022.1363,  19036383.3849,  -3964.7912,    292.3777,   2164.3240
 4392, -15132919.5957,  12100314.3936,  19038547.5195,  -3964.4903,    292.1370,   2163.9453
 4393, -15136883.9355,  12100606.4103,  19040711.2756,  -3964.1894,    291.8964,   2163.5668
 4394, -15140847.9744,  12100898.1865,  19042874.6532,  -3963.8885,    291.6559,   2163.1884
 4395, -15144811.7126,  12101189.7222,  19045037.6524,  -3963.5877,    291.4155,   2162.8101
 4396, -15148775.1499,  12101481.0176,  19047200.2734,  -3963.2869,    291.1753,   2162.4319
 4397, -15152738.2864,  12101772.0728,  19049362.5162,  -3962.9862,    290.9351,   2162.0538
 4398, -15156701.1223,  12102062.8878,  19051524.3810,  -3962.6856,    290.6950,   2161.6759
 4399, -15160663.6576,  12102353.4627,  19053685.8679,  -3962.3849,    290.4550,   2161.2980
 4400, -15164625.8922,  12102643.7977,  19055846.9771,  -3962.0844,    290.2151,   2160.9203
 4401, -15168587.8263,  12102933.8928,  19058007.7086,  -3961.7839,    289.9752,   2160.5427
 4402, -15172549.4600,  12103223.7482,  19060168.0625,  -3961.4834,    289.7355,   2160.1652
 4403, -15176510.7931,  12103513.3639,  19062328.0390,  -3961.1830,    289.4959,   2159.7878
 4404, -15180471.8259,  12103802.7401,  19064487.6382,  -3960.8826,    289.2564,   2159.4106
 4405, -15184432.5584,  12104091.8768,  19066646.8603,  -3960.5823,    289.0170,   2159.0335
 4406, -15188392.9905,  12104380.7740,  19068805.7052,  -3960.2820,    288.7776,   2158.6564
 4407, -15192353.1224,  12104669.4321,  19070964.1732,  -3959.9818,    288.5384,   2158.2796
 4408, -15196312.9541,  12104957.8509,  19073122.2643,  -3959.6816,    288.2993,   2157.9028
 4409, -15200272.4856,  12105246.0306,  19075279.9788,  -3959.3815,    288.0602,   2157.5261
 4410, -15204231.7171,  12105533.9714,  19077437.3166,  -3959.0814,    287.8213,   2157.1496
 4411, -15208190.6485,  12105821.6732,  19079594.2779,  -3958.7814,    287.5824,   2156.7731
 4412, -15212149.2799,  12106109.1363,  19081750.8629,  -3958.4814,    287.3437,   2156.3968
 4413, -15216107.6113,  12106396.3606,  19083907.0716,  -3958.1815,    287.1050,   2156.0206
 4414, -15220065.6429,  12106683.3463,  19086062.9042,  -3957.8816,    286.8664,   2155.6446
 4415, -15224023.3746,  12106970.0935,  19088218.3608,  -3957.5818,    286.6280,   2155.2686
 4416, -15227980.8065,  12107256.6023,  19090373.4415,  -3957.2820,    286.3896,   2154.8928
 4417, -15231937.9386,  12107542.8728,  19092528.1463,  -3956.9823,    286.1513,   2154.5170
 4418, -15235894.7710,  12107828.9050,  19094682.4755,  -3956.6826,    285.9131,   2154.1414
 4419, -15239851.3038,  12108114.6991,  19096836.4292,  -3956.3830,    285.6751,   2153.7659
 4420, -15243807.5369,  12108400.2551,  19098990.0074,  -3956.0834,    285.4371,   2153.3905
 4421, -15247763.4705,  12108685.5732,  19101143.2103,  -3955.7838,    285.1992,   2153.0153
 4422, -15251719.1046,  12108970.6535,  19103296.0380,  -3955.4843,    284.9614,   2152.6401
 4423, -15255674.4392,  12109255.4960,  19105448.4907,  -3955.1849,    284.7237,   2152.2651
 4424, -15259629.4744,  12109540.1008,  19107600.5683,  -3954.8855,    284.4860,   2151.8902
 4425, -15263584.2103,  12109824.4681,  19109752.2711,  -3954.5862,    284.2485,   2151.5154
 4426, -15267538.6468,  12110108.5979,  19111903.5992,  -3954.2869,    284.0111,   2151.1407
 4427, -15271492.7841,  12110392.4904,  19114054.5526,  -3953.9877,    283.7738,   2150.7662
 4428, -15275446.6221,  12110676.1455,  19116205.1315,  -3953.6885,    283.5365,   2150.3917
 4429, -15279400.1610,  12110959.5635,  19118355.3361,  -3953.3893,    283.2994,   2150.0174
 4430, -15283353.4008,  12111242.7444,  19120505.1663,  -3953.0902,    283.0624,   2149.6432
 4431, -15287306.3415,  12111525.6882,  19122654.6224,  -3952.7912,    282.8254,   2149.2691
 4432, -15291258.9831,  12111808.3952,  19124803.7045,  -3952.4922,    282.5886,   2148.8951
 4433, -15295211.3258,  12112090.8654,  19126952.4127,  -3952.1932,    282.3518,   2148.5212
 4434, -15299163.3696,  12112373.0988,  19129100.7470,  -3951.8943,    282.1151,   2148.1475
 4435, -15303115.1145,  12112655.0956,  19131248.7076,  -3951.5955,    281.8786,   2147.7738
 4436, -15307066.5606,  12112936.8559,  19133396.2947,  -3951.2967,    281.6421,   2147.4003
 4437, -15311017.7079,  12113218.3798,  19135543.5083,  -3950.9979,    281.4057,   2147.0269
 4438, -15314968.5565,  12113499.6674,  19137690.3485,  -3950.6992,    281.1694,   2146.6536
 4439, -15318919.1064,  12113780.7187,  19139836.8156,  -3950.4006,    280.9332,   2146.2804
 4440, -15322869.3576,  12114061.5338,  19141982.9095,  -3950.1020,    280.6971,   2145.9074
 4441, -15326819.3103,  12114342.1129,  19144128.6304,  -3949.8034,    280.4611,   2145.5344
 4442, -15330768.9644,  12114622.4560,  19146273.9784,  -3949.5049,    280.2252,   2145.1616
 4443, -15334718.3201,  12114902.5633,  19148418.9536,  -3949.2064,    279.9894,   2144.7889
 4444, -15338667.3773,  12115182.4348,  19150563.5562,  -3948.9080,    279.7536,   2144.4163
 4445, -15342616.1361,  12115462.0706,  19152707.7863,  -3948.6097,    279.5180,   2144.0438
 4446, -15346564.5966,  12115741.4708,  19154851.6439,  -3948.3113,    279.2825,   2143.6714
 4447, -15350512.7589,  12116020.6355,  19156995.1292,  -3948.0131,    279.0470,   2143.2992
 4448, -15354460.6228,  12116299.5649,  19159138.2423,  -3947.7149,    278.8117,   2142.9271
 4449, -15358408.1886,  12116578.2589,  19161280.9834,  -3947.4167,    278.5764,   2142.5550
 4450, -15362355.4562,  12116856.7177,  19163423.3524,  -3947.1186,    278.3412,   2142.1831
 4451, -15366302.4258,  12117134.9414,  19165565.3496,  -3946.8205,    278.1062,   2141.8113
 4452, -15370249.0973,  12117412.9301,  19167706.9751,  -3946.5225,    277.8712,   2141.4397
 4453, -15374195.4708,  12117690.6838,  19169848.2290,  -3946.2245,    277.6363,   2141.0681
 4454, -15378141.5463,  12117968.2027,  19171989.1113,  -3945.9266,    277.4015,   2140.6966
 4455, -15382087.3239,  12118245.4869,  19174129.6223,  -3945.6287,    277.1668,   2140.3253
 4456, -15386032.8037,  12118522.5364,  19176269.7620,  -3945.3309,    276.9322,   2139.9541
 4457, -15389977.9857,  12118799.3513,  19178409.5305,  -3945.0331,    276.6977,   2139.5830
 4458, -15393922.8700,  12119075.9318,  19180548.9280,  -3944.7354,    276.4633,   2139.2120
 4459, -15397867.4565,  12119352.2779,  19182687.9545,  -3944.4377,    276.2290,   2138.8411
 4460, -15401811.7454,  12119628.3897,  19184826.6102,  -3944.1401,    275.9947,   2138.4703
 4461, -15405755.7366,  12119904.2674,  19186964.8952,  -3943.8425,    275.7606,   2138.0997
 4462, -15409699.4303,  12120179.9109,  19189102.8096,  -3943.5449,    275.5265,   2137.7291
 4463, -15413642.8265,  12120455.3205,  19191240.3535,  -3943.2475,    275.2926,   2137.3587
 4464, -15417585.9253,  12120730.4961,  19193377.5271,  -3942.9500,    275.0587,   2136.9884
 4465, -15421528.7266,  12121005.4379,  19195514.3304,  -3942.6526,    274.8249,   2136.6182
 4466, -15425471.2305,  12121280.1460,  19197650.7636,  -3942.3553,    274.5913,   2136.2481
 4467, -15429413.4372,  12121554.6205,  19199786.8267,  -3942.0580,    274.3577,   2135.8782
 4468, -15433355.3465,  12121828.8614,  19201922.5200,  -3941.7607,    274.1242,   2135.5083
 4469, -15437296.9587,  12122102.8689,  19204057.8434,  -3941.4636,    273.8908,   2135.1386
 4470, -15441238.2737,  12122376.6430,  19206192.7972,  -3941.1664,    273.6575,   2134.7690
 4471, -15445179.2915,  12122650.1839,  19208327.3813,  -3940.8693,    273.4243,   2134.3994
 4472, -15449120.0123,  12122923.4916,  19210461.5961,  -3940.5723,    273.1911,   2134.0300
 4473, -15453060.4360,  12123196.5662,  19212595.4415,  -3940.2753,    272.9581,   2133.6608
 4474, -15457000.5628,  12123469.4078,  19214728.9176,  -3939.9783,    272.7252,   2133.2916
 4475, -15460940.3927,  12123742.0166,  19216862.0247,  -3939.6814,    272.4923,   2132.9225
 4476, -15464879.9256,  12124014.3925,  19218994.7627,  -3939.3845,    272.2596,   2132.5536
 4477, -15468819.1617,  12124286.5358,  19221127.1319,  -3939.0877,    272.0269,   2132.1847
 4478, -15472758.1011,  12124558.4464,  19223259.1323,  -3938.7910,    271.7943,   2131.8160
 4479, -15476696.7437,  12124830.1245,  19225390.7640,  -3938.4943,    271.5619,   2131.4474
 4480, -15480635.0896,  12125101.5701,  19227522.0271,  -3938.1976,    271.3295,   2131.0789
 4481, -15484573.1389,  12125372.7834,  19229652.9219,  -3937.9010,    271.0972,   2130.7105
 4482, -15488510.8916,  12125643.7645,  19231783.4483,  -3937.6044,    270.8650,   2130.3423
 4483, -15492448.3477,  12125914.5134,  19233913.6065,  -3937.3079,    270.6329,   2129.9741
 4484, -15496385.5074,  12126185.0303,  19236043.3966,  -3937.0114,    270.4008,   2129.6061
 4485, -15500322.3706,  12126455.3152,  19238172.8187,  -3936.7150,    270.1689,   2129.2382
 4486, -15504258.9374,  12126725.3682,  19240301.8729,  -3936.4186,    269.9371,   2128.8703
 4487, -15508195.2078,  12126995.1894,  19242430.5594,  -3936.1223,    269.7053,   2128.5026
 4488, -15512131.1820,  12127264.7789,  19244558.8782,  -3935.8260,    269.4737,   2128.1350
 4489, -15516066.8599,  12127534.1368,  19246686.8295,  -3935.5298,    269.2421,   2127.7676
 4490, -15520002.2416,  12127803.2631,  19248814.4134,  -3935.2336,    269.0106,   2127.4002
 4491, -15523937.3272,  12128072.1581,  19250941.6299,  -3934.9375,    268.7793,   2127.0329
 4492, -15527872.1166,  12128340.8217,  19253068.4793,  -3934.6414,    268.5480,   2126.6658
 4493, -15531806.6100,  12128609.2541,  19255194.9616,  -3934.3454,    268.3168,   2126.2988
 4494, -15535740.8073,  12128877.4553,  19257321.0769,  -3934.0494,    268.0857,   2125.9319
 4495, -15539674.7087,  12129145.4255,  19259446.8253,  -3933.7534,    267.8547,   2125.5650
 4496, -15543608.3142,  12129413.1646,  19261572.2070,  -3933.4575,    267.6237,   2125.1984
 4497, -15547541.6238,  12129680.6730,  19263697.2220,  -3933.1617,    267.3929,   2124.8318
 4498, -15551474.6376,  12129947.9505,  19265821.8706,  -3932.8659,    267.1622,   2124.4653
 4499, -15555407.3557,  12130214.9973,  19267946.1527,  -3932.5702,    266.9315,   2124.0989
 4500, -15559339.7780,  12130481.8135,  19270070.0685,  -3932.2745,    266.7009,   2123.7327
 4501, -15563271.9046,  12130748.3992,  19272193.6181,  -3931.9788,    266.4705,   2123.3666
 4502, -15567203.7356,  12131014.7545,  19274316.8017,  -3931.6832,    266.2401,   2123.0005
 4503, -15571135.2710,  12131280.8794,  19276439.6192,  -3931.3877,    266.0098,   2122.6346
 4504, -15575066.5109,  12131546.7741,  19278562.0710,  -3931.0921,    265.7796,   2122.2688
 4505, -15578997.4553,  12131812.4387,  19280684.1569,  -3930.7967,    265.5495,   2121.9031
 4506, -15582928.1043,  12132077.8732,  19282805.8773,  -3930.5013,    265.3195,   2121.5376
 4507, -15586858.4579,  12132343.0777,  19284927.2321,  -3930.2059,    265.0896,   2121.1721
 4508, -15590788.5162,  12132608.0523,  19287048.2215,  -3929.9106,    264.8597,   2120.8068
 4509, -15594718.2791,  12132872.7971,  19289168.8457,  -3929.6153,    264.6300,   2120.4415
 4510, -15598647.7468,  12133137.3123,  19291289.1046,  -3929.3201,    264.4003,   2120.0764
 4511, -15602576.9194,  12133401.5978,  19293408.9985,  -3929.0249,    264.1707,   2119.7114
 4512, -15606505.7968,  12133665.6538,  19295528.5274,  -3928.7298,    263.9413,   2119.3465
 4513, -15610434.3790,  12133929.4804,  19297647.6914,  -3928.4348,    263.7119,   2118.9817
 4514, -15614362.6663,  12134193.0776,  19299766.4907,  -3928.1397,    263.4826,   2118.6170
 4515, -15618290.6585,  12134456.4456,  19301884.9254,  -3927.8447,    263.2534,   2118.2524
 4516, -15622218.3558,  12134719.5844,  19304002.9956,  -3927.5498,    263.0243,   2117.8879
 4517, -15626145.7582,  12134982.4941,  19306120.7013,  -3927.2549,    262.7952,   2117.5236
 4518, -15630072.8657,  12135245.1749,  19308238.0428,  -3926.9601,    262.5663,   2117.1593
 4519, -15633999.6784,  12135507.6268,  19310355.0200,  -3926.6653,    262.3375,   2116.7952
 4520, -15637926.1963,  12135769.8499,  19312471.6332,  -3926.3706,    262.1087,   2116.4312
 4521, -15641852.4196,  12136031.8442,  19314587.8824,  -3926.0759,    261.8800,   2116.0673
 4522, -15645778.3481,  12136293.6100,  19316703.7678,  -3925.7812,    261.6515,   2115.7035
 4523, -15649703.9821,  12136555.1472,  19318819.2894,  -3925.4867,    261.4230,   2115.3398
 4524, -15653629.3215,  12136816.4559,  19320934.4474,  -3925.1921,    261.1946,   2114.9762
 4525, -15657554.3663,  12137077.5363,  19323049.2419,  -3924.8976,    260.9663,   2114.6127
 4526, -15661479.1167,  12137338.3885,  19325163.6730,  -3924.6032,    260.7380,   2114.2494
 4527, -15665403.5726,  12137599.0124,  19327277.7407,  -3924.3088,    260.5099,   2113.8861
 4528, -15669327.7342,  12137859.4083,  19329391.4453,  -3924.0144,    260.2819,   2113.5230
 4529, -15673251.6015,  12138119.5762,  19331504.7868,  -3923.7201,    260.0539,   2113.1600
 4530, -15677175.1744,  12138379.5162,  19333617.7653,  -3923.4258,    259.8261,   2112.7971
 4531, -15681098.4531,  12138639.2284,  19335730.3809,  -3923.1316,    259.5983,   2112.4343
 4532, -15685021.4377,  12138898.7128,  19337842.6338,  -3922.8375,    259.3706,   2112.0716
 4533, -15688944.1281,  12139157.9696,  19339954.5241,  -3922.5433,    259.1430,   2111.7090
 4534, -15692866.5244,  12139416.9988,  19342066.0518,  -3922.2493,    258.9155,   2111.3465
 4535, -15696788.6266,  12139675.8006,  19344177.2171,  -3921.9553,    258.6881,   2110.9841
 4536, -15700710.4349,  12139934.3750,  19346288.0201,  -3921.6613,    258.4608,   2110.6219
 4537, -15704631.9492,  12140192.7221,  19348398.4609,  -3921.3674,    258.2335,   2110.2597
 4538, -15708553.1696,  12140450.8421,  19350508.5396,  -3921.0735,    258.0064,   2109.8977
 4539, -15712474.0962,  12140708.7349,  19352618.2564,  -3920.7796,    257.7793,   2109.5358
 4540, -15716394.7289,  12140966.4007,  19354727.6112,  -3920.4859,    257.5523,   2109.1740
 4541, -15720315.0679,  12141223.8396,  19356836.6043,  -3920.1921,    257.3254,   2108.8122
 4542, -15724235.1132,  12141481.0516,  19358945.2357,  -3919.8984,    257.0986,   2108.4506
 4543, -15728154.8648,  12141738.0369,  19361053.5056,  -3919.6048,    256.8719,   2108.0892
 4544, -15732074.3228,  12141994.7955,  19363161.4141,  -3919.3112,    256.6453,   2107.7278
 4545, -15735993.4873,  12142251.3275,  19365268.9612,  -3919.0177,    256.4188,   2107.3665
 4546, -15739912.3582,  12142507.6331,  19367376.1471,  -3918.7242,    256.1923,   2107.0053
 4547, -15743830.9357,  12142763.7123,  19369482.9719,  -3918.4307,    255.9660,   2106.6443
 4548, -15747749.2197,  12143019.5651,  19371589.4358,  -3918.1373,    255.7397,   2106.2833
 4549, -15751667.2103,  12143275.1917,  19373695.5387,  -3917.8440,    255.5135,   2105.9225
 4550, -15755584.9076,  12143530.5922,  19375801.2808,  -3917.5507,    255.2875,   2105.5618
 4551, -15759502.3117,  12143785.7667,  19377906.6623,  -3917.2574,    255.0615,   2105.2012
 4552, -15763419.4225,  12144040.7152,  19380011.6832,  -3916.9642,    254.8355,   2104.8407
 4553, -15767336.2401,  12144295.4378,  19382116.3437,  -3916.6710,    254.6097,   2104.4803
 4554, -15771252.7646,  12144549.9346,  19384220.6438,  -3916.3779,    254.3840,   2104.1200
 4555, -15775168.9960,  12144804.2058,  19386324.5837,  -3916.0849,    254.1583,   2103.7598
 4556, -15779084.9343,  12145058.2513,  19388428.1634,  -3915.7918,    253.9328,   2103.3997
 4557, -15783000.5797,  12145312.0714,  19390531.3832,  -3915.4989,    253.7073,   2103.0398
 4558, -15786915.9321,  12145565.6660,  19392634.2430,  -3915.2059,    253.4819,   2102.6799
 4559, -15790830.9916,  12145819.0352,  19394736.7430,  -3914.9131,    253.2566,   2102.3202
 4560, -15794745.7582,  12146072.1792,  19396838.8834,  -3914.6202,    253.0314,   2101.9605
 4561, -15798660.2320,  12146325.0981,  19398940.6641,  -3914.3274,    252.8063,   2101.6010
 4562, -15802574.4131,  12146577.7918,  19401042.0854,  -3914.0347,    252.5812,   2101.2416
 4563, -15806488.3015,  12146830.2606,  19403143.1474,  -3913.7420,    252.3563,   2100.8823
 4564, -15810401.8972,  12147082.5044,  19405243.8500,  -3913.4494,    252.1314,   2100.5231
 4565, -15814315.2003,  12147334.5235,  19407344.1935,  -3913.1568,    251.9067,   2100.1640
 4566, -15818228.2108,  12147586.3178,  19409444.1780,  -3912.8642,    251.6820,   2099.8050
 4567, -15822140.9288,  12147837.8875,  19411543.8035,  -3912.5718,    251.4574,   2099.4461
 4568, -15826053.3543,  12148089.2326,  19413643.0703,  -3912.2793,    251.2329,   2099.0873
 4569, -15829965.4874,  12148340.3533,  19415741.9783,  -3911.9869,    251.0085,   2098.7287
 4570, -15833877.3281,  12148591.2495,  19417840.5277,  -3911.6945,    250.7841,   2098.3701
 4571, -15837788.8765,  12148841.9215,  19419938.7185,  -3911.4022,    250.5599,   2098.0117
 4572, -15841700.1326,  12149092.3693,  19422036.5510,  -3911.1100,    250.3357,   2097.6533
 4573, -15845611.0965,  12149342.5930,  19424134.0253,  -3910.8178,    250.1116,   2097.2951
 4574, -15849521.7681,  12149592.5926,  19426231.1413,  -3910.5256,    249.8876,   2096.9370
 4575, -15853432.1477,  12149842.3683,  19428327.8993,  -3910.2335,    249.6637,   2096.5790
 4576, -15857342.2351,  12150091.9201,  19430424.2993,  -3909.9414,    249.4399,   2096.2211
 4577, -15861252.0305,  12150341.2481,  19432520.3414,  -3909.6494,    249.2162,   2095.8633
 4578, -15865161.5339,  12150590.3525,  19434616.0258,  -3909.3574,    248.9926,   2095.5056
 4579, -15869070.7453,  12150839.2333,  19436711.3526,  -3909.0655,    248.7690,   2095.1480
 4580, -15872979.6648,  12151087.8906,  19438806.3218,  -3908.7736,    248.5455,   2094.7905
 4581, -15876888.2925,  12151336.3244,  19440900.9336,  -3908.4818,    248.3222,   2094.4331
 4582, -15880796.6284,  12151584.5349,  19442995.1881,  -3908.1900,    248.0989,   2094.0759
 4583, -15884704.6725,  12151832.5221,  19445089.0854,  -3907.8982,    247.8757,   2093.7187
 4584, -15888612.4248,  12152080.2862,  19447182.6256,  -3907.6065,    247.6525,   2093.3617
 4585, -15892519.8855,  12152327.8272,  19449275.8088,  -3907.3149,    247.4295,   2093.0047
 4586, -15896427.0546,  12152575.1453,  19451368.6351,  -3907.0233,    247.2066,   2092.6479
 4587, -15900333.9321,  12152822.2404,  19453461.1046,  -3906.7317,    246.9837,   2092.2912
 4588, -15904240.5181,  12153069.1127,  19455553.2174,  -3906.4402,    246.7609,   2091.9345
 4589, -15908146.8126,  12153315.7622,  19457644.9737,  -3906.1488,    246.5382,   2091.5780
 4590, -15912052.8157,  12153562.1891,  19459736.3735,  -3905.8574,    246.3156,   2091.2216
 4591, -15915958.5273,  12153808.3935,  19461827.4170,  -3905.5660,    246.0931,   2090.8653
 4592, -15919863.9477,  12154054.3754,  19463918.1042,  -3905.2747,    245.8707,   2090.5091
 4593, -15923769.0767,  12154300.1349,  19466008.4353,  -3904.9834,    245.6483,   2090.1530
 4594, -15927673.9145,  12154545.6721,  19468098.4103,  -3904.6922,    245.4261,   2089.7971
 4595, -15931578.4611,  12154790.9870,  19470188.0294,  -3904.4010,    245.2039,   2089.4412
 4596, -15935482.7166,  12155036.0799,  19472277.2927,  -3904.1099,    244.9818,   2089.0854
 4597, -15939386.6809,  12155280.9507,  19474366.2003,  -3903.8188,    244.7598,   2088.7298
 4598, -15943290.3542,  12155525.5995,  19476454.7523,  -3903.5278,    244.5379,   2088.3742
 4599, -15947193.7365,  12155770.0265,  19478542.9488,  -3903.2368,    244.3161,   2088.0188
 4600, -15951096.8278,  12156014.2317,  19480630.7899,  -3902.9459,    244.0943,   2087.6634
 4601, -15954999.6282,  12156258.2152,  19482718.2757,  -3902.6550,    243.8727,   2087.3082
 4602, -15958902.1377,  12156501.9770,  19484805.4063,  -3902.3641,    243.6511,   2086.9531
 4603, -15962804.3565,  12156745.5174,  19486892.1818,  -3902.0733,    243.4296,   2086.5980
 4604, -15966706.2844,  12156988.8363,  19488978.6024,  -3901.7826,    243.2082,   2086.2431
 4605, -15970607.9216,  12157231.9338,  19491064.6681,  -3901.4919,    242.9869,   2085.8883
 4606, -15974509.2681,  12157474.8101,  19493150.3791,  -3901.2012,    242.7657,   2085.5336
 4607, -15978410.3240,  12157717.4652,  19495235.7354,  -3900.9106,    242.5445,   2085.1790
 4608, -15982311.0893,  12157959.8991,  19497320.7371,  -3900.6200,    242.3234,   2084.8245
 4609, -15986211.5641,  12158202.1121,  19499405.3844,  -3900.3295,    242.1025,   2084.4701
 4610, -15990111.7484,  12158444.1041,  19501489.6774,  -3900.0390,    241.8816,   2084.1159
 4611, -15994011.6422,  12158685.8753,  19503573.6162,  -3899.7486,    241.6608,   2083.7617
 4612, -15997911.2456,  12158927.4257,  19505657.2008,  -3899.4582,    241.4401,   2083.4076
 4613, -16001810.5587,  12159168.7554,  19507740.4315,  -3899.1679,    241.2194,   2083.0537
 4614, -16005709.5815,  12159409.8646,  19509823.3082,  -3898.8776,    240.9989,   2082.6998
 4615, -16009608.3140,  12159650.7532,  19511905.8311,  -3898.5874,    240.7784,   2082.3460
 4616, -16013506.7563,  12159891.4214,  19513988.0003,  -3898.2972,    240.5580,   2081.9924
 4617, -16017404.9084,  12160131.8693,  19516069.8159,  -3898.0071,    240.3377,   2081.6389
 4618, -16021302.7705,  12160372.0969,  19518151.2781,  -3897.7170,    240.1175,   2081.2854
 4619, -16025200.3424,  12160612.1044,  19520232.3868,  -3897.4269,    239.8974,   2080.9321
 4620, -16029097.6244,  12160851.8917,  19522313.1423,  -3897.1369,    239.6774,   2080.5789
 4621, -16032994.6163,  12161091.4591,  19524393.5446,  -3896.8470,    239.4574,   2080.2258
 4622, -16036891.3183,  12161330.8066,  19526473.5938,  -3896.5571,    239.2375,   2079.8727
 4623, -16040787.7305,  12161569.9342,  19528553.2901,  -3896.2672,    239.0177,   2079.5198
 4624, -16044683.8528,  12161808.8421,  19530632.6335,  -3895.9774,    238.7980,   2079.1670
 4625, -16048579.6853,  12162047.5303,  19532711.6242,  -3895.6876,    238.5784,   2078.8143
 4626, -16052475.2280,  12162285.9990,  19534790.2622,  -3895.3979,    238.3589,   2078.4617
 4627, -16056370.4811,  12162524.2482,  19536868.5477,  -3895.1082,    238.1394,   2078.1092
 4628, -16060265.4445,  12162762.2779,  19538946.4807,  -3894.8186,    237.9201,   2077.7569
 4629, -16064160.1183,  12163000.0884,  19541024.0614,  -3894.5290,    237.7008,   2077.4046
 4630, -16068054.5026,  12163237.6796,  19543101.2899,  -3894.2395,    237.4816,   2077.0524
 4631, -16071948.5974,  12163475.0516,  19545178.1663,  -3893.9500,    237.2625,   2076.7003
 4632, -16075842.4027,  12163712.2046,  19547254.6906,  -3893.6606,    237.0435,   2076.3484
 4633, -16079735.9185,  12163949.1386,  19549330.8631,  -3893.3712,    236.8245,   2075.9965
 4634, -16083629.1450,  12164185.8537,  19551406.6837,  -3893.0818,    236.6057,   2075.6448
 4635, -16087522.0822,  12164422.3500,  19553482.1526,  -3892.7925,    236.3869,   2075.2931
 4636, -16091414.7301,  12164658.6275,  19555557.2700,  -3892.5033,    236.1682,   2074.9416
 4637, -16095307.0888,  12164894.6864,  19557632.0358,  -3892.2141,    235.9496,   2074.5901
 4638, -16099199.1583,  12165130.5267,  19559706.4502,  -3891.9249,    235.7311,   2074.2388
 4639, -16103090.9387,  12165366.1486,  19561780.5134,  -3891.6358,    235.5126,   2073.8875
 4640, -16106982.4299,  12165601.5520,  19563854.2254,  -3891.3467,    235.2943,   2073.5364
 4641, -16110873.6322,  12165836.7371,  19565927.5863,  -3891.0577,    235.0760,   2073.1854
 4642, -16114764.5454,  12166071.7040,  19568000.5962,  -3890.7687,    234.8578,   2072.8345
 4643, -16118655.1697,  12166306.4528,  19570073.2553,  -3890.4798,    234.6397,   2072.4837
 4644, -16122545.5051,  12166540.9835,  19572145.5635,  -3890.1909,    234.4217,   2072.1329
 4645, -16126435.5516,  12166775.2962,  19574217.5212,  -3889.9021,    234.2038,   2071.7823
 4646, -16130325.3093,  12167009.3910,  19576289.1283,  -3889.6133,    233.9859,   2071.4318
 4647, -16134214.7782,  12167243.2680,  19578360.3849,  -3889.3246,    233.7681,   2071.0814
 4648, -16138103.9585,  12167476.9273,  19580431.2912,  -3889.0359,    233.5504,   2070.7311
 4649, -16141992.8500,  12167710.3689,  19582501.8472,  -3888.7472,    233.3328,   2070.3809
 4650, -16145881.4530,  12167943.5930,  19584572.0531,  -3888.4586,    233.1153,   2070.0309
 4651, -16149769.7673,  12168176.5996,  19586641.9089,  -3888.1701,    232.8979,   2069.6809
 4652, -16153657.7932,  12168409.3888,  19588711.4149,  -3887.8816,    232.6805,   2069.3310
 4653, -16157545.5305,  12168641.9607,  19590780.5709,  -3887.5931,    232.4633,   2068.9812
 4654, -16161432.9794,  12168874.3153,  19592849.3773,  -3887.3047,    232.2461,   2068.6315
 4655, -16165320.1400,  12169106.4528,  19594917.8340,  -3887.0163,    232.0290,   2068.2820
 4656, -16169207.0121,  12169338.3733,  19596985.9413,  -3886.7280,    231.8119,   2067.9325
 4657, -16173093.5960,  12169570.0767,  19599053.6991,  -3886.4397,    231.5950,   2067.5831
 4658, -16176979.8916,  12169801.5633,  19601121.1076,  -3886.1515,    231.3781,   2067.2339
 4659, -16180865.8990,  12170032.8330,  19603188.1668,  -3885.8633,    231.1614,   2066.8847
 4660, -16184751.6183,  12170263.8861,  19605254.8770,  -3885.5752,    230.9447,   2066.5357
 4661, -16188637.0494,  12170494.7224,  19607321.2382,  -3885.2871,    230.7281,   2066.1867
 4662, -16192522.1925,  12170725.3422,  19609387.2505,  -3884.9991,    230.5115,   2065.8379
 4663, -16196407.0476,  12170955.7456,  19611452.9139,  -3884.7111,    230.2951,   2065.4891
 4664, -16200291.6147,  12171185.9325,  19613518.2287,  -3884.4231,    230.0787,   2065.1405
 4665, -16204175.8938,  12171415.9031,  19615583.1949,  -3884.1352,    229.8625,   2064.7919
 4666, -16208059.8851,  12171645.6574,  19617647.8126,  -3883.8474,    229.6463,   2064.4435
 4667, -16211943.5886,  12171875.1957,  19619712.0820,  -3883.5595,    229.4302,   2064.0952
 4668, -16215827.0042,  12172104.5178,  19621776.0030,  -3883.2718,    229.2141,   2063.7469
 4669, -16219710.1321,  12172333.6240,  19623839.5759,  -3882.9841,    228.9982,   2063.3988
 4670, -16223592.9723,  12172562.5142,  19625902.8006,  -3882.6964,    228.7823,   2063.0508
 4671, -16227475.5249,  12172791.1886,  19627965.6775,  -3882.4088,    228.5665,   2062.7029
 4672, -16231357.7899,  12173019.6473,  19630028.2064,  -3882.1212,    228.3508,   2062.3550
 4673, -16235239.7673,  12173247.8903,  19632090.3876,  -3881.8336,    228.1352,   2062.0073
 4674, -16239121.4572,  12173475.9178,  19634152.2211,  -3881.5462,    227.9197,   2061.6597
 4675, -16243002.8596,  12173703.7297,  19636213.7070,  -3881.2587,    227.7042,   2061.3122
 4676, -16246883.9746,  12173931.3263,  19638274.8455,  -3880.9713,    227.4889,   2060.9648
 4677, -16250764.8023,  12174158.7075,  19640335.6366,  -3880.6840,    227.2736,   2060.6175
 4678, -16254645.3426,  12174385.8735,  19642396.0805,  -3880.3967,    227.0584,   2060.2703
 4679, -16258525.5956,  12174612.8243,  19644456.1772,  -3880.1094,    226.8432,   2059.9232
 4680, -16262405.5614,  12174839.5600,  19646515.9269,  -3879.8222,    226.6282,   2059.5762
 4681, -16266285.2401,  12175066.0807,  19648575.3296,  -3879.5350,    226.4132,   2059.2293
 4682, -16270164.6315,  12175292.3865,  19650634.3855,  -3879.2479,    226.1984,   2058.8825
 4683, -16274043.7359,  12175518.4774,  19652693.0946,  -3878.9609,    225.9836,   2058.5358
 4684, -16277922.5533,  12175744.3536,  19654751.4571,  -3878.6738,    225.7688,   2058.1892
 4685, -16281801.0836,  12175970.0151,  19656809.4730,  -3878.3868,    225.5542,   2057.8427
 4686, -16285679.3270,  12176195.4621,  19658867.1425,  -3878.0999,    225.3397,   2057.4963
 4687, -16289557.2834,  12176420.6945,  19660924.4657,  -3877.8130,    225.1252,   2057.1500
 4688, -16293434.9530,  12176645.7125,  19662981.4426,  -3877.5262,    224.9108,   2056.8038
 4689, -16297312.3358,  12176870.5161,  19665038.0734,  -3877.2394,    224.6965,   2056.4578
 4690, -16301189.4318,  12177095.1055,  19667094.3582,  -3876.9526,    224.4823,   2056.1118
 4691, -16305066.2411,  12177319.4807,  19669150.2970,  -3876.6659,    224.2681,   2055.7659
 4692, -16308942.7637,  12177543.6417,  19671205.8901,  -3876.3793,    224.0541,   2055.4201
 4693, -16312818.9997,  12177767.5888,  19673261.1373,  -3876.0927,    223.8401,   2055.0745
 4694, -16316694.9491,  12177991.3219,  19675316.0390,  -3875.8061,    223.6262,   2054.7289
 4695, -16320570.6119,  12178214.8411,  19677370.5951,  -3875.5196,    223.4123,   2054.3834
 4696, -16324445.9883,  12178438.1466,  19679424.8058,  -3875.2331,    223.1986,   2054.0380
 4697, -16328321.0782,  12178661.2384,  19681478.6712,  -3874.9467,    222.9849,   2053.6928
 4698, -16332195.8817,  12178884.1165,  19683532.1914,  -3874.6603,    222.7714,   2053.3476
 4699, -16336070.3988,  12179106.7812,  19685585.3665,  -3874.3740,    222.5579,   2053.0025
 4700, -16339944.6296,  12179329.2323,  19687638.1965,  -3874.0877,    222.3445,   2052.6576
 4701, -16343818.5742,  12179551.4701,  19689690.6816,  -3873.8014,    222.1311,   2052.3127
 4702, -16347692.2325,  12179773.4946,  19691742.8219,  -3873.5152,    221.9179,   2051.9679
 4703, -16351565.6047,  12179995.3059,  19693794.6175,  -3873.2291,    221.7047,   2051.6233
 4704, -16355438.6907,  12180216.9040,  19695846.0685,  -3872.9430,    221.4916,   2051.2787
 4705, -16359311.4907,  12180438.2891,  19697897.1750,  -3872.6569,    221.2786,   2050.9343
 4706, -16363184.0046,  12180659.4613,  19699947.9371,  -3872.3709,    221.0657,   2050.5899
 4707, -16367056.2325,  12180880.4205,  19701998.3548,  -3872.0849,    220.8528,   2050.2456
 4708, -16370928.1745,  12181101.1669,  19704048.4284,  -3871.7990,    220.6401,   2049.9015
 4709, -16374799.8306,  12181321.7006,  19706098.1578,  -3871.5132,    220.4274,   2049.5574
 4710, -16378671.2008,  12181542.0217,  19708147.5432,  -3871.2273,    220.2148,   2049.2135
 4711, -16382542.2853,  12181762.1302,  19710196.5848,  -3870.9415,    220.0022,   2048.8696
 4712, -16386413.0839,  12181982.0262,  19712245.2825,  -3870.6558,    219.7898,   2048.5259
 4713, -16390283.5969,  12182201.7098,  19714293.6365,  -3870.3701,    219.5774,   2048.1822
 4714, -16394153.8241,  12182421.1810,  19716341.6469,  -3870.0845,    219.3651,   2047.8386
 4715, -16398023.7658,  12182640.4401,  19718389.3138,  -3869.7989,    219.1529,   2047.4952
 4716, -16401893.4219,  12182859.4869,  19720436.6373,  -3869.5133,    218.9408,   2047.1518
 4717, -16405762.7924,  12183078.3217,  19722483.6175,  -3869.2278,    218.7288,   2046.8086
 4718, -16409631.8775,  12183296.9445,  19724530.2545,  -3868.9423,    218.5168,   2046.4654
 4719, -16413500.6771,  12183515.3553,  19726576.5484,  -3868.6569,    218.3049,   2046.1224
 4720, -16417369.1913,  12183733.5543,  19728622.4993,  -3868.3715,    218.0931,   2045.7794
 4721, -16421237.4202,  12183951.5415,  19730668.1073,  -3868.0862,    217.8814,   2045.4366
 4722, -16425105.3638,  12184169.3171,  19732713.3725,  -3867.8009,    217.6697,   2045.0938
 4723, -16428973.0221,  12184386.8810,  19734758.2950,  -3867.5157,    217.4582,   2044.7512
 4724, -16432840.3952,  12184604.2335,  19736802.8749,  -3867.2305,    217.2467,   2044.4086
 4725, -16436707.4832,  12184821.3744,  19738847.1123,  -3866.9454,    217.0353,   2044.0662
 4726, -16440574.2860,  12185038.3040,  19740891.0073,  -3866.6603,    216.8240,   2043.7238
 4727, -16444440.8037,  12185255.0224,  19742934.5600,  -3866.3752,    216.6127,   2043.3816
 4728, -16448307.0364,  12185471.5295,  19744977.7705,  -3866.0902,    216.4015,   2043.0394
 4729, -16452172.9842,  12185687.8255,  19747020.6389,  -3865.8053,    216.1905,   2042.6974
 4730, -16456038.6470,  12185903.9104,  19749063.1652,  -3865.5203,    215.9795,   2042.3554
 4731, -16459904.0249,  12186119.7844,  19751105.3497,  -3865.2355,    215.7685,   2042.0136
 4732, -16463769.1179,  12186335.4475,  19753147.1924,  -3864.9506,    215.5577,   2041.6718
 4733, -16467633.9262,  12186550.8998,  19755188.6934,  -3864.6659,    215.3469,   2041.3302
 4734, -16471498.4497,  12186766.1414,  19757229.8528,  -3864.3811,    215.1362,   2040.9886
 4735, -16475362.6885,  12186981.1723,  19759270.6706,  -3864.0965,    214.9256,   2040.6472
 4736, -16479226.6426,  12187195.9927,  19761311.1471,  -3863.8118,    214.7151,   2040.3058
 4737, -16483090.3121,  12187410.6025,  19763351.2823,  -3863.5272,    214.5046,   2039.9645
 4738, -16486953.6970,  12187625.0020,  19765391.0762,  -3863.2427,    214.2943,   2039.6234
 4739, -16490816.7975,  12187839.1911,  19767430.5291,  -3862.9582,    214.0840,   2039.2823
 4740, -16494679.6134,  12188053.1699,  19769469.6409,  -3862.6737,    213.8738,   2038.9414
 4741, -16498542.1449,  12188266.9386,  19771508.4119,  -3862.3893,    213.6636,   2038.6005
 4742, -16502404.3920,  12188480.4972,  19773546.8420,  -3862.1049,    213.4536,   2038.2598
 4743, -16506266.3547,  12188693.8458,  19775584.9314,  -3861.8206,    213.2436,   2037.9191
 4744, -16510128.0332,  12188906.9845,  19777622.6802,  -3861.5363,    213.0337,   2037.5785
 4745, -16513989.4274,  12189119.9133,  19779660.0885,  -3861.2521,    212.8239,   2037.2381
 4746, -16517850.5374,  12189332.6323,  19781697.1564,  -3860.9679,    212.6142,   2036.8977
 4747, -16521711.3632,  12189545.1416,  19783733.8840,  -3860.6838,    212.4045,   2036.5575
 4748, -16525571.9049,  12189757.4413,  19785770.2714,  -3860.3997,    212.1949,   2036.2173
 4749, -16529432.1625,  12189969.5315,  19787806.3186,  -3860.1156,    211.9854,   2035.8772
 4750, -16533292.1362,  12190181.4122,  19789842.0258,  -3859.8316,    211.7760,   2035.5373
 4751, -16537151.8258,  12190393.0835,  19791877.3932,  -3859.5477,    211.5667,   2035.1974
 4752, -16541011.2315,  12190604.5455,  19793912.4207,  -3859.2637,    211.3574,   2034.8576
 4753, -16544870.3533,  12190815.7983,  19795947.1084,  -3858.9799,    211.1482,   2034.5180
 4754, -16548729.1912,  12191026.8419,  19797981.4566,  -3858.6960,    210.9391,   2034.1784
 4755, -16552587.7454,  12191237.6765,  19800015.4652,  -3858.4123,    210.7301,   2033.8389
 4756, -16556446.0158,  12191448.3021,  19802049.1344,  -3858.1285,    210.5211,   2033.4995
 4757, -16560304.0025,  12191658.7187,  19804082.4643,  -3857.8449,    210.3122,   2033.1603
 4758, -16564161.7055,  12191868.9266,  19806115.4550,  -3857.5612,    210.1034,   2032.8211
 4759, -16568019.1249,  12192078.9257,  19808148.1065,  -3857.2776,    209.8947,   2032.4820
 4760, -16571876.2608,  12192288.7161,  19810180.4190,  -3856.9941,    209.6861,   2032.1430
 4761, -16575733.1131,  12192498.2979,  19812212.3926,  -3856.7106,    209.4775,   2031.8041
 4762, -16579589.6819,  12192707.6712,  19814244.0273,  -3856.4271,    209.2691,   2031.4653
 4763, -16583445.9673,  12192916.8360,  19816275.3233,  -3856.1437,    209.0607,   2031.1267
 4764, -16587301.9693,  12193125.7925,  19818306.2807,  -3855.8603,    208.8523,   2030.7881
 4765, -16591157.6879,  12193334.5407,  19820336.8995,  -3855.5770,    208.6441,   2030.4496
 4766, -16595013.1233,  12193543.0807,  19822367.1799,  -3855.2937,    208.4359,   2030.1112
 4767, -16598868.2754,  12193751.4126,  19824397.1219,  -3855.0105,    208.2278,   2029.7729
 4768, -16602723.1442,  12193959.5364,  19826426.7257,  -3854.7273,    208.0198,   2029.4347
 4769, -16606577.7300,  12194167.4522,  19828455.9913,  -3854.4441,    207.8119,   2029.0966
 4770, -16610432.0325,  12194375.1602,  19830484.9189,  -3854.1610,    207.6040,   2028.7586
 4771, -16614286.0521,  12194582.6603,  19832513.5086,  -3853.8780,    207.3962,   2028.4207
 4772, -16618139.7886,  12194789.9527,  19834541.7603,  -3853.5950,    207.1885,   2028.0829
 4773, -16621993.2421,  12194997.0374,  19836569.6744,  -3853.3120,    206.9809,   2027.7452
 4774, -16625846.4126,  12195203.9146,  19838597.2507,  -3853.0291,    206.7734,   2027.4076
 4775, -16629699.3003,  12195410.5842,  19840624.4895,  -3852.7462,    206.5659,   2027.0701
 4776, -16633551.9051,  12195617.0464,  19842651.3909,  -3852.4634,    206.3585,   2026.7326
 4777, -16637404.2271,  12195823.3013,  19844677.9549,  -3852.1806,    206.1512,   2026.3953
 4778, -16641256.2664,  12196029.3489,  19846704.1816,  -3851.8979,    205.9440,   2026.0581
 4779, -16645108.0229,  12196235.1893,  19848730.0711,  -3851.6152,    205.7368,   2025.7210
 4780, -16648959.4968,  12196440.8225,  19850755.6236,  -3851.3326,    205.5297,   2025.3840
 4781, -16652810.6880,  12196646.2488,  19852780.8391,  -3851.0499,    205.3227,   2025.0470
 4782, -16656661.5967,  12196851.4681,  19854805.7177,  -3850.7674,    205.1158,   2024.7102
 4783, -16660512.2228,  12197056.4804,  19856830.2595,  -3850.4849,    204.9090,   2024.3735
 4784, -16664362.5665,  12197261.2860,  19858854.4647,  -3850.2024,    204.7022,   2024.0368
 4785, -16668212.6277,  12197465.8849,  19860878.3332,  -3849.9200,    204.4955,   2023.7003
 4786, -16672062.4065,  12197670.2771,  19862901.8653,  -3849.6376,    204.2889,   2023.3639
 4787, -16675911.9029,  12197874.4627,  19864925.0610,  -3849.3553,    204.0824,   2023.0275
 4788, -16679761.1171,  12198078.4418,  19866947.9204,  -3849.0730,    203.8759,   2022.6913
 4789, -16683610.0489,  12198282.2145,  19868970.4436,  -3848.7908,    203.6695,   2022.3551
 4790, -16687458.6986,  12198485.7808,  19870992.6306,  -3848.5086,    203.4632,   2022.0191
 4791, -16691307.0661,  12198689.1409,  19873014.4817,  -3848.2264,    203.2570,   2021.6831
 4792, -16695155.1514,  12198892.2948,  19875035.9969,  -3847.9443,    203.0508,   2021.3472
 4793, -16699002.9547,  12199095.2426,  19877057.1762,  -3847.6622,    202.8447,   2021.0115
 4794, -16702850.4759,  12199297.9843,  19879078.0199,  -3847.3802,    202.6387,   2020.6758
 4795, -16706697.7152,  12199500.5201,  19881098.5279,  -3847.0983,    202.4328,   2020.3402
 4796, -16710544.6724,  12199702.8500,  19883118.7004,  -3846.8163,    202.2270,   2020.0048
 4797, -16714391.3478,  12199904.9741,  19885138.5375,  -3846.5344,    202.0212,   2019.6694
 4798, -16718237.7414,  12200106.8924,  19887158.0392,  -3846.2526,    201.8155,   2019.3341
 4799, -16722083.8531,  12200308.6051,  19889177.2057,  -3845.9708,    201.6099,   2018.9989
 4800, -16725929.6830,  12200510.1123,  19891196.0371,  -3845.6891,    201.4044,   2018.6638
 4801, -16729775.2312,  12200711.4139,  19893214.5334,  -3845.4074,    201.1989,   2018.3289
 4802, -16733620.4978,  12200912.5101,  19895232.6948,  -3845.1257,    200.9935,   2017.9940
 4803, -16737465.4827,  12201113.4009,  19897250.5214,  -3844.8441,    200.7882,   2017.6592
 4804, -16741310.1860,  12201314.0865,  19899268.0132,  -3844.5625,    200.5830,   2017.3245
 4805, -16745154.6077,  12201514.5669,  19901285.1703,  -3844.2810,    200.3778,   2016.9899
 4806, -16748998.7480,  12201714.8422,  19903301.9929,  -3843.9995,    200.1727,   2016.6553
 4807, -16752842.6068,  12201914.9124,  19905318.4811,  -3843.7181,    199.9677,   2016.3209
 4808, -16756686.1842,  12202114.7777,  19907334.6348,  -3843.4367,    199.7628,   2015.9866
 4809, -16760529.4802,  12202314.4381,  19909350.4543,  -3843.1554,    199.5580,   2015.6524
 4810, -16764372.4950,  12202513.8936,  19911365.9396,  -3842.8741,    199.3532,   2015.3183
 4811, -16768215.2284,  12202713.1444,  19913381.0909,  -3842.5928,    199.1485,   2014.9842
 4812, -16772057.6806,  12202912.1906,  19915395.9081,  -3842.3116,    198.9439,   2014.6503
 4813, -16775899.8516,  12203111.0322,  19917410.3915,  -3842.0304,    198.7393,   2014.3165
 4814, -16779741.7415,  12203309.6693,  19919424.5411,  -3841.7493,    198.5348,   2013.9827
 4815, -16783583.3503,  12203508.1019,  19921438.3570,  -3841.4682,    198.3305,   2013.6491
 4816, -16787424.6780,  12203706.3302,  19923451.8393,  -3841.1872,    198.1261,   2013.3155
 4817, -16791265.7247,  12203904.3542,  19925464.9881,  -3840.9062,    197.9219,   2012.9821
 4818, -16795106.4905,  12204102.1740,  19927477.8035,  -3840.6253,    197.7177,   2012.6487
 4819, -16798946.9753,  12204299.7897,  19929490.2855,  -3840.3444,    197.5136,   2012.3154
 4820, -16802787.1793,  12204497.2013,  19931502.4344,  -3840.0635,    197.3096,   2011.9823
 4821, -16806627.1024,  12204694.4089,  19933514.2501,  -3839.7827,    197.1057,   2011.6492
 4822, -16810466.7447,  12204891.4127,  19935525.7328,  -3839.5020,    196.9018,   2011.3162
 4823, -16814306.1063,  12205088.2126,  19937536.8826,  -3839.2213,    196.6980,   2010.9833
 4824, -16818145.1873,  12205284.8088,  19939547.6996,  -3838.9406,    196.4943,   2010.6506
 4825, -16821983.9875,  12205481.2013,  19941558.1838,  -3838.6600,    196.2907,   2010.3179
 4826, -16825822.5072,  12205677.3902,  19943568.3353,  -3838.3794,    196.0871,   2009.9853
 4827, -16829660.7463,  12205873.3755,  19945578.1544,  -3838.0988,    195.8836,   2009.6528
 4828, -16833498.7048,  12206069.1574,  19947587.6409,  -3837.8183,    195.6802,   2009.3204
 4829, -16837336.3829,  12206264.7360,  19949596.7951,  -3837.5379,    195.4769,   2008.9881
 4830, -16841173.7806,  12206460.1112,  19951605.6171,  -3837.2575,    195.2736,   2008.6558
 4831, -16845010.8979,  12206655.2833,  19953614.1069,  -3836.9771,    195.0704,   2008.3237
 4832, -16848847.7349,  12206850.2522,  19955622.2646,  -3836.6968,    194.8673,   2007.9917
 4833, -16852684.2915,  12207045.0180,  19957630.0903,  -3836.4165,    194.6643,   2007.6598
 4834, -16856520.5679,  12207239.5808,  19959637.5841,  -3836.1363,    194.4613,   2007.3279
 4835, -16860356.5641,  12207433.9407,  19961644.7462,  -3835.8561,    194.2585,   2006.9962
 4836, -16864192.2802,  12207628.0978,  19963651.5765,  -3835.5760,    194.0557,   2006.6645
 4837, -16868027.7161,  12207822.0520,  19965658.0753,  -3835.2959,    193.8529,   2006.3330
 4838, -16871862.8720,  12208015.8036,  19967664.2426,  -3835.0158,    193.6503,   2006.0015
 4839, -16875697.7478,  12208209.3526,  19969670.0784,  -3834.7358,    193.4477,   2005.6702
 4840, -16879532.3436,  12208402.6990,  19971675.5829,  -3834.4559,    193.2452,   2005.3389
 4841, -16883366.6596,  12208595.8430,  19973680.7562,  -3834.1760,    193.0427,   2005.0077
 4842, -16887200.6956,  12208788.7845,  19975685.5984,  -3833.8961,    192.8404,   2004.6767
 4843, -16891034.4517,  12208981.5238,  19977690.1096,  -3833.6163,    192.6381,   2004.3457
 4844, -16894867.9281,  12209174.0608,  19979694.2898,  -3833.3365,    192.4359,   2004.0148
 4845, -16898701.1247,  12209366.3956,  19981698.1392,  -3833.0567,    192.2338,   2003.6840
 4846, -16902534.0416,  12209558.5283,  19983701.6578,  -3832.7770,    192.0317,   2003.3533
 4847, -16906366.6788,  12209750.4590,  19985704.8458,  -3832.4974,    191.8297,   2003.0227
 4848, -16910199.0364,  12209942.1878,  19987707.7032,  -3832.2178,    191.6278,   2002.6922
 4849, -16914031.1144,  12210133.7147,  19989710.2302,  -3831.9382,    191.4260,   2002.3618
 4850, -16917862.9128,  12210325.0397,  19991712.4268,  -3831.6587,    191.2242,   2002.0314
 4851, -16921694.4318,  12210516.1631,  19993714.2931,  -3831.3792,    191.0225,   2001.7012
 4852, -16925525.6713,  12210707.0848,  19995715.8292,  -3831.0998,    190.8209,   2001.3711
 4853, -16929356.6314,  12210897.8050,  19997717.0352,  -3830.8204,    190.6194,   2001.0410
 4854, -16933187.3122,  12211088.3236,  19999717.9113,  -3830.5411,    190.4179,   2000.7111
 4855, -16937017.7136,  12211278.6408,  20001718.4574,  -3830.2618,    190.2165,   2000.3812
 4856, -16940847.8358,  12211468.7567,  20003718.6737,  -3829.9825,    190.0152,   2000.0515
 4857, -16944677.6787,  12211658.6713,  20005718.5604,  -3829.7033,    189.8140,   1999.7218
 4858, -16948507.2424,  12211848.3847,  20007718.1174,  -3829.4242,    189.6128,   1999.3922
 4859, -16952336.5270,  12212037.8970,  20009717.3448,  -3829.1450,    189.4117,   1999.0627
 4860, -16956165.5325,  12212227.2082,  20011716.2429,  -3828.8660,    189.2107,   1998.7334
 4861, -16959994.2590,  12212416.3184,  20013714.8116,  -3828.5869,    189.0098,   1998.4041
 4862, -16963822.7064,  12212605.2277,  20015713.0511,  -3828.3080,    188.8089,   1998.0749
 4863, -16967650.8749,  12212793.9362,  20017710.9614,  -3828.0290,    188.6081,   1997.7458
 4864, -16971478.7645,  12212982.4439,  20019708.5426,  -3827.7501,    188.4074,   1997.4168
 4865, -16975306.3752,  12213170.7510,  20021705.7949,  -3827.4713,    188.2067,   1997.0878
 4866, -16979133.7070,  12213358.8574,  20023702.7183,  -3827.1925,    188.0062,   1996.7590
 4867, -16982960.7601,  12213546.7633,  20025699.3130,  -3826.9137,    187.8057,   1996.4303
 4868, -16986787.5345,  12213734.4688,  20027695.5789,  -3826.6350,    187.6052,   1996.1017
 4869, -16990614.0301,  12213921.9738,  20029691.5163,  -3826.3563,    187.4049,   1995.7731
 4870, -16994440.2471,  12214109.2786,  20031687.1252,  -3826.0777,    187.2046,   1995.4447
 4871, -16998266.1854,  12214296.3831,  20033682.4057,  -3825.7991,    187.0044,   1995.1163
 4872, -17002091.8452,  12214483.2874,  20035677.3578,  -3825.5205,    186.8043,   1994.7880
 4873, -17005917.2265,  12214669.9917,  20037671.9818,  -3825.2420,    186.6042,   1994.4599
 4874, -17009742.3293,  12214856.4959,  20039666.2776,  -3824.9636,    186.4042,   1994.1318
 4875, -17013567.1537,  12215042.8002,  20041660.2454,  -3824.6852,    186.2043,   1993.8038
 4876, -17017391.6997,  12215228.9046,  20043653.8853,  -3824.4068,    186.0045,   1993.4759
 4877, -17021215.9673,  12215414.8092,  20045647.1973,  -3824.1285,    185.8047,   1993.1481
 4878, -17025039.9566,  12215600.5140,  20047640.1815,  -3823.8502,    185.6050,   1992.8204
 4879, -17028863.6677,  12215786.0193,  20049632.8381,  -3823.5720,    185.4054,   1992.4928
 4880, -17032687.1006,  12215971.3249,  20051625.1672,  -3823.2938,    185.2059,   1992.1653
 4881, -17036510.2553,  12216156.4311,  20053617.1687,  -3823.0156,    185.0064,   1991.8379
 4882, -17040333.1318,  12216341.3378,  20055608.8429,  -3822.7375,    184.8070,   1991.5105
 4883, -17044155.7303,  12216526.0451,  20057600.1898,  -3822.4595,    184.6077,   1991.1833
 4884, -17047978.0508,  12216710.5532,  20059591.2095,  -3822.1814,    184.4085,   1990.8561
 4885, -17051800.0932,  12216894.8621,  20061581.9021,  -3821.9035,    184.2093,   1990.5291
 4886, -17055621.8577,  12217078.9718,  20063572.2677,  -3821.6255,    184.0102,   1990.2021
 4887, -17059443.3443,  12217262.8824,  20065562.3063,  -3821.3477,    183.8111,   1989.8752
 4888, -17063264.5531,  12217446.5941,  20067552.0182,  -3821.0698,    183.6122,   1989.5485
 4889, -17067085.4840,  12217630.1068,  20069541.4033,  -3820.7920,    183.4133,   1989.2218
 4890, -17070906.1371,  12217813.4207,  20071530.4618,  -3820.5143,    183.2145,   1988.8952
 4891, -17074726.5126,  12217996.5358,  20073519.1937,  -3820.2366,    183.0158,   1988.5687
 4892, -17078546.6103,  12218179.4522,  20075507.5991,  -3819.9589,    182.8171,   1988.2423
 4893, -17082366.4304,  12218362.1700,  20077495.6782,  -3819.6813,    182.6185,   1987.9160
 4894, -17086185.9729,  12218544.6893,  20079483.4311,  -3819.4037,    182.4200,   1987.5897
 4895, -17090005.2378,  12218727.0100,  20081470.8577,  -3819.1262,    182.2215,   1987.2636
 4896, -17093824.2252,  12218909.1324,  20083457.9583,  -3818.8487,    182.0232,   1986.9376
 4897, -17097642.9352,  12219091.0564,  20085444.7329,  -3818.5712,    181.8249,   1986.6116
 4898, -17101461.3677,  12219272.7821,  20087431.1815,  -3818.2938,    181.6266,   1986.2858
 4899, -17105279.5229,  12219454.3096,  20089417.3044,  -3818.0165,    181.4285,   1985.9600
 4900, -17109097.4007,  12219635.6391,  20091403.1016,  -3817.7392,    181.2304,   1985.6343
 4901, -17112915.0012,  12219816.7705,  20093388.5731,  -3817.4619,    181.0324,   1985.3087
 4902, -17116732.3245,  12219997.7039,  20095373.7191,  -3817.1847,    180.8344,   1984.9832
 4903, -17120549.3706,  12220178.4394,  20097358.5396,  -3816.9075,    180.6366,   1984.6578
 4904, -17124366.1395,  12220358.9770,  20099343.0348,  -3816.6304,    180.4388,   1984.3325
 4905, -17128182.6313,  12220539.3170,  20101327.2047,  -3816.3533,    180.2411,   1984.0073
 4906, -17131998.8461,  12220719.4592,  20103311.0495,  -3816.0762,    180.0434,   1983.6822
 4907, -17135814.7838,  12220899.4038,  20105294.5692,  -3815.7992,    179.8458,   1983.3572
 4908, -17139630.4445,  12221079.1509,  20107277.7639,  -3815.5222,    179.6483,   1983.0322
 4909, -17143445.8283,  12221258.7005,  20109260.6337,  -3815.2453,    179.4509,   1982.7074
 4910, -17147260.9351,  12221438.0527,  20111243.1787,  -3814.9684,    179.2535,   1982.3826
 4911, -17151075.7652,  12221617.2076,  20113225.3990,  -3814.6916,    179.0563,   1982.0580
 4912, -17154890.3184,  12221796.1653,  20115207.2947,  -3814.4148,    178.8590,   1981.7334
 4913, -17158704.5948,  12221974.9257,  20117188.8658,  -3814.1381,    178.6619,   1981.4089
 4914, -17162518.5945,  12222153.4891,  20119170.1125,  -3813.8614,    178.4648,   1981.0845
 4915, -17166332.3176,  12222331.8554,  20121151.0349,  -3813.5847,    178.2678,   1980.7602
 4916, -17170145.7640,  12222510.0248,  20123131.6330,  -3813.3081,    178.0709,   1980.4360
 4917, -17173958.9338,  12222687.9973,  20125111.9070,  -3813.0315,    177.8740,   1980.1119
 4918, -17177771.8271,  12222865.7729,  20127091.8569,  -3812.7550,    177.6773,   1979.7879
 4919, -17181584.4438,  12223043.3518,  20129071.4828,  -3812.4785,    177.4806,   1979.4640
 4920, -17185396.7842,  12223220.7340,  20131050.7848,  -3812.2021,    177.2839,   1979.1401
 4921, -17189208.8480,  12223397.9197,  20133029.7631,  -3811.9257,    177.0873,   1978.8164
 4922, -17193020.6355,  12223574.9088,  20135008.4176,  -3811.6493,    176.8908,   1978.4927
 4923, -17196832.1467,  12223751.7014,  20136986.7485,  -3811.3730,    176.6944,   1978.1691
 4924, -17200643.3816,  12223928.2976,  20138964.7559,  -3811.0968,    176.4981,   1977.8457
 4925, -17204454.3403,  12224104.6976,  20140942.4398,  -3810.8205,    176.3018,   1977.5223
 4926, -17208265.0227,  12224280.9012,  20142919.8004,  -3810.5444,    176.1056,   1977.1990
 4927, -17212075.4290,  12224456.9087,  20144896.8378,  -3810.2682,    175.9094,   1976.8758
 4928, -17215885.5592,  12224632.7201,  20146873.5520,  -3809.9921,    175.7134,   1976.5526
 4929, -17219695.4133,  12224808.3355,  20148849.9431,  -3809.7161,    175.5174,   1976.2296
 4930, -17223504.9914,  12224983.7549,  20150826.0113,  -3809.4401,    175.3215,   1975.9067
 4931, -17227314.2935,  12225158.9785,  20152801.7565,  -3809.1641,    175.1256,   1975.5838
 4932, -17231123.3197,  12225334.0062,  20154777.1790,  -3808.8882,    174.9298,   1975.2611
 4933, -17234932.0699,  12225508.8381,  20156752.2787,  -3808.6123,    174.7341,   1974.9384
 4934, -17238740.5443,  12225683.4744,  20158727.0559,  -3808.3365,    174.5385,   1974.6159
 4935, -17242548.7430,  12225857.9151,  20160701.5105,  -3808.0607,    174.3429,   1974.2934
 4936, -17246356.6658,  12226032.1603,  20162675.6426,  -3807.7850,    174.1474,   1973.9710
 4937, -17250164.3129,  12226206.2100,  20164649.4525,  -3807.5093,    173.9520,   1973.6487
 4938, -17253971.6844,  12226380.0643,  20166622.9400,  -3807.2336,    173.7566,   1973.3265
 4939, -17257778.7802,  12226553.7232,  20168596.1055,  -3806.9580,    173.5614,   1973.0044
 4940, -17261585.6004,  12226727.1870,  20170568.9488,  -3806.6824,    173.3661,   1972.6823
 4941, -17265392.1451,  12226900.4555,  20172541.4701,  -3806.4069,    173.1710,   1972.3604
 4942, -17269198.4142,  12227073.5290,  20174513.6696,  -3806.1314,    172.9759,   1972.0385
 4943, -17273004.4079,  12227246.4074,  20176485.5472,  -3805.8560,    172.7809,   1971.7168
 4944, -17276810.1262,  12227419.0909,  20178457.1032,  -3805.5806,    172.5860,   1971.3951
 4945, -17280615.5691,  12227591.5795,  20180428.3375,  -3805.3052,    172.3911,   1971.0735
 4946, -17284420.7367,  12227763.8732,  20182399.2503,  -3805.0299,    172.1964,   1970.7520
 4947, -17288225.6290,  12227935.9722,  20184369.8416,  -3804.7547,    172.0016,   1970.4306
 4948, -17292030.2460,  12228107.8765,  20186340.1116,  -3804.4794,    171.8070,   1970.1093
 4949, -17295834.5879,  12228279.5862,  20188310.0603,  -3804.2043,    171.6124,   1969.7881
 4950, -17299638.6546,  12228451.1014,  20190279.6878,  -3803.9291,    171.4179,   1969.4670
 4951, -17303442.4461,  12228622.4221,  20192248.9943,  -3803.6540,    171.2235,   1969.1459
 4952, -17307245.9626,  12228793.5484,  20194217.9798,  -3803.3790,    171.0291,   1968.8250
 4953, -17311049.2041,  12228964.4803,  20196186.6443,  -3803.1040,    170.8348,   1968.5041
 4954, -17314852.1706,  12229135.2181,  20198154.9881,  -3802.8290,    170.6406,   1968.1834
 4955, -17318654.8621,  12229305.7616,  20200123.0111,  -3802.5541,    170.4465,   1967.8627
 4956, -17322457.2788,  12229476.1110,  20202090.7135,  -3802.2792,    170.2524,   1967.5421
 4957, -17326259.4206,  12229646.2664,  20204058.0953,  -3802.0044,    170.0584,   1967.2216
 4958, -17330061.2875,  12229816.2278,  20206025.1567,  -3801.7296,    169.8644,   1966.9012
 4959, -17333862.8798,  12229985.9953,  20207991.8977,  -3801.4548,    169.6706,   1966.5809
 4960, -17337664.1972,  12230155.5689,  20209958.3184,  -3801.1801,    169.4768,   1966.2606
 4961, -17341465.2400,  12230324.9488,  20211924.4189,  -3800.9055,    169.2830,   1965.9405
 4962, -17345266.0082,  12230494.1350,  20213890.1994,  -3800.6309,    169.0894,   1965.6204
 4963, -17349066.5018,  12230663.1276,  20215855.6598,  -3800.3563,    168.8958,   1965.3005
 4964, -17352866.7208,  12230831.9266,  20217820.8003,  -3800.0817,    168.7023,   1964.9806
 4965, -17356666.6653,  12231000.5321,  20219785.6210,  -3799.8073,    168.5088,   1964.6608
 4966, -17360466.3353,  12231168.9443,  20221750.1219,  -3799.5328,    168.3154,   1964.3411
 4967, -17364265.7309,  12231337.1630,  20223714.3032,  -3799.2584,    168.1221,   1964.0215
 4968, -17368064.8521,  12231505.1885,  20225678.1649,  -3798.9840,    167.9289,   1963.7020
 4969, -17371863.6990,  12231673.0209,  20227641.7072,  -3798.7097,    167.7357,   1963.3825
 4970, -17375662.2716,  12231840.6600,  20229604.9300,  -3798.4355,    167.5426,   1963.0632
 4971, -17379460.5699,  12232008.1061,  20231567.8336,  -3798.1612,    167.3496,   1962.7439
 4972, -17383258.5941,  12232175.3592,  20233530.4179,  -3797.8870,    167.1566,   1962.4248
 4973, -17387056.3440,  12232342.4194,  20235492.6831,  -3797.6129,    166.9638,   1962.1057
 4974, -17390853.8199,  12232509.2868,  20237454.6293,  -3797.3388,    166.7709,   1961.7867
 4975, -17394651.0217,  12232675.9613,  20239416.2566,  -3797.0647,    166.5782,   1961.4678
 4976, -17398447.9494,  12232842.4432,  20241377.5650,  -3796.7907,    166.3855,   1961.1490
 4977, -17402244.6031,  12233008.7324,  20243338.5546,  -3796.5168,    166.1929,   1960.8303
 4978, -17406040.9829,  12233174.8290,  20245299.2256,  -3796.2428,    166.0004,   1960.5117
 4979, -17409837.0888,  12233340.7331,  20247259.5780,  -3795.9689,    165.8079,   1960.1931
 4980, -17413632.9208,  12233506.4448,  20249219.6118,  -3795.6951,    165.6155,   1959.8747
 4981, -17417428.4790,  12233671.9641,  20251179.3273,  -3795.4213,    165.4231,   1959.5563
 4982, -17421223.7634,  12233837.2911,  20253138.7244,  -3795.1475,    165.2309,   1959.2380
 4983, -17425018.7740,  12234002.4259,  20255097.8033,  -3794.8738,    165.0387,   1958.9198
 4984, -17428813.5110,  12234167.3685,  20257056.5641,  -3794.6001,    164.8466,   1958.6017
 4985, -17432607.9744,  12234332.1190,  20259015.0068,  -3794.3265,    164.6545,   1958.2837
 4986, -17436402.1641,  12234496.6775,  20260973.1316,  -3794.0529,    164.4625,   1957.9658
 4987, -17440196.0802,  12234661.0441,  20262930.9384,  -3793.7794,    164.2706,   1957.6479
 4988, -17443989.7229,  12234825.2188,  20264888.4275,  -3793.5059,    164.0788,   1957.3302
 4989, -17447783.0920,  12234989.2017,  20266845.5988,  -3793.2324,    163.8870,   1957.0125
 4990, -17451576.1878,  12235152.9928,  20268802.4526,  -3792.9590,    163.6953,   1956.6950
 4991, -17455369.0101,  12235316.5923,  20270758.9888,  -3792.6856,    163.5036,   1956.3775
 4992, -17459161.5591,  12235480.0001,  20272715.2076,  -3792.4123,    163.3121,   1956.0601
 4993, -17462953.8347,  12235643.2164,  20274671.1090,  -3792.1390,    163.1206,   1955.7428
 4994, -17466745.8371,  12235806.2413,  20276626.6932,  -3791.8658,    162.9291,   1955.4256
 4995, -17470537.5663,  12235969.0747,  20278581.9602,  -3791.5926,    162.7378,   1955.1084
 4996, -17474329.0223,  12236131.7169,  20280536.9101,  -3791.3194,    162.5465,   1954.7914
 4997, -17478120.2052,  12236294.1677,  20282491.5430,  -3791.0463,    162.3553,   1954.4744
 4998, -17481911.1150,  12236456.4274,  20284445.8590,  -3790.7732,    162.1641,   1954.1576
 4999, -17485701.7517,  12236618.4959,  20286399.8582,  -3790.5002,    161.9730,   1953.8408
 5000, -17489492.1154,  12236780.3735,  20288353.5406,  -3790.2272,    161.7820,   1953.5241
 5001, -17493282.2062,  12236942.0600,  20290306.9064,  -3789.9543,    161.5910,   1953.2075
 5002, -17497072.0240,  12237103.5556,  20292259.9556,  -3789.6814,    161.4002,   1952.8910
 5003, -17500861.5689,  12237264.8603,  20294212.6884,  -3789.4085,    161.2094,   1952.5745
 5004, -17504650.8411,  12237425.9743,  20296165.1047,  -3789.1357,    161.0186,   1952.2582
 5005, -17508439.8404,  12237586.8976,  20298117.2048,  -3788.8629,    160.8279,   1951.9420
 5006, -17512228.5669,  12237747.6302,  20300068.9887,  -3788.5902,    160.6373,   1951.6258
 5007, -17516017.0208,  12237908.1722,  20302020.4564,  -3788.3175,    160.4468,   1951.3097
 5008, -17519805.2020,  12238068.5238,  20303971.6081,  -3788.0449,    160.2563,   1950.9937
 5009, -17523593.1106,  12238228.6849,  20305922.4439,  -3787.7723,    160.0659,   1950.6778
 5010, -17527380.7466,  12238388.6557,  20307872.9638,  -3787.4997,    159.8756,   1950.3620
 5011, -17531168.1100,  12238548.4361,  20309823.1679,  -3787.2272,    159.6853,   1950.0463
 5012, -17534955.2010,  12238708.0263,  20311773.0563,  -3786.9547,    159.4951,   1949.7306
 5013, -17538742.0195,  12238867.4264,  20313722.6292,  -3786.6823,    159.3050,   1949.4151
 5014, -17542528.5655,  12239026.6364,  20315671.8865,  -3786.4099,    159.1149,   1949.0996
 5015, -17546314.8393,  12239185.6563,  20317620.8284,  -3786.1376,    158.9250,   1948.7842
 5016, -17550100.8407,  12239344.4863,  20319569.4550,  -3785.8652,    158.7350,   1948.4689
 5017, -17553886.5698,  12239503.1264,  20321517.7663,  -3785.5930,    158.5452,   1948.1537
 5018, -17557672.0267,  12239661.5767,  20323465.7624,  -3785.3208,    158.3554,   1947.8386
 5019, -17561457.2113,  12239819.8372,  20325413.4435,  -3785.0486,    158.1657,   1947.5236
 5020, -17565242.1238,  12239977.9080,  20327360.8096,  -3784.7765,    157.9760,   1947.2086
 5021, -17569026.7643,  12240135.7892,  20329307.8608,  -3784.5044,    157.7864,   1946.8938
 5022, -17572811.1326,  12240293.4809,  20331254.5972,  -3784.2323,    157.5969,   1946.5790
 5023, -17576595.2289,  12240450.9831,  20333201.0188,  -3783.9603,    157.4075,   1946.2643
 5024, -17580379.0532,  12240608.2959,  20335147.1258,  -3783.6883,    157.2181,   1945.9497
 5025, -17584162.6056,  12240765.4193,  20337092.9182,  -3783.4164,    157.0288,   1945.6352
 5026, -17587945.8861,  12240922.3535,  20339038.3962,  -3783.1445,    156.8395,   1945.3208
 5027, -17591728.8947,  12241079.0985,  20340983.5598,  -3782.8727,    156.6504,   1945.0064
 5028, -17595511.6315,  12241235.6543,  20342928.4091,  -3782.6009,    156.4613,   1944.6922
 5029, -17599294.0966,  12241392.0210,  20344872.9442,  -3782.3292,    156.2722,   1944.3780
 5030, -17603076.2899,  12241548.1987,  20346817.1652,  -3782.0575,    156.0833,   1944.0639
 5031, -17606858.2115,  12241704.1875,  20348761.0721,  -3781.7858,    155.8944,   1943.7499
 5032, -17610639.8615,  12241859.9875,  20350704.6651,  -3781.5142,    155.7055,   1943.4360
 5033, -17614421.2398,  12242015.5986,  20352647.9442,  -3781.2426,    155.5167,   1943.1222
 5034, -17618202.3466,  12242171.0210,  20354590.9096,  -3780.9710,    155.3280,   1942.8085
 5035, -17621983.1819,  12242326.2547,  20356533.5613,  -3780.6995,    155.1394,   1942.4948
 5036, -17625763.7457,  12242481.2998,  20358475.8993,  -3780.4281,    154.9508,   1942.1813
 5037, -17629544.0381,  12242636.1564,  20360417.9239,  -3780.1567,    154.7623,   1941.8678
 5038, -17633324.0591,  12242790.8246,  20362359.6350,  -3779.8853,    154.5739,   1941.5544
 5039, -17637103.8088,  12242945.3043,  20364301.0327,  -3779.6140,    154.3856,   1941.2411
 5040, -17640883.2871,  12243099.5957,  20366242.1172,  -3779.3427,    154.1973,   1940.9279
 5041, -17644662.4942,  12243253.6988,  20368182.8886,  -3779.0715,    154.0090,   1940.6148
 5042, -17648441.4300,  12243407.6138,  20370123.3468,  -3778.8003,    153.8209,   1940.3017
 5043, -17652220.0947,  12243561.3406,  20372063.4921,  -3778.5291,    153.6328,   1939.9888
 5044, -17655998.4882,  12243714.8793,  20374003.3244,  -3778.2580,    153.4447,   1939.6759
 5045, -17659776.6106,  12243868.2301,  20375942.8439,  -3777.9869,    153.2568,   1939.3631
 5046, -17663554.4620,  12244021.3929,  20377882.0507,  -3777.7159,    153.0689,   1939.0504
 5047, -17667332.0424,  12244174.3679,  20379820.9448,  -3777.4449,    152.8811,   1938.7378
 5048, -17671109.3518,  12244327.1551,  20381759.5263,  -3777.1739,    152.6933,   1938.4253
 5049, -17674886.3903,  12244479.7546,  20383697.7954,  -3776.9030,    152.5056,   1938.1128
 5050, -17678663.1579,  12244632.1664,  20385635.7520,  -3776.6322,    152.3180,   1937.8005
 5051, -17682439.6546,  12244784.3906,  20387573.3964,  -3776.3613,    152.1304,   1937.4882
 5052, -17686215.8806,  12244936.4273,  20389510.7285,  -3776.0906,    151.9429,   1937.1760
 5053, -17689991.8358,  12245088.2765,  20391447.7484,  -3775.8198,    151.7555,   1936.8639
 5054, -17693767.5203,  12245239.9383,  20393384.4564,  -3775.5491,    151.5682,   1936.5519
 5055, -17697542.9341,  12245391.4128,  20395320.8523,  -3775.2785,    151.3809,   1936.2400
 5056, -17701318.0772,  12245542.7001,  20397256.9364,  -3775.0079,    151.1937,   1935.9281
 5057, -17705092.9498,  12245693.8002,  20399192.7086,  -3774.7373,    151.0065,   1935.6164
 5058, -17708867.5519,  12245844.7131,  20401128.1692,  -3774.4668,    150.8194,   1935.3047
 5059, -17712641.8834,  12245995.4390,  20403063.3181,  -3774.1963,    150.6324,   1934.9931
 5060, -17716415.9445,  12246145.9779,  20404998.1555,  -3773.9259,    150.4454,   1934.6816
 5061, -17720189.7351,  12246296.3299,  20406932.6814,  -3773.6555,    150.2585,   1934.3702
 5062, -17723963.2554,  12246446.4950,  20408866.8959,  -3773.3851,    150.0717,   1934.0589
 5063, -17727736.5054,  12246596.4733,  20410800.7992,  -3773.1148,    149.8850,   1933.7476
 5064, -17731509.4850,  12246746.2649,  20412734.3912,  -3772.8445,    149.6983,   1933.4365
 5065, -17735282.1944,  12246895.8699,  20414667.6722,  -3772.5743,    149.5116,   1933.1254
 5066, -17739054.6336,  12247045.2883,  20416600.6421,  -3772.3041,    149.3251,   1932.8144
 5067, -17742826.8026,  12247194.5201,  20418533.3010,  -3772.0339,    149.1386,   1932.5035
 5068, -17746598.7015,  12247343.5655,  20420465.6491,  -3771.7638,    148.9522,   1932.1927
 5069, -17750370.3303,  12247492.4245,  20422397.6864,  -3771.4938,    148.7658,   1931.8820
 5070, -17754141.6891,  12247641.0971,  20424329.4130,  -3771.2238,    148.5795,   1931.5713
 5071, -17757912.7778,  12247789.5835,  20426260.8291,  -3770.9538,    148.3933,   1931.2607
 5072, -17761683.5966,  12247937.8837,  20428191.9346,  -3770.6838,    148.2071,   1930.9503
 5073, -17765454.1455,  12248085.9978,  20430122.7296,  -3770.4139,    148.0210,   1930.6399
 5074, -17769224.4246,  12248233.9259,  20432053.2143,  -3770.1441,    147.8350,   1930.3296
 5075, -17772994.4337,  12248381.6679,  20433983.3888,  -3769.8743,    147.6491,   1930.0193
 5076, -17776764.1731,  12248529.2240,  20435913.2530,  -3769.6045,    147.4632,   1929.7092
 5077, -17780533.6428,  12248676.5942,  20437842.8072,  -3769.3348,    147.2773,   1929.3991
 5078, -17784302.8427,  12248823.7787,  20439772.0513,  -3769.0651,    147.0916,   1929.0892
 5079, -17788071.7730,  12248970.7774,  20441700.9855,  -3768.7955,    146.9059,   1928.7793
 5080, -17791840.4337,  12249117.5905,  20443629.6099,  -3768.5259,    146.7202,   1928.4695
 5081, -17795608.8248,  12249264.2179,  20445557.9245,  -3768.2563,    146.5347,   1928.1598
 5082, -17799376.9463,  12249410.6599,  20447485.9294,  -3767.9868,    146.3492,   1927.8501
 5083, -17803144.7983,  12249556.9163,  20449413.6248,  -3767.7173,    146.1638,   1927.5406
 5084, -17806912.3809,  12249702.9874,  20451341.0106,  -3767.4479,    145.9784,   1927.2311
 5085, -17810679.6941,  12249848.8731,  20453268.0870,  -3767.1785,    145.7931,   1926.9217
 5086, -17814446.7379,  12249994.5736,  20455194.8541,  -3766.9091,    145.6078,   1926.6124
 5087, -17818213.5124,  12250140.0888,  20457121.3119,  -3766.6398,    145.4227,   1926.3032
 5088, -17821980.0176,  12250285.4190,  20459047.4606,  -3766.3706,    145.2376,   1925.9941
 5089, -17825746.2535,  12250430.5640,  20460973.3001,  -3766.1013,    145.0525,   1925.6851
 5090, -17829512.2203,  12250575.5241,  20462898.8307,  -3765.8322,    144.8676,   1925.3761
 5091, -17833277.9178,  12250720.2992,  20464824.0524,  -3765.5630,    144.6827,   1925.0672
 5092, -17837043.3463,  12250864.8894,  20466748.9652,  -3765.2939,    144.4978,   1924.7584
 5093, -17840808.5057,  12251009.2948,  20468673.5693,  -3765.0249,    144.3130,   1924.4497
 5094, -17844573.3960,  12251153.5155,  20470597.8647,  -3764.7558,    144.1283,   1924.1411
 5095, -17848338.0174,  12251297.5515,  20472521.8515,  -3764.4869,    143.9437,   1923.8326
 5096, -17852102.3698,  12251441.4029,  20474445.5298,  -3764.2179,    143.7591,   1923.5241
 5097, -17855866.4532,  12251585.0697,  20476368.8997,  -3763.9490,    143.5746,   1923.2157
 5098, -17859630.2679,  12251728.5521,  20478291.9613,  -3763.6802,    143.3901,   1922.9075
 5099, -17863393.8136,  12251871.8500,  20480214.7147,  -3763.4114,    143.2058,   1922.5993
 5100, -17867157.0906,  12252014.9636,  20482137.1599,  -3763.1426,    143.0214,   1922.2911
 5101, -17870920.0989,  12252157.8929,  20484059.2970,  -3762.8739,    142.8372,   1921.9831
 5102, -17874682.8385,  12252300.6380,  20485981.1261,  -3762.6052,    142.6530,   1921.6751
 5103, -17878445.3094,  12252443.1989,  20487902.6473,  -3762.3366,    142.4689,   1921.3673
 5104, -17882207.5116,  12252585.5758,  20489823.8607,  -3762.0680,    142.2848,   1921.0595
 5105, -17885969.4453,  12252727.7686,  20491744.7663,  -3761.7994,    142.1008,   1920.7518
 5106, -17889731.1105,  12252869.7775,  20493665.3643,  -3761.5309,    141.9169,   1920.4442
 5107, -17893492.5071,  12253011.6024,  20495585.6547,  -3761.2624,    141.7330,   1920.1366
 5108, -17897253.6354,  12253153.2436,  20497505.6376,  -3760.9940,    141.5492,   1919.8292
 5109, -17901014.4952,  12253294.7009,  20499425.3131,  -3760.7256,    141.3655,   1919.5218
 5110, -17904775.0866,  12253435.9746,  20501344.6813,  -3760.4573,    141.1818,   1919.2145
 5111, -17908535.4097,  12253577.0646,  20503263.7422,  -3760.1890,    140.9982,   1918.9073
 5112, -17912295.4645,  12253717.9711,  20505182.4960,  -3759.9207,    140.8147,   1918.6002
 5113, -17916055.2511,  12253858.6940,  20507100.9427,  -3759.6525,    140.6312,   1918.2932
 5114, -17919814.7695,  12253999.2336,  20509019.0824,  -3759.3843,    140.4478,   1917.9862
 5115, -17923574.0197,  12254139.5897,  20510936.9152,  -3759.1161,    140.2645,   1917.6794
 5116, -17927333.0017,  12254279.7625,  20512854.4412,  -3758.8480,    140.0812,   1917.3726
 5117, -17931091.7158,  12254419.7521,  20514771.6604,  -3758.5800,    139.8980,   1917.0659
 5118, -17934850.1617,  12254559.5585,  20516688.5730,  -3758.3120,    139.7148,   1916.7593
 5119, -17938608.3397,  12254699.1818,  20518605.1790,  -3758.0440,    139.5318,   1916.4527
 5120, -17942366.2497,  12254838.6221,  20520521.4785,  -3757.7761,    139.3487,   1916.1463
 5121, -17946123.8918,  12254977.8793,  20522437.4716,  -3757.5082,    139.1658,   1915.8399
 5122, -17949881.2661,  12255116.9536,  20524353.1584,  -3757.2403,    138.9829,   1915.5336
 5123, -17953638.3725,  12255255.8451,  20526268.5390,  -3756.9725,    138.8001,   1915.2274
 5124, -17957395.2111,  12255394.5538,  20528183.6133,  -3756.7047,    138.6173,   1914.9213
 5125, -17961151.7820,  12255533.0797,  20530098.3816,  -3756.4370,    138.4346,   1914.6153
 5126, -17964908.0851,  12255671.4230,  20532012.8439,  -3756.1693,    138.2520,   1914.3093
 5127, -17968664.1206,  12255809.5837,  20533927.0003,  -3755.9017,    138.0694,   1914.0035
 5128, -17972419.8885,  12255947.5618,  20535840.8509,  -3755.6341,    137.8869,   1913.6977
 5129, -17976175.3888,  12256085.3575,  20537754.3957,  -3755.3665,    137.7045,   1913.3920
 5130, -17979930.6216,  12256222.9707,  20539667.6348,  -3755.0990,    137.5221,   1913.0863
 5131, -17983685.5868,  12256360.4017,  20541580.5684,  -3754.8315,    137.3398,   1912.7808
 5132, -17987440.2846,  12256497.6503,  20543493.1965,  -3754.5641,    137.1575,   1912.4753
 5133, -17991194.7150,  12256634.7167,  20545405.5191,  -3754.2967,    136.9753,   1912.1700
 5134, -17994948.8780,  12256771.6010,  20547317.5364,  -3754.0293,    136.7932,   1911.8647
 5135, -17998702.7737,  12256908.3032,  20549229.2485,  -3753.7620,    136.6112,   1911.5595
 5136, -18002456.4021,  12257044.8234,  20551140.6554,  -3753.4948,    136.4292,   1911.2543
 5137, -18006209.7632,  12257181.1616,  20553051.7572,  -3753.2275,    136.2472,   1910.9493
 5138, -18009962.8571,  12257317.3179,  20554962.5540,  -3752.9603,    136.0654,   1910.6443
 5139, -18013715.6839,  12257453.2924,  20556873.0459,  -3752.6932,    135.8836,   1910.3395
 5140, -18017468.2435,  12257589.0851,  20558783.2329,  -3752.4261,    135.7019,   1910.0347
 5141, -18021220.5361,  12257724.6961,  20560693.1152,  -3752.1590,    135.5202,   1909.7299
 5142, -18024972.5616,  12257860.1255,  20562602.6929,  -3751.8920,    135.3386,   1909.4253
 5143, -18028724.3201,  12257995.3733,  20564511.9659,  -3751.6250,    135.1570,   1909.1208
 5144, -18032475.8116,  12258130.4395,  20566420.9344,  -3751.3581,    134.9756,   1908.8163
 5145, -18036227.0363,  12258265.3244,  20568329.5985,  -3751.0912,    134.7941,   1908.5119
 5146, -18039977.9940,  12258400.0278,  20570237.9582,  -3750.8243,    134.6128,   1908.2076
 5147, -18043728.6849,  12258534.5500,  20572146.0137,  -3750.5575,    134.4315,   1907.9034
 5148, -18047479.1090,  12258668.8909,  20574053.7650,  -3750.2907,    134.2503,   1907.5992
 5149, -18051229.2664,  12258803.0505,  20575961.2122,  -3750.0240,    134.0691,   1907.2952
 5150, -18054979.1570,  12258937.0291,  20577868.3553,  -3749.7573,    133.8880,   1906.9912
 5151, -18058728.7810,  12259070.8266,  20579775.1946,  -3749.4906,    133.7070,   1906.6873
 5152, -18062478.1383,  12259204.4431,  20581681.7300,  -3749.2240,    133.5260,   1906.3835
 5153, -18066227.2290,  12259337.8786,  20583587.9616,  -3748.9575,    133.3451,   1906.0798
 5154, -18069976.0532,  12259471.1333,  20585493.8895,  -3748.6909,    133.1643,   1905.7761
 5155, -18073724.6109,  12259604.2072,  20587399.5138,  -3748.4244,    132.9835,   1905.4725
 5156, -18077472.9021,  12259737.1003,  20589304.8346,  -3748.1580,    132.8028,   1905.1690
 5157, -18081220.9269,  12259869.8127,  20591209.8519,  -3747.8916,    132.6221,   1904.8656
 5158, -18084968.6853,  12260002.3446,  20593114.5659,  -3747.6252,    132.4415,   1904.5623
 5159, -18088716.1774,  12260134.6958,  20595018.9766,  -3747.3589,    132.2610,   1904.2591
 5160, -18092463.4031,  12260266.8666,  20596923.0841,  -3747.0926,    132.0805,   1903.9559
 5161, -18096210.3626,  12260398.8569,  20598826.8885,  -3746.8264,    131.9001,   1903.6528
 5162, -18099957.0559,  12260530.6669,  20600730.3898,  -3746.5602,    131.7198,   1903.3498
 5163, -18103703.4830,  12260662.2965,  20602633.5882,  -3746.2940,    131.5395,   1903.0469
 5164, -18107449.6439,  12260793.7460,  20604536.4837,  -3746.0279,    131.3593,   1902.7441
 5165, -18111195.5388,  12260925.0152,  20606439.0764,  -3745.7618,    131.1792,   1902.4413
 5166, -18114941.1676,  12261056.1043,  20608341.3664,  -3745.4958,    130.9991,   1902.1387
 5167, -18118686.5304,  12261187.0134,  20610243.3537,  -3745.2298,    130.8191,   1901.8361
 5168, -18122431.6272,  12261317.7425,  20612145.0386,  -3744.9638,    130.6391,   1901.5336
 5169, -18126176.4581,  12261448.2916,  20614046.4209,  -3744.6979,    130.4592,   1901.2311
 5170, -18129921.0231,  12261578.6609,  20615947.5009,  -3744.4321,    130.2794,   1900.9288
 5171, -18133665.3222,  12261708.8504,  20617848.2785,  -3744.1662,    130.0996,   1900.6265
 5172, -18137409.3555,  12261838.8602,  20619748.7539,  -3743.9004,    129.9199,   1900.3243
 5173, -18141153.1231,  12261968.6903,  20621648.9272,  -3743.6347,    129.7403,   1900.0222
 5174, -18144896.6249,  12262098.3408,  20623548.7985,  -3743.3690,    129.5607,   1899.7202
 5175, -18148639.8610,  12262227.8117,  20625448.3677,  -3743.1033,    129.3812,   1899.4183
 5176, -18152382.8315,  12262357.1031,  20627347.6350,  -3742.8377,    129.2017,   1899.1164
 5177, -18156125.5364,  12262486.2151,  20629246.6006,  -3742.5721,    129.0223,   1898.8146
 5178, -18159867.9757,  12262615.1478,  20631145.2643,  -3742.3065,    128.8430,   1898.5129
 5179, -18163610.1495,  12262743.9011,  20633043.6265,  -3742.0410,    128.6637,   1898.2113
 5180, -18167352.0578,  12262872.4753,  20634941.6870,  -3741.7756,    128.4845,   1897.9098
 5181, -18171093.7007,  12263000.8702,  20636839.4460,  -3741.5102,    128.3054,   1897.6083
 5182, -18174835.0781,  12263129.0860,  20638736.9037,  -3741.2448,    128.1263,   1897.3070
 5183, -18178576.1902,  12263257.1228,  20640634.0600,  -3740.9794,    127.9473,   1897.0057
 5184, -18182317.0370,  12263384.9806,  20642530.9150,  -3740.7141,    127.7683,   1896.7044
 5185, -18186057.6185,  12263512.6595,  20644427.4689,  -3740.4489,    127.5894,   1896.4033
 5186, -18189797.9348,  12263640.1596,  20646323.7217,  -3740.1837,    127.4106,   1896.1023
 5187, -18193537.9859,  12263767.4808,  20648219.6734,  -3739.9185,    127.2318,   1895.8013
 5188, -18197277.7718,  12263894.6233,  20650115.3243,  -3739.6533,    127.0531,   1895.5004
 5189, -18201017.2926,  12264021.5871,  20652010.6742,  -3739.3883,    126.8745,   1895.1996
 5190, -18204756.5483,  12264148.3723,  20653905.7235,  -3739.1232,    126.6959,   1894.8989
 5191, -18208495.5390,  12264274.9790,  20655800.4720,  -3738.8582,    126.5174,   1894.5982
 5192, -18212234.2647,  12264401.4071,  20657694.9199,  -3738.5932,    126.3390,   1894.2976
 5193, -18215972.7254,  12264527.6569,  20659589.0673,  -3738.3283,    126.1606,   1893.9971
 5194, -18219710.9212,  12264653.7283,  20661482.9142,  -3738.0634,    125.9822,   1893.6967
 5195, -18223448.8522,  12264779.6214,  20663376.4608,  -3737.7985,    125.8040,   1893.3964
 5196, -18227186.5183,  12264905.3362,  20665269.7070,  -3737.5337,    125.6258,   1893.0962
 5197, -18230923.9196,  12265030.8729,  20667162.6531,  -3737.2690,    125.4476,   1892.7960
 5198, -18234661.0562,  12265156.2315,  20669055.2990,  -3737.0042,    125.2695,   1892.4959
 5199, -18238397.9281,  12265281.4120,  20670947.6449,  -3736.7395,    125.0915,   1892.1959
 5200, -18242134.5353,  12265406.4145,  20672839.6908,  -3736.4749,    124.9136,   1891.8960
 5201, -18245870.8779,  12265531.2391,  20674731.4369,  -3736.2103,    124.7357,   1891.5961
 5202, -18249606.9559,  12265655.8859,  20676622.8831,  -3735.9457,    124.5578,   1891.2963
 5203, -18253342.7693,  12265780.3548,  20678514.0296,  -3735.6812,    124.3801,   1890.9967
 5204, -18257078.3183,  12265904.6460,  20680404.8764,  -3735.4167,    124.2023,   1890.6970
 5205, -18260813.6027,  12266028.7595,  20682295.4237,  -3735.1523,    124.0247,   1890.3975
 5206, -18264548.6228,  12266152.6954,  20684185.6715,  -3734.8879,    123.8471,   1890.0981
 5207, -18268283.3785,  12266276.4537,  20686075.6199,  -3734.6235,    123.6696,   1889.7987
 5208, -18272017.8698,  12266400.0346,  20687965.2689,  -3734.3592,    123.4921,   1889.4994
 5209, -18275752.0968,  12266523.4380,  20689854.6187,  -3734.0949,    123.3147,   1889.2002
 5210, -18279486.0596,  12266646.6640,  20691743.6694,  -3733.8306,    123.1374,   1888.9011
 5211, -18283219.7581,  12266769.7128,  20693632.4209,  -3733.5664,    122.9601,   1888.6020
 5212, -18286953.1925,  12266892.5843,  20695520.8734,  -3733.3023,    122.7829,   1888.3031
 5213, -18290686.3627,  12267015.2786,  20697409.0270,  -3733.0382,    122.6057,   1888.0042
 5214, -18294419.2688,  12267137.7958,  20699296.8818,  -3732.7741,    122.4286,   1887.7054
 5215, -18298151.9109,  12267260.1359,  20701184.4378,  -3732.5100,    122.2516,   1887.4066
 5216, -18301884.2889,  12267382.2990,  20703071.6951,  -3732.2460,    122.0746,   1887.1080
 5217, -18305616.4030,  12267504.2852,  20704958.6538,  -3731.9821,    121.8977,   1886.8094
 5218, -18309348.2531,  12267626.0945,  20706845.3139,  -3731.7182,    121.7209,   1886.5109
 5219, -18313079.8393,  12267747.7270,  20708731.6756,  -3731.4543,    121.5441,   1886.2125
 5220, -18316811.1617,  12267869.1827,  20710617.7389,  -3731.1905,    121.3674,   1885.9142
 5221, -18320542.2203,  12267990.4617,  20712503.5039,  -3730.9267,    121.1907,   1885.6159
 5222, -18324273.0150,  12268111.5641,  20714388.9708,  -3730.6629,    121.0141,   1885.3177
 5223, -18328003.5461,  12268232.4899,  20716274.1394,  -3730.3992,    120.8376,   1885.0196
 5224, -18331733.8134,  12268353.2393,  20718159.0101,  -3730.1355,    120.6611,   1884.7216
 5225, -18335463.8171,  12268473.8121,  20720043.5827,  -3729.8719,    120.4847,   1884.4237
 5226, -18339193.5572,  12268594.2086,  20721927.8574,  -3729.6083,    120.3083,   1884.1258
 5227, -18342923.0337,  12268714.4288,  20723811.8344,  -3729.3447,    120.1320,   1883.8280
 5228, -18346652.2467,  12268834.4727,  20725695.5136,  -3729.0812,    119.9558,   1883.5303
 5229, -18350381.1962,  12268954.3404,  20727578.8951,  -3728.8177,    119.7796,   1883.2327
 5230, -18354109.8822,  12269074.0319,  20729461.9790,  -3728.5543,    119.6035,   1882.9352
 5231, -18357838.3048,  12269193.5474,  20731344.7655,  -3728.2909,    119.4274,   1882.6377
 5232, -18361566.4640,  12269312.8868,  20733227.2545,  -3728.0276,    119.2515,   1882.3403
 5233, -18365294.3600,  12269432.0503,  20735109.4462,  -3727.7643,    119.0755,   1882.0430
 5234, -18369021.9926,  12269551.0379,  20736991.3406,  -3727.5010,    118.8997,   1881.7458
 5235, -18372749.3619,  12269669.8497,  20738872.9378,  -3727.2378,    118.7239,   1881.4487
 5236, -18376476.4681,  12269788.4856,  20740754.2379,  -3726.9746,    118.5481,   1881.1516
 5237, -18380203.3111,  12269906.9459,  20742635.2410,  -3726.7114,    118.3724,   1880.8546
 5238, -18383929.8909,  12270025.2305,  20744515.9471,  -3726.4483,    118.1968,   1880.5577
 5239, -18387656.2077,  12270143.3395,  20746396.3564,  -3726.1852,    118.0212,   1880.2609
 5240, -18391382.2614,  12270261.2730,  20748276.4688,  -3725.9222,    117.8457,   1879.9641
 5241, -18395108.0521,  12270379.0310,  20750156.2846,  -3725.6592,    117.6703,   1879.6674
 5242, -18398833.5799,  12270496.6135,  20752035.8037,  -3725.3963,    117.4949,   1879.3708
 5243, -18402558.8447,  12270614.0208,  20753915.0263,  -3725.1334,    117.3196,   1879.0743
 5244, -18406283.8466,  12270731.2527,  20755793.9523,  -3724.8705,    117.1443,   1878.7779
 5245, -18410008.5857,  12270848.3094,  20757672.5820,  -3724.6077,    116.9691,   1878.4815
 5246, -18413733.0620,  12270965.1910,  20759550.9154,  -3724.3449,    116.7940,   1878.1852
 5247, -18417457.2755,  12271081.8974,  20761428.9525,  -3724.0821,    116.6189,   1877.8890
 5248, -18421181.2262,  12271198.4288,  20763306.6935,  -3723.8194,    116.4439,   1877.5929
 5249, -18424904.9143,  12271314.7852,  20765184.1383,  -3723.5568,    116.2689,   1877.2968
 5250, -18428628.3397,  12271430.9667,  20767061.2872,  -3723.2941,    116.0940,   1877.0009
 5251, -18432351.5026,  12271546.9733,  20768938.1401,  -3723.0315,    115.9192,   1876.7050
 5252, -18436074.4028,  12271662.8051,  20770814.6972,  -3722.7690,    115.7444,   1876.4092
 5253, -18439797.0406,  12271778.4621,  20772690.9585,  -3722.5065,    115.5697,   1876.1134
 5254, -18443519.4158,  12271893.9445,  20774566.9241,  -3722.2440,    115.3950,   1875.8178
 5255, -18447241.5286,  12272009.2522,  20776442.5941,  -3721.9816,    115.2204,   1875.5222
 5256, -18450963.3790,  12272124.3854,  20778317.9685,  -3721.7192,    115.0459,   1875.2267
 5257, -18454684.9670,  12272239.3440,  20780193.0475,  -3721.4569,    114.8714,   1874.9313
 5258, -18458406.2927,  12272354.1283,  20782067.8311,  -3721.1946,    114.6970,   1874.6359
 5259, -18462127.3562,  12272468.7381,  20783942.3194,  -3720.9323,    114.5227,   1874.3407
 5260, -18465848.1573,  12272583.1736,  20785816.5125,  -3720.6701,    114.3484,   1874.0455
 5261, -18469568.6963,  12272697.4348,  20787690.4104,  -3720.4079,    114.1741,   1873.7504
 5262, -18473288.9731,  12272811.5219,  20789564.0133,  -3720.1457,    114.0000,   1873.4553
 5263, -18477008.9877,  12272925.4348,  20791437.3212,  -3719.8836,    113.8258,   1873.1604
 5264, -18480728.7403,  12273039.1736,  20793310.3341,  -3719.6216,    113.6518,   1872.8655
 5265, -18484448.2309,  12273152.7384,  20795183.0522,  -3719.3595,    113.4778,   1872.5707
 5266, -18488167.4594,  12273266.1292,  20797055.4756,  -3719.0975,    113.3039,   1872.2760
 5267, -18491886.4260,  12273379.3461,  20798927.6042,  -3718.8356,    113.1300,   1871.9814
 5268, -18495605.1306,  12273492.3892,  20800799.4383,  -3718.5737,    112.9562,   1871.6868
 5269, -18499323.5734,  12273605.2585,  20802670.9778,  -3718.3118,    112.7824,   1871.3923
 5270, -18503041.7543,  12273717.9540,  20804542.2229,  -3718.0500,    112.6087,   1871.0979
 5271, -18506759.6734,  12273830.4759,  20806413.1737,  -3717.7882,    112.4351,   1870.8036
 5272, -18510477.3307,  12273942.8242,  20808283.8301,  -3717.5265,    112.2615,   1870.5093
 5273, -18514194.7263,  12274054.9990,  20810154.1923,  -3717.2648,    112.0880,   1870.2151
 5274, -18517911.8602,  12274167.0002,  20812024.2604,  -3717.0031,    111.9145,   1869.9210
 5275, -18521628.7325,  12274278.8280,  20813894.0344,  -3716.7415,    111.7411,   1869.6270
 5276, -18525345.3432,  12274390.4825,  20815763.5144,  -3716.4799,    111.5678,   1869.3331
 5277, -18529061.6923,  12274501.9637,  20817632.7005,  -3716.2183,    111.3945,   1869.0392
 5278, -18532777.7798,  12274613.2716,  20819501.5928,  -3715.9568,    111.2213,   1868.7454
 5279, -18536493.6059,  12274724.4063,  20821370.1914,  -3715.6954,    111.0481,   1868.4517
 5280, -18540209.1706,  12274835.3679,  20823238.4962,  -3715.4339,    110.8751,   1868.1581
 5281, -18543924.4738,  12274946.1564,  20825106.5075,  -3715.1725,    110.7020,   1867.8645
 5282, -18547639.5157,  12275056.7719,  20826974.2253,  -3714.9112,    110.5290,   1867.5710
 5283, -18551354.2962,  12275167.2145,  20828841.6496,  -3714.6499,    110.3561,   1867.2776
 5284, -18555068.8155,  12275277.4842,  20830708.7805,  -3714.3886,    110.1833,   1866.9843
 5285, -18558783.0735,  12275387.5810,  20832575.6182,  -3714.1274,    110.0104,   1866.6910
 5286, -18562497.0703,  12275497.5051,  20834442.1626,  -3713.8662,    109.8377,   1866.3979
 5287, -18566210.8059,  12275607.2565,  20836308.4139,  -3713.6051,    109.6650,   1866.1048
 5288, -18569924.2804,  12275716.8352,  20838174.3722,  -3713.3439,    109.4924,   1865.8118
 5289, -18573637.4938,  12275826.2413,  20840040.0374,  -3713.0829,    109.3198,   1865.5188
 5290, -18577350.4461,  12275935.4749,  20841905.4098,  -3712.8218,    109.1473,   1865.2259
 5291, -18581063.1375,  12276044.5360,  20843770.4894,  -3712.5609,    108.9749,   1864.9332
 5292, -18584775.5679,  12276153.4247,  20845635.2762,  -3712.2999,    108.8025,   1864.6404
 5293, -18588487.7373,  12276262.1410,  20847499.7703,  -3712.0390,    108.6302,   1864.3478
 5294, -18592199.6459,  12276370.6850,  20849363.9718,  -3711.7781,    108.4579,   1864.0553
 5295, -18595911.2936,  12276479.0568,  20851227.8808,  -3711.5173,    108.2857,   1863.7628
 5296, -18599622.6805,  12276587.2564,  20853091.4974,  -3711.2565,    108.1135,   1863.4704
 5297, -18603333.8066,  12276695.2839,  20854954.8216,  -3710.9958,    107.9415,   1863.1780
 5298, -18607044.6720,  12276803.1394,  20856817.8535,  -3710.7350,    107.7694,   1862.8858
 5299, -18610755.2767,  12276910.8228,  20858680.5932,  -3710.4744,    107.5974,   1862.5936
 5300, -18614465.6208,  12277018.3343,  20860543.0408,  -3710.2137,    107.4255,   1862.3015
 5301, -18618175.7042,  12277125.6739,  20862405.1963,  -3709.9531,    107.2537,   1862.0095
 5302, -18621885.5271,  12277232.8417,  20864267.0598,  -3709.6926,    107.0819,   1861.7176
 5303, -18625595.0894,  12277339.8377,  20866128.6314,  -3709.4321,    106.9101,   1861.4257
 5304, -18629304.3913,  12277446.6620,  20867989.9112,  -3709.1716,    106.7385,   1861.1339
 5305, -18633013.4327,  12277553.3146,  20869850.8993,  -3708.9112,    106.5668,   1860.8422
 5306, -18636722.2136,  12277659.7957,  20871711.5956,  -3708.6508,    106.3953,   1860.5506
 5307, -18640430.7342,  12277766.1052,  20873572.0004,  -3708.3904,    106.2238,   1860.2590
 5308, -18644138.9945,  12277872.2433,  20875432.1136,  -3708.1301,    106.0523,   1859.9675
 5309, -18647846.9945,  12277978.2099,  20877291.9354,  -3707.8698,    105.8810,   1859.6761
 5310, -18651554.7342,  12278084.0052,  20879151.4659,  -3707.6096,    105.7096,   1859.3848
 5311, -18655262.2137,  12278189.6292,  20881010.7050,  -3707.3494,    105.5384,   1859.0935
 5312, -18658969.4330,  12278295.0820,  20882869.6529,  -3707.0892,    105.3672,   1858.8023
 5313, -18662676.3922,  12278400.3635,  20884728.3097,  -3706.8291,    105.1960,   1858.5112
 5314, -18666383.0913,  12278505.4740,  20886586.6754,  -3706.5690,    105.0249,   1858.2202
 5315, -18670089.5303,  12278610.4134,  20888444.7501,  -3706.3090,    104.8539,   1857.9292
 5316, -18673795.7093,  12278715.1818,  20890302.5339,  -3706.0490,    104.6829,   1857.6384
 5317, -18677501.6283,  12278819.7792,  20892160.0268,  -3705.7891,    104.5120,   1857.3476
 5318, -18681207.2874,  12278924.2057,  20894017.2290,  -3705.5291,    104.3411,   1857.0568
 5319, -18684912.6866,  12279028.4615,  20895874.1406,  -3705.2693,    104.1703,   1856.7662
 5320, -18688617.8259,  12279132.5464,  20897730.7615,  -3705.0094,    103.9996,   1856.4756
 5321, -18692322.7054,  12279236.4606,  20899587.0918,  -3704.7496,    103.8289,   1856.1851
 5322, -18696027.3252,  12279340.2042,  20901443.1317,  -3704.4898,    103.6583,   1855.8947
 5323, -18699731.6852,  12279443.7772,  20903298.8813,  -3704.2301,    103.4877,   1855.6044
 5324, -18703435.7854,  12279547.1797,  20905154.3405,  -3703.9704,    103.3172,   1855.3141
 5325, -18707139.6261,  12279650.4116,  20907009.5095,  -3703.7108,    103.1467,   1855.0239
 5326, -18710843.2070,  12279753.4732,  20908864.3883,  -3703.4512,    102.9764,   1854.7338
 5327, -18714546.5285,  12279856.3644,  20910718.9771,  -3703.1916,    102.8060,   1854.4437
 5328, -18718249.5903,  12279959.0852,  20912573.2758,  -3702.9321,    102.6357,   1854.1538
 5329, -18721952.3927,  12280061.6359,  20914427.2847,  -3702.6726,    102.4655,   1853.8639
 5330, -18725654.9356,  12280164.0163,  20916281.0037,  -3702.4132,    102.2954,   1853.5741
 5331, -18729357.2190,  12280266.2266,  20918134.4329,  -3702.1538,    102.1253,   1853.2843
 5332, -18733059.2431,  12280368.2669,  20919987.5724,  -3701.8944,    101.9552,   1852.9947
 5333, -18736761.0078,  12280470.1371,  20921840.4222,  -3701.6351,    101.7852,   1852.7051
 5334, -18740462.5132,  12280571.8374,  20923692.9826,  -3701.3758,    101.6153,   1852.4156
 5335, -18744163.7594,  12280673.3677,  20925545.2534,  -3701.1165,    101.4454,   1852.1261
 5336, -18747864.7463,  12280774.7283,  20927397.2349,  -3700.8573,    101.2756,   1851.8368
 5337, -18751565.4740,  12280875.9190,  20929248.9270,  -3700.5981,    101.1059,   1851.5475
 5338, -18755265.9426,  12280976.9400,  20931100.3299,  -3700.3390,    100.9362,   1851.2583
 5339, -18758966.1521,  12281077.7914,  20932951.4436,  -3700.0799,    100.7665,   1850.9691
 5340, -18762666.1024,  12281178.4731,  20934802.2682,  -3699.8209,    100.5970,   1850.6801
 5341, -18766365.7938,  12281278.9853,  20936652.8038,  -3699.5618,    100.4274,   1850.3911
 5342, -18770065.2261,  12281379.3280,  20938503.0504,  -3699.3029,    100.2580,   1850.1022
 5343, -18773764.3996,  12281479.5013,  20940353.0082,  -3699.0439,    100.0886,   1849.8134
 5344, -18777463.3140,  12281579.5052,  20942202.6771,  -3698.7850,     99.9192,   1849.5246
 5345, -18781161.9696,  12281679.3397,  20944052.0574,  -3698.5262,     99.7499,   1849.2359
 5346, -18784860.3664,  12281779.0050,  20945901.1490,  -3698.2674,     99.5807,   1848.9473
 5347, -18788558.5044,  12281878.5011,  20947749.9520,  -3698.0086,     99.4115,   1848.6588
 5348, -18792256.3836,  12281977.8281,  20949598.4665,  -3697.7498,     99.2424,   1848.3703
 5349, -18795954.0041,  12282076.9859,  20951446.6926,  -3697.4911,     99.0733,   1848.0819
 5350, -18799651.3659,  12282175.9747,  20953294.6304,  -3697.2325,     98.9043,   1847.7936
 5351, -18803348.4691,  12282274.7946,  20955142.2799,  -3696.9739,     98.7354,   1847.5054
 5352, -18807045.3136,  12282373.4455,  20956989.6412,  -3696.7153,     98.5665,   1847.2172
 5353, -18810741.8996,  12282471.9276,  20958836.7144,  -3696.4567,     98.3977,   1846.9291
 5354, -18814438.2271,  12282570.2408,  20960683.4995,  -3696.1982,     98.2289,   1846.6411
 5355, -18818134.2961,  12282668.3853,  20962529.9967,  -3695.9398,     98.0602,   1846.3532
 5356, -18821830.1066,  12282766.3612,  20964376.2059,  -3695.6813,     97.8915,   1846.0653
 5357, -18825525.6588,  12282864.1684,  20966222.1273,  -3695.4229,     97.7229,   1845.7775
 5358, -18829220.9525,  12282961.8070,  20968067.7610,  -3695.1646,     97.5543,   1845.4898
 5359, -18832915.9880,  12283059.2771,  20969913.1070,  -3694.9063,     97.3859,   1845.2022
 5360, -18836610.7651,  12283156.5787,  20971758.1655,  -3694.6480,     97.2174,   1844.9146
 5361, -18840305.2840,  12283253.7120,  20973602.9363,  -3694.3898,     97.0491,   1844.6272
 5362, -18843999.5447,  12283350.6768,  20975447.4198,  -3694.1316,     96.8807,   1844.3397
 5363, -18847693.5472,  12283447.4734,  20977291.6158,  -3693.8734,     96.7125,   1844.0524
 5364, -18851387.2916,  12283544.1018,  20979135.5246,  -3693.6153,     96.5443,   1843.7651
 5365, -18855080.7778,  12283640.5620,  20980979.1462,  -3693.3572,     96.3761,   1843.4779
 5366, -18858774.0061,  12283736.8541,  20982822.4805,  -3693.0992,     96.2080,   1843.1908
 5367, -18862466.9763,  12283832.9781,  20984665.5278,  -3692.8412,     96.0400,   1842.9038
 5368, -18866159.6885,  12283928.9341,  20986508.2881,  -3692.5833,     95.8720,   1842.6168
 5369, -18869852.1428,  12284024.7222,  20988350.7615,  -3692.3253,     95.7041,   1842.3299
 5370, -18873544.3392,  12284120.3424,  20990192.9480,  -3692.0675,     95.5363,   1842.0431
 5371, -18877236.2777,  12284215.7947,  20992034.8478,  -3691.8096,     95.3684,   1841.7564
 5372, -18880927.9584,  12284311.0793,  20993876.4608,  -3691.5518,     95.2007,   1841.4697
 5373, -18884619.3813,  12284406.1961,  20995717.7872,  -3691.2940,     95.0330,   1841.1831
 5374, -18888310.5465,  12284501.1453,  20997558.8271,  -3691.0363,     94.8654,   1840.8966
 5375, -18892001.4540,  12284595.9269,  20999399.5804,  -3690.7786,     94.6978,   1840.6101
 5376, -18895692.1038,  12284690.5410,  21001240.0474,  -3690.5210,     94.5303,   1840.3238
 5377, -18899382.4960,  12284784.9875,  21003080.2280,  -3690.2634,     94.3628,   1840.0375
 5378, -18903072.6306,  12284879.2666,  21004920.1224,  -3690.0058,     94.1954,   1839.7513
 5379, -18906762.5076,  12284973.3783,  21006759.7306,  -3689.7483,     94.0281,   1839.4651
 5380, -18910452.1271,  12285067.3227,  21008599.0526,  -3689.4908,     93.8608,   1839.1790
 5381, -18914141.4892,  12285161.0999,  21010438.0886,  -3689.2333,     93.6935,   1838.8930
 5382, -18917830.5938,  12285254.7098,  21012276.8387,  -3688.9759,     93.5263,   1838.6071
 5383, -18921519.4410,  12285348.1526,  21014115.3028,  -3688.7185,     93.3592,   1838.3212
 5384, -18925208.0309,  12285441.4283,  21015953.4812,  -3688.4612,     93.1922,   1838.0355
 5385, -18928896.3635,  12285534.5369,  21017791.3738,  -3688.2039,     93.0251,   1837.7498
 5386, -18932584.4388,  12285627.4786,  21019628.9807,  -3687.9467,     92.8582,   1837.4641
 5387, -18936272.2568,  12285720.2533,  21021466.3021,  -3687.6894,     92.6913,   1837.1786
 5388, -18939959.8176,  12285812.8612,  21023303.3379,  -3687.4323,     92.5245,   1836.8931
 5389, -18943647.1213,  12285905.3023,  21025140.0882,  -3687.1751,     92.3577,   1836.6077
 5390, -18947334.1679,  12285997.5766,  21026976.5532,  -3686.9180,     92.1909,   1836.3223
 5391, -18951020.9573,  12286089.6842,  21028812.7329,  -3686.6609,     92.0243,   1836.0371
 5392, -18954707.4898,  12286181.6251,  21030648.6274,  -3686.4039,     91.8576,   1835.7519
 5393, -18958393.7652,  12286273.3995,  21032484.2367,  -3686.1469,     91.6911,   1835.4668
 5394, -18962079.7836,  12286365.0073,  21034319.5609,  -3685.8900,     91.5246,   1835.1817
 5395, -18965765.5452,  12286456.4487,  21036154.6001,  -3685.6331,     91.3581,   1834.8967
 5396, -18969451.0498,  12286547.7236,  21037989.3544,  -3685.3762,     91.1917,   1834.6118
 5397, -18973136.2976,  12286638.8322,  21039823.8239,  -3685.1194,     91.0254,   1834.3270
 5398, -18976821.2885,  12286729.7744,  21041658.0085,  -3684.8626,     90.8591,   1834.0423
 5399, -18980506.0227,  12286820.5505,  21043491.9084,  -3684.6058,     90.6929,   1833.7576
 5400, -18984190.5002,  12286911.1603,  21045325.5237,  -3684.3491,     90.5267,   1833.4730
 5401, -18987874.7210,  12287001.6040,  21047158.8544,  -3684.0924,     90.3606,   1833.1885
 5402, -18991558.6851,  12287091.8816,  21048991.9007,  -3683.8358,     90.1946,   1832.9040
 5403, -18995242.3925,  12287181.9931,  21050824.6625,  -3683.5792,     90.0286,   1832.6196
 5404, -18998925.8434,  12287271.9387,  21052657.1399,  -3683.3226,     89.8626,   1832.3353
 5405, -19002609.0378,  12287361.7184,  21054489.3331,  -3683.0661,     89.6967,   1832.0511
 5406, -19006291.9757,  12287451.3323,  21056321.2421,  -3682.8096,     89.5309,   1831.7669
 5407, -19009974.6571,  12287540.7803,  21058152.8669,  -3682.5532,     89.3651,   1831.4828
 5408, -19013657.0820,  12287630.0626,  21059984.2077,  -3682.2968,     89.1994,   1831.1988
 5409, -19017339.2506,  12287719.1791,  21061815.2646,  -3682.0404,     89.0338,   1830.9149
 5410, -19021021.1628,  12287808.1301,  21063646.0375,  -3681.7841,     88.8682,   1830.6310
 5411, -19024702.8187,  12287896.9155,  21065476.5265,  -3681.5278,     88.7026,   1830.3472
 5412, -19028384.2184,  12287985.5353,  21067306.7319,  -3681.2715,     88.5371,   1830.0635
 5413, -19032065.3618,  12288073.9897,  21069136.6535,  -3681.0153,     88.3717,   1829.7798
 5414, -19035746.2490,  12288162.2787,  21070966.2915,  -3680.7591,     88.2063,   1829.4962
 5415, -19039426.8801,  12288250.4023,  21072795.6460,  -3680.5030,     88.0409,   1829.2127
 5416, -19043107.2550,  12288338.3606,  21074624.7169,  -3680.2469,     87.8757,   1828.9293
 5417, -19046787.3739,  12288426.1536,  21076453.5045,  -3679.9908,     87.7105,   1828.6459
 5418, -19050467.2367,  12288513.7815,  21078282.0088,  -3679.7348,     87.5453,   1828.3626
 5419, -19054146.8435,  12288601.2442,  21080110.2298,  -3679.4788,     87.3802,   1828.0794
 5420, -19057826.1944,  12288688.5419,  21081938.1677,  -3679.2229,     87.2151,   1827.7963
 5421, -19061505.2893,  12288775.6745,  21083765.8224,  -3678.9670,     87.0501,   1827.5132
 5422, -19065184.1283,  12288862.6422,  21085593.1941,  -3678.7111,     86.8852,   1827.2302
 5423, -19068862.7115,  12288949.4450,  21087420.2828,  -3678.4553,     86.7203,   1826.9473
 5424, -19072541.0389,  12289036.0829,  21089247.0887,  -3678.1995,     86.5555,   1826.6644
 5425, -19076219.1105,  12289122.5560,  21091073.6117,  -3677.9437,     86.3907,   1826.3816
 5426, -19079896.9264,  12289208.8643,  21092899.8520,  -3677.6880,     86.2260,   1826.0989
 5427, -19083574.4866,  12289295.0080,  21094725.8096,  -3677.4323,     86.0613,   1825.8163
 5428, -19087251.7911,  12289380.9870,  21096551.4846,  -3677.1767,     85.8967,   1825.5337
 5429, -19090928.8400,  12289466.8014,  21098376.8771,  -3676.9211,     85.7322,   1825.2512
 5430, -19094605.6333,  12289552.4513,  21100201.9871,  -3676.6656,     85.5677,   1824.9688
 5431, -19098282.1711,  12289637.9368,  21102026.8148,  -3676.4100,     85.4032,   1824.6865
 5432, -19101958.4534,  12289723.2578,  21103851.3601,  -3676.1545,     85.2388,   1824.4042
 5433, -19105634.4802,  12289808.4145,  21105675.6232,  -3675.8991,     85.0745,   1824.1220
 5434, -19109310.2516,  12289893.4068,  21107499.6041,  -3675.6437,     84.9102,   1823.8399
 5435, -19112985.7676,  12289978.2350,  21109323.3030,  -3675.3883,     84.7460,   1823.5578
 5436, -19116661.0283,  12290062.8989,  21111146.7198,  -3675.1330,     84.5818,   1823.2758
 5437, -19120336.0336,  12290147.3987,  21112969.8547,  -3674.8777,     84.4177,   1822.9939
 5438, -19124010.7837,  12290231.7344,  21114792.7077,  -3674.6224,     84.2537,   1822.7121
 5439, -19127685.2785,  12290315.9060,  21116615.2789,  -3674.3672,     84.0897,   1822.4303
 5440, -19131359.5182,  12290399.9137,  21118437.5683,  -3674.1121,     83.9257,   1822.1486
 5441, -19135033.5026,  12290483.7575,  21120259.5761,  -3673.8569,     83.7618,   1821.8670
 5442, -19138707.2320,  12290567.4374,  21122081.3023,  -3673.6018,     83.5980,   1821.5854
 5443, -19142380.7063,  12290650.9535,  21123902.7470,  -3673.3468,     83.4342,   1821.3040
 5444, -19146053.9255,  12290734.3059,  21125723.9103,  -3673.0917,     83.2705,   1821.0226
 5445, -19149726.8897,  12290817.4945,  21127544.7922,  -3672.8367,     83.1068,   1820.7412
 5446, -19153399.5990,  12290900.5195,  21129365.3927,  -3672.5818,     82.9432,   1820.4600
 5447, -19157072.0533,  12290983.3810,  21131185.7121,  -3672.3269,     82.7796,   1820.1788
 5448, -19160744.2528,  12291066.0788,  21133005.7503,  -3672.0720,     82.6161,   1819.8976
 5449, -19164416.1974,  12291148.6132,  21134825.5074,  -3671.8172,     82.4527,   1819.6166
 5450, -19168087.8872,  12291230.9842,  21136644.9835,  -3671.5624,     82.2893,   1819.3356
 5451, -19171759.3222,  12291313.1918,  21138464.1787,  -3671.3076,     82.1259,   1819.0547
 5452, -19175430.5024,  12291395.2361,  21140283.0929,  -3671.0529,     81.9626,   1818.7739
 5453, -19179101.4280,  12291477.1171,  21142101.7264,  -3670.7982,     81.7994,   1818.4931
 5454, -19182772.0989,  12291558.8349,  21143920.0792,  -3670.5436,     81.6362,   1818.2124
 5455, -19186442.5152,  12291640.3896,  21145738.1513,  -3670.2890,     81.4731,   1817.9318
 5456, -19190112.6769,  12291721.7812,  21147555.9428,  -3670.0344,     81.3100,   1817.6513
 5457, -19193782.5840,  12291803.0097,  21149373.4538,  -3669.7799,     81.1470,   1817.3708
 5458, -19197452.2367,  12291884.0752,  21151190.6844,  -3669.5254,     80.9841,   1817.0904
 5459, -19201121.6348,  12291964.9778,  21153007.6346,  -3669.2709,     80.8212,   1816.8100
 5460, -19204790.7786,  12292045.7176,  21154824.3045,  -3669.0165,     80.6583,   1816.5298
 5461, -19208459.6679,  12292126.2945,  21156640.6942,  -3668.7622,     80.4955,   1816.2496
 5462, -19212128.3029,  12292206.7086,  21158456.8037,  -3668.5078,     80.3328,   1815.9695
 5463, -19215796.6835,  12292286.9600,  21160272.6332,  -3668.2535,     80.1701,   1815.6894
 5464, -19219464.8099,  12292367.0487,  21162088.1826,  -3667.9993,     80.0074,   1815.4094
 5465, -19223132.6821,  12292446.9749,  21163903.4521,  -3667.7450,     79.8449,   1815.1295
 5466, -19226800.3000,  12292526.7385,  21165718.4417,  -3667.4908,     79.6823,   1814.8497
 5467, -19230467.6638,  12292606.3395,  21167533.1515,  -3667.2367,     79.5199,   1814.5700
 5468, -19234134.7734,  12292685.7782,  21169347.5816,  -3666.9826,     79.3574,   1814.2903
 5469, -19237801.6290,  12292765.0544,  21171161.7321,  -3666.7285,     79.1951,   1814.0106
 5470, -19241468.2305,  12292844.1683,  21172975.6029,  -3666.4745,     79.0328,   1813.7311
 5471, -19245134.5780,  12292923.1200,  21174789.1943,  -3666.2205,     78.8705,   1813.4516
 5472, -19248800.6715,  12293001.9094,  21176602.5062,  -3665.9665,     78.7083,   1813.1722
 5473, -19252466.5111,  12293080.5366,  21178415.5387,  -3665.7126,     78.5462,   1812.8929
 5474, -19256132.0967,  12293159.0017,  21180228.2919,  -3665.4587,     78.3841,   1812.6136
 5475, -19259797.4285,  12293237.3047,  21182040.7660,  -3665.2049,     78.2220,   1812.3344
 5476, -19263462.5065,  12293315.4458,  21183852.9608,  -3664.9511,     78.0600,   1812.0553
 5477, -19267127.3307,  12293393.4248,  21185664.8766,  -3664.6973,     77.8981,   1811.7762
 5478, -19270791.9012,  12293471.2420,  21187476.5133,  -3664.4436,     77.7362,   1811.4973
 5479, -19274456.2179,  12293548.8973,  21189287.8711,  -3664.1899,     77.5744,   1811.2184
 5480, -19278120.2810,  12293626.3908,  21191098.9500,  -3663.9362,     77.4126,   1810.9395
 5481, -19281784.0904,  12293703.7226,  21192909.7502,  -3663.6826,     77.2509,   1810.6607
 5482, -19285447.6462,  12293780.8927,  21194720.2715,  -3663.4290,     77.0893,   1810.3820
 5483, -19289110.9485,  12293857.9011,  21196530.5143,  -3663.1755,     76.9276,   1810.1034
 5484, -19292773.9973,  12293934.7480,  21198340.4784,  -3662.9220,     76.7661,   1809.8249
 5485, -19296436.7925,  12294011.4333,  21200150.1640,  -3662.6685,     76.6046,   1809.5464
 5486, -19300099.3344,  12294087.9572,  21201959.5712,  -3662.4151,     76.4431,   1809.2680
 5487, -19303761.6228,  12294164.3196,  21203768.7000,  -3662.1617,     76.2818,   1808.9896
 5488, -19307423.6578,  12294240.5207,  21205577.5505,  -3661.9084,     76.1204,   1808.7114
 5489, -19311085.4395,  12294316.5605,  21207386.1227,  -3661.6551,     75.9591,   1808.4331
 5490, -19314746.9680,  12294392.4390,  21209194.4168,  -3661.4018,     75.7979,   1808.1550
 5491, -19318408.2431,  12294468.1563,  21211002.4328,  -3661.1485,     75.6367,   1807.8770
 5492, -19322069.2651,  12294543.7125,  21212810.1707,  -3660.8953,     75.4756,   1807.5990
 5493, -19325730.0338,  12294619.1075,  21214617.6307,  -3660.6422,     75.3145,   1807.3210
 5494, -19329390.5494,  12294694.3415,  21216424.8128,  -3660.3891,     75.1535,   1807.0432
 5495, -19333050.8120,  12294769.4146,  21218231.7171,  -3660.1360,     74.9925,   1806.7654
 5496, -19336710.8214,  12294844.3266,  21220038.3437,  -3659.8829,     74.8316,   1806.4877
 5497, -19340370.5778,  12294919.0778,  21221844.6926,  -3659.6299,     74.6708,   1806.2101
 5498, -19344030.0813,  12294993.6682,  21223650.7638,  -3659.3769,     74.5100,   1805.9325
 5499, -19347689.3317,  12295068.0978,  21225456.5576,  -3659.1240,     74.3492,   1805.6550
 5500, -19351348.3293,  12295142.3667,  21227262.0739,  -3658.8711,     74.1885,   1805.3776
 5501, -19355007.0740,  12295216.4749,  21229067.3127,  -3658.6182,     74.0279,   1805.1002
 5502, -19358665.5658,  12295290.4225,  21230872.2743,  -3658.3654,     73.8673,   1804.8229
 5503, -19362323.8048,  12295364.2095,  21232676.9586,  -3658.1126,     73.7068,   1804.5457
 5504, -19365981.7911,  12295437.8360,  21234481.3657,  -3657.8599,     73.5463,   1804.2686
 5505, -19369639.5246,  12295511.3020,  21236285.4957,  -3657.6072,     73.3858,   1803.9915
 5506, -19373297.0055,  12295584.6077,  21238089.3487,  -3657.3545,     73.2255,   1803.7145
 5507, -19376954.2337,  12295657.7530,  21239892.9247,  -3657.1019,     73.0651,   1803.4375
 5508, -19380611.2092,  12295730.7380,  21241696.2238,  -3656.8493,     72.9049,   1803.1607
 5509, -19384267.9322,  12295803.5627,  21243499.2461,  -3656.5967,     72.7447,   1802.8839
 5510, -19387924.4027,  12295876.2273,  21245301.9916,  -3656.3442,     72.5845,   1802.6071
 5511, -19391580.6206,  12295948.7317,  21247104.4604,  -3656.0917,     72.4244,   1802.3305
 5512, -19395236.5861,  12296021.0761,  21248906.6526,  -3655.8393,     72.2643,   1802.0539
 5513, -19398892.2992,  12296093.2604,  21250708.5682,  -3655.5869,     72.1043,   1801.7774
 5514, -19402547.7599,  12296165.2847,  21252510.2074,  -3655.3345,     71.9444,   1801.5009
 5515, -19406202.9682,  12296237.1491,  21254311.5701,  -3655.0822,     71.7845,   1801.2246
 5516, -19409857.9242,  12296308.8537,  21256112.6565,  -3654.8299,     71.6246,   1800.9482
 5517, -19413512.6279,  12296380.3984,  21257913.4666,  -3654.5776,     71.4648,   1800.6720
 5518, -19417167.0794,  12296451.7833,  21259714.0005,  -3654.3254,     71.3051,   1800.3958
 5519, -19420821.2787,  12296523.0085,  21261514.2583,  -3654.0732,     71.1454,   1800.1197
 5520, -19424475.2258,  12296594.0741,  21263314.2400,  -3653.8211,     70.9858,   1799.8437
 5521, -19428128.9208,  12296664.9801,  21265113.9458,  -3653.5689,     70.8262,   1799.5677
 5522, -19431782.3637,  12296735.7265,  21266913.3756,  -3653.3169,     70.6666,   1799.2919
 5523, -19435435.5546,  12296806.3134,  21268712.5295,  -3653.0648,     70.5072,   1799.0160
 5524, -19439088.4934,  12296876.7409,  21270511.4077,  -3652.8128,     70.3478,   1798.7403
 5525, -19442741.1803,  12296947.0089,  21272310.0101,  -3652.5609,     70.1884,   1798.4646
 5526, -19446393.6152,  12297017.1176,  21274108.3369,  -3652.3090,     70.0291,   1798.1890
 5527, -19450045.7983,  12297087.0671,  21275906.3881,  -3652.0571,     69.8698,   1797.9134
 5528, -19453697.7294,  12297156.8573,  21277704.1638,  -3651.8052,     69.7106,   1797.6380
 5529, -19457349.4087,  12297226.4883,  21279501.6641,  -3651.5534,     69.5514,   1797.3626
 5530, -19461000.8363,  12297295.9601,  21281298.8890,  -3651.3017,     69.3923,   1797.0872
 5531, -19464652.0121,  12297365.2729,  21283095.8386,  -3651.0499,     69.2333,   1796.8120
 5532, -19468302.9361,  12297434.4267,  21284892.5130,  -3650.7982,     69.0743,   1796.5368
 5533, -19471953.6085,  12297503.4214,  21286688.9122,  -3650.5466,     68.9153,   1796.2616
 5534, -19475604.0293,  12297572.2573,  21288485.0363,  -3650.2949,     68.7564,   1795.9866
 5535, -19479254.1984,  12297640.9343,  21290280.8854,  -3650.0434,     68.5976,   1795.7116
 5536, -19482904.1160,  12297709.4525,  21292076.4595,  -3649.7918,     68.4388,   1795.4367
 5537, -19486553.7821,  12297777.8119,  21293871.7587,  -3649.5403,     68.2800,   1795.1618
 5538, -19490203.1967,  12297846.0126,  21295666.7832,  -3649.2888,     68.1214,   1794.8871
 5539, -19493852.3598,  12297914.0546,  21297461.5329,  -3649.0374,     67.9627,   1794.6123
 5540, -19497501.2715,  12297981.9380,  21299256.0079,  -3648.7860,     67.8041,   1794.3377
 5541, -19501149.9318,  12298049.6629,  21301050.2083,  -3648.5346,     67.6456,   1794.0631
 5542, -19504798.3408,  12298117.2292,  21302844.1342,  -3648.2833,     67.4871,   1793.7886
 5543, -19508446.4985,  12298184.6371,  21304637.7855,  -3648.0320,     67.3287,   1793.5142
 5544, -19512094.4049,  12298251.8866,  21306431.1625,  -3647.7808,     67.1703,   1793.2398
 5545, -19515742.0600,  12298318.9778,  21308224.2652,  -3647.5296,     67.0120,   1792.9655
 5546, -19519389.4640,  12298385.9107,  21310017.0936,  -3647.2784,     66.8537,   1792.6913
 5547, -19523036.6169,  12298452.6853,  21311809.6478,  -3647.0273,     66.6955,   1792.4171
 5548, -19526683.5186,  12298519.3017,  21313601.9279,  -3646.7762,     66.5374,   1792.1430
 5549, -19530330.1692,  12298585.7600,  21315393.9339,  -3646.5251,     66.3792,   1791.8690
 5550, -19533976.5688,  12298652.0602,  21317185.6659,  -3646.2741,     66.2212,   1791.5951
 5551, -19537622.7174,  12298718.2024,  21318977.1240,  -3646.0231,     66.0632,   1791.3212
 5552, -19541268.6150,  12298784.1866,  21320768.3083,  -3645.7721,     65.9052,   1791.0474
 5553, -19544914.2617,  12298850.0129,  21322559.2188,  -3645.5212,     65.7473,   1790.7736
 5554, -19548559.6575,  12298915.6813,  21324349.8555,  -3645.2704,     65.5895,   1790.4999
 5555, -19552204.8024,  12298981.1918,  21326140.2186,  -3645.0195,     65.4317,   1790.2263
 5556, -19555849.6965,  12299046.5446,  21327930.3082,  -3644.7687,     65.2739,   1789.9528
 5557, -19559494.3398,  12299111.7397,  21329720.1242,  -3644.5180,     65.1162,   1789.6793
 5558, -19563138.7324,  12299176.7771,  21331509.6668,  -3644.2672,     64.9586,   1789.4059
 5559, -19566782.8743,  12299241.6568,  21333298.9360,  -3644.0165,     64.8010,   1789.1326
 5560, -19570426.7655,  12299306.3790,  21335087.9319,  -3643.7659,     64.6434,   1788.8593
 5561, -19574070.4061,  12299370.9437,  21336876.6546,  -3643.5153,     64.4860,   1788.5861
 5562, -19577713.7960,  12299435.3510,  21338665.1041,  -3643.2647,     64.3285,   1788.3130
 5563, -19581356.9355,  12299499.6008,  21340453.2806,  -3643.0141,     64.1711,   1788.0399
 5564, -19584999.8243,  12299563.6932,  21342241.1840,  -3642.7636,     64.0138,   1787.7669
 5565, -19588642.4627,  12299627.6284,  21344028.8144,  -3642.5132,     63.8565,   1787.4940
 5566, -19592284.8507,  12299691.4063,  21345816.1719,  -3642.2627,     63.6993,   1787.2211
 5567, -19595926.9882,  12299755.0270,  21347603.2567,  -3642.0124,     63.5421,   1786.9483
 5568, -19599568.8754,  12299818.4905,  21349390.0686,  -3641.7620,     63.3850,   1786.6756
 5569, -19603210.5122,  12299881.7970,  21351176.6079,  -3641.5117,     63.2279,   1786.4030
 5570, -19606851.8988,  12299944.9464,  21352962.8746,  -3641.2614,     63.0709,   1786.1304
 5571, -19610493.0350,  12300007.9388,  21354748.8687,  -3641.0111,     62.9139,   1785.8579
 5572, -19614133.9211,  12300070.7742,  21356534.5903,  -3640.7609,     62.7570,   1785.5854
 5573, -19617774.5569,  12300133.4528,  21358320.0395,  -3640.5108,     62.6001,   1785.3130
 5574, -19621414.9426,  12300195.9745,  21360105.2164,  -3640.2606,     62.4433,   1785.0407
 5575, -19625055.0782,  12300258.3394,  21361890.1209,  -3640.0105,     62.2865,   1784.7685
 5576, -19628694.9637,  12300320.5476,  21363674.7533,  -3639.7605,     62.1298,   1784.4963
 5577, -19632334.5992,  12300382.5991,  21365459.1135,  -3639.5105,     61.9732,   1784.2242
 5578, -19635973.9847,  12300444.4939,  21367243.2017,  -3639.2605,     61.8166,   1783.9521
 5579, -19639613.1201,  12300506.2322,  21369027.0178,  -3639.0105,     61.6600,   1783.6802
 5580, -19643252.0057,  12300567.8139,  21370810.5621,  -3638.7606,     61.5035,   1783.4083
 5581, -19646890.6414,  12300629.2392,  21372593.8344,  -3638.5107,     61.3470,   1783.1364
 5582, -19650529.0272,  12300690.5080,  21374376.8349,  -3638.2609,     61.1906,   1782.8647
 5583, -19654167.1632,  12300751.6204,  21376159.5637,  -3638.0111,     61.0343,   1782.5930
 5584, -19657805.0494,  12300812.5765,  21377942.0209,  -3637.7613,     60.8780,   1782.3213
 5585, -19661442.6859,  12300873.3764,  21379724.2064,  -3637.5116,     60.7217,   1782.0498
 5586, -19665080.0726,  12300934.0200,  21381506.1204,  -3637.2619,     60.5655,   1781.7783
 5587, -19668717.2097,  12300994.5074,  21383287.7630,  -3637.0123,     60.4094,   1781.5068
 5588, -19672354.0971,  12301054.8387,  21385069.1341,  -3636.7626,     60.2533,   1781.2355
 5589, -19675990.7350,  12301115.0140,  21386850.2339,  -3636.5131,     60.0972,   1780.9642
 5590, -19679627.1233,  12301175.0332,  21388631.0625,  -3636.2635,     59.9412,   1780.6929
 5591, -19683263.2620,  12301234.8964,  21390411.6198,  -3636.0140,     59.7853,   1780.4218
 5592, -19686899.1513,  12301294.6037,  21392191.9061,  -3635.7645,     59.6294,   1780.1507
 5593, -19690534.7912,  12301354.1552,  21393971.9212,  -3635.5151,     59.4735,   1779.8797
 5594, -19694170.1816,  12301413.5508,  21395751.6654,  -3635.2657,     59.3177,   1779.6087
 5595, -19697805.3226,  12301472.7907,  21397531.1387,  -3635.0164,     59.1620,   1779.3378
 5596, -19701440.2143,  12301531.8749,  21399310.3411,  -3634.7670,     59.0063,   1779.0670
 5597, -19705074.8567,  12301590.8033,  21401089.2727,  -3634.5178,     58.8507,   1778.7962
 5598, -19708709.2498,  12301649.5762,  21402867.9336,  -3634.2685,     58.6951,   1778.5256
 5599, -19712343.3937,  12301708.1935,  21404646.3238,  -3634.0193,     58.5395,   1778.2549
 5600, -19715977.2884,  12301766.6553,  21406424.4435,  -3633.7701,     58.3841,   1777.9844
 5601, -19719610.9339,  12301824.9617,  21408202.2926,  -3633.5210,     58.2286,   1777.7139
 5602, -19723244.3304,  12301883.1126,  21409979.8713,  -3633.2719,     58.0732,   1777.4435
 5603, -19726877.4777,  12301941.1082,  21411757.1796,  -3633.0228,     57.9179,   1777.1731
 5604, -19730510.3760,  12301998.9484,  21413534.2176,  -3632.7738,     57.7626,   1776.9028
 5605, -19734143.0253,  12302056.6335,  21415310.9853,  -3632.5248,     57.6074,   1776.6326
 5606, -19737775.4256,  12302114.1633,  21417087.4829,  -3632.2758,     57.4522,   1776.3625
 5607, -19741407.5770,  12302171.5379,  21418863.7103,  -3632.0269,     57.2971,   1776.0924
 5608, -19745039.4795,  12302228.7574,  21420639.6677,  -3631.7780,     57.1420,   1775.8224
 5609, -19748671.1331,  12302285.8219,  21422415.3551,  -3631.5292,     56.9870,   1775.5524
 5610, -19752302.5379,  12302342.7314,  21424190.7726,  -3631.2804,     56.8320,   1775.2826
 5611, -19755933.6939,  12302399.4859,  21425965.9202,  -3631.0316,     56.6771,   1775.0127
 5612, -19759564.6011,  12302456.0855,  21427740.7981,  -3630.7829,     56.5222,   1774.7430
 5613, -19763195.2596,  12302512.5303,  21429515.4062,  -3630.5342,     56.3674,   1774.4733
 5614, -19766825.6695,  12302568.8203,  21431289.7447,  -3630.2855,     56.2126,   1774.2037
 5615, -19770455.8307,  12302624.9555,  21433063.8137,  -3630.0369,     56.0579,   1773.9342
 5616, -19774085.7433,  12302680.9360,  21434837.6131,  -3629.7883,     55.9032,   1773.6647
 5617, -19777715.4073,  12302736.7619,  21436611.1430,  -3629.5398,     55.7486,   1773.3953
 5618, -19781344.8228,  12302792.4331,  21438384.4036,  -3629.2912,     55.5940,   1773.1259
 5619, -19784973.9898,  12302847.9498,  21440157.3949,  -3629.0428,     55.4395,   1772.8566
 5620, -19788602.9084,  12302903.3121,  21441930.1169,  -3628.7943,     55.2850,   1772.5874
 5621, -19792231.5785,  12302958.5198,  21443702.5697,  -3628.5459,     55.1306,   1772.3183
 5622, -19795860.0002,  12303013.5732,  21445474.7535,  -3628.2976,     54.9762,   1772.0492
 5623, -19799488.1736,  12303068.4722,  21447246.6682,  -3628.0492,     54.8219,   1771.7802
 5624, -19803116.0987,  12303123.2169,  21449018.3139,  -3627.8009,     54.6676,   1771.5112
 5625, -19806743.7755,  12303177.8074,  21450789.6907,  -3627.5527,     54.5134,   1771.2424
 5626, -19810371.2040,  12303232.2437,  21452560.7986,  -3627.3044,     54.3592,   1770.9736
 5627, -19813998.3844,  12303286.5258,  21454331.6378,  -3627.0563,     54.2051,   1770.7048
 5628, -19817625.3166,  12303340.6538,  21456102.2083,  -3626.8081,     54.0510,   1770.4361
 5629, -19821252.0006,  12303394.6278,  21457872.5101,  -3626.5600,     53.8970,   1770.1675
 5630, -19824878.4366,  12303448.4478,  21459642.5433,  -3626.3119,     53.7430,   1769.8990
 5631, -19828504.6245,  12303502.1139,  21461412.3080,  -3626.0639,     53.5891,   1769.6305
 5632, -19832130.5644,  12303555.6260,  21463181.8043,  -3625.8159,     53.4352,   1769.3621
 5633, -19835756.2563,  12303608.9843,  21464951.0322,  -3625.5679,     53.2814,   1769.0937
 5634, -19839381.7002,  12303662.1888,  21466719.9918,  -3625.3200,     53.1276,   1768.8254
 5635, -19843006.8962,  12303715.2396,  21468488.6831,  -3625.0721,     52.9739,   1768.5572
 5636, -19846631.8444,  12303768.1366,  21470257.1063,  -3624.8242,     52.8202,   1768.2891
 5637, -19850256.5447,  12303820.8801,  21472025.2613,  -3624.5764,     52.6666,   1768.0210
 5638, -19853880.9972,  12303873.4699,  21473793.1483,  -3624.3286,     52.5130,   1767.7530
 5639, -19857505.2020,  12303925.9061,  21475560.7673,  -3624.0809,     52.3595,   1767.4850
 5640, -19861129.1590,  12303978.1889,  21477328.1184,  -3623.8332,     52.2060,   1767.2172
 5641, -19864752.8683,  12304030.3183,  21479095.2017,  -3623.5855,     52.0526,   1766.9493
 5642, -19868376.3300,  12304082.2942,  21480862.0171,  -3623.3379,     51.8993,   1766.6816
 5643, -19871999.5440,  12304134.1168,  21482628.5649,  -3623.0902,     51.7459,   1766.4139
 5644, -19875622.5105,  12304185.7861,  21484394.8450,  -3622.8427,     51.5927,   1766.1463
 5645, -19879245.2294,  12304237.3021,  21486160.8575,  -3622.5952,     51.4394,   1765.8787
 5646, -19882867.7008,  12304288.6650,  21487926.6025,  -3622.3477,     51.2863,   1765.6113
 5647, -19886489.9247,  12304339.8747,  21489692.0800,  -3622.1002,     51.1331,   1765.3438
 5648, -19890111.9012,  12304390.9313,  21491457.2901,  -3621.8528,     50.9801,   1765.0765
 5649, -19893733.6303,  12304441.8348,  21493222.2330,  -3621.6054,     50.8270,   1764.8092
 5650, -19897355.1120,  12304492.5854,  21494986.9085,  -3621.3580,     50.6741,   1764.5420
 5651, -19900976.3464,  12304543.1830,  21496751.3169,  -3621.1107,     50.5212,   1764.2748
 5652, -19904597.3335,  12304593.6277,  21498515.4582,  -3620.8635,     50.3683,   1764.0077
 5653, -19908218.0733,  12304643.9196,  21500279.3324,  -3620.6162,     50.2155,   1763.7407
 5654, -19911838.5660,  12304694.0586,  21502042.9396,  -3620.3690,     50.0627,   1763.4737
 5655, -19915458.8114,  12304744.0449,  21503806.2799,  -3620.1218,     49.9100,   1763.2068
 5656, -19919078.8097,  12304793.8785,  21505569.3533,  -3619.8747,     49.7573,   1762.9400
 5657, -19922698.5608,  12304843.5595,  21507332.1599,  -3619.6276,     49.6046,   1762.6733
 5658, -19926318.0649,  12304893.0879,  21509094.6998,  -3619.3806,     49.4521,   1762.4066
 5659, -19929937.3220,  12304942.4637,  21510856.9731,  -3619.1335,     49.2995,   1762.1399
 5660, -19933556.3320,  12304991.6870,  21512618.9797,  -3618.8866,     49.1471,   1761.8734
 5661, -19937175.0951,  12305040.7578,  21514380.7198,  -3618.6396,     48.9946,   1761.6069
 5662, -19940793.6113,  12305089.6763,  21516142.1935,  -3618.3927,     48.8423,   1761.3404
 5663, -19944411.8805,  12305138.4424,  21517903.4007,  -3618.1458,     48.6899,   1761.0741
 5664, -19948029.9029,  12305187.0561,  21519664.3416,  -3617.8990,     48.5376,   1760.8078
 5665, -19951647.6785,  12305235.5177,  21521425.0163,  -3617.6522,     48.3854,   1760.5415
 5666, -19955265.2073,  12305283.8270,  21523185.4247,  -3617.4054,     48.2332,   1760.2754
 5667, -19958882.4893,  12305331.9842,  21524945.5670,  -3617.1587,     48.0811,   1760.0093
 5668, -19962499.5246,  12305379.9892,  21526705.4432,  -3616.9120,     47.9290,   1759.7432
 5669, -19966116.3133,  12305427.8422,  21528465.0534,  -3616.6653,     47.7770,   1759.4772
 5670, -19969732.8553,  12305475.5432,  21530224.3977,  -3616.4187,     47.6250,   1759.2113
 5671, -19973349.1507,  12305523.0922,  21531983.4761,  -3616.1721,     47.4731,   1758.9455
 5672, -19976965.1995,  12305570.4894,  21533742.2887,  -3615.9256,     47.3212,   1758.6797
 5673, -19980581.0018,  12305617.7346,  21535500.8355,  -3615.6790,     47.1693,   1758.4140
 5674, -19984196.5576,  12305664.8281,  21537259.1167,  -3615.4326,     47.0176,   1758.1483
 5675, -19987811.8669,  12305711.7697,  21539017.1323,  -3615.1861,     46.8658,   1757.8828
 5676, -19991426.9298,  12305758.5597,  21540774.8822,  -3614.9397,     46.7141,   1757.6172
 5677, -19995041.7463,  12305805.1980,  21542532.3668,  -3614.6933,     46.5625,   1757.3518
 5678, -19998656.3165,  12305851.6847,  21544289.5858,  -3614.4470,     46.4109,   1757.0864
 5679, -20002270.6403,  12305898.0198,  21546046.5396,  -3614.2007,     46.2593,   1756.8211
 5680, -20005884.7179,  12305944.2034,  21547803.2280,  -3613.9544,     46.1079,   1756.5558
 5681, -20009498.5492,  12305990.2355,  21549559.6513,  -3613.7082,     45.9564,   1756.2906
 5682, -20013112.1343,  12306036.1162,  21551315.8093,  -3613.4620,     45.8050,   1756.0255
 5683, -20016725.4732,  12306081.8456,  21553071.7023,  -3613.2159,     45.6537,   1755.7604
 5684, -20020338.5660,  12306127.4236,  21554827.3302,  -3612.9697,     45.5024,   1755.4954
 5685, -20023951.4127,  12306172.8503,  21556582.6932,  -3612.7237,     45.3511,   1755.2305
 5686, -20027564.0134,  12306218.1259,  21558337.7913,  -3612.4776,     45.1999,   1754.9656
 5687, -20031176.3680,  12306263.2502,  21560092.6245,  -3612.2316,     45.0488,   1754.7008
 5688, -20034788.4766,  12306308.2234,  21561847.1930,  -3611.9856,     44.8977,   1754.4361
 5689, -20038400.3392,  12306353.0455,  21563601.4968,  -3611.7397,     44.7466,   1754.1714
 5690, -20042011.9560,  12306397.7166,  21565355.5359,  -3611.4938,     44.5956,   1753.9068
 5691, -20045623.3268,  12306442.2368,  21567109.3105,  -3611.2479,     44.4446,   1753.6423
 5692, -20049234.4518,  12306486.6059,  21568862.8205,  -3611.0021,     44.2937,   1753.3778
 5693, -20052845.3310,  12306530.8243,  21570616.0661,  -3610.7563,     44.1429,   1753.1134
 5694, -20056455.9644,  12306574.8917,  21572369.0473,  -3610.5105,     43.9921,   1752.8491
 5695, -20060066.3520,  12306618.8084,  21574121.7642,  -3610.2648,     43.8413,   1752.5848
 5696, -20063676.4940,  12306662.5744,  21575874.2169,  -3610.0191,     43.6906,   1752.3205
 5697, -20067286.3903,  12306706.1896,  21577626.4053,  -3609.7735,     43.5399,   1752.0564
 5698, -20070896.0409,  12306749.6542,  21579378.3297,  -3609.5278,     43.3893,   1751.7923
 5699, -20074505.4460,  12306792.9682,  21581129.9900,  -3609.2823,     43.2387,   1751.5283
 5700, -20078114.6055,  12306836.1317,  21582881.3863,  -3609.0367,     43.0882,   1751.2643
 5701, -20081723.5194,  12306879.1447,  21584632.5186,  -3608.7912,     42.9378,   1751.0004
 5702, -20085332.1879,  12306922.0073,  21586383.3871,  -3608.5457,     42.7873,   1750.7366
 5703, -20088940.6109,  12306964.7194,  21588133.9918,  -3608.3003,     42.6370,   1750.4728
 5704, -20092548.7885,  12307007.2812,  21589884.3328,  -3608.0549,     42.4866,   1750.2091
 5705, -20096156.7207,  12307049.6927,  21591634.4101,  -3607.8095,     42.3364,   1749.9455
 5706, -20099764.4076,  12307091.9539,  21593384.2238,  -3607.5642,     42.1861,   1749.6819
 5707, -20103371.8491,  12307134.0649,  21595133.7740,  -3607.3189,     42.0359,   1749.4184
 5708, -20106979.0454,  12307176.0258,  21596883.0606,  -3607.0737,     41.8858,   1749.1550
 5709, -20110585.9965,  12307217.8366,  21598632.0839,  -3606.8284,     41.7357,   1748.8916
 5710, -20114192.7023,  12307259.4973,  21600380.8438,  -3606.5832,     41.5857,   1748.6283
 5711, -20117799.1630,  12307301.0080,  21602129.3405,  -3606.3381,     41.4357,   1748.3650
 5712, -20121405.3785,  12307342.3687,  21603877.5739,  -3606.0930,     41.2858,   1748.1018
 5713, -20125011.3489,  12307383.5795,  21605625.5441,  -3605.8479,     41.1359,   1747.8387
 5714, -20128617.0743,  12307424.6405,  21607373.2513,  -3605.6029,     40.9860,   1747.5756
 5715, -20132222.5546,  12307465.5516,  21609120.6954,  -3605.3578,     40.8362,   1747.3126
 5716, -20135827.7900,  12307506.3130,  21610867.8766,  -3605.1129,     40.6865,   1747.0497
 5717, -20139432.7804,  12307546.9246,  21612614.7949,  -3604.8679,     40.5368,   1746.7869
 5718, -20143037.5259,  12307587.3866,  21614361.4503,  -3604.6230,     40.3871,   1746.5240
 5719, -20146642.0265,  12307627.6989,  21616107.8430,  -3604.3782,     40.2375,   1746.2613
 5720, -20150246.2822,  12307667.8617,  21617853.9730,  -3604.1333,     40.0880,   1745.9986
 5721, -20153850.2932,  12307707.8749,  21619599.8403,  -3603.8885,     39.9385,   1745.7360
 5722, -20157454.0593,  12307747.7387,  21621345.4450,  -3603.6438,     39.7890,   1745.4735
 5723, -20161057.5807,  12307787.4530,  21623090.7873,  -3603.3991,     39.6396,   1745.2110
 5724, -20164660.8575,  12307827.0179,  21624835.8671,  -3603.1544,     39.4903,   1744.9486
 5725, -20168263.8895,  12307866.4335,  21626580.6845,  -3602.9097,     39.3409,   1744.6862
 5726, -20171866.6769,  12307905.6998,  21628325.2395,  -3602.6651,     39.1917,   1744.4239
 5727, -20175469.2197,  12307944.8169,  21630069.5324,  -3602.4205,     39.0425,   1744.1617
 5728, -20179071.5180,  12307983.7848,  21631813.5630,  -3602.1760,     38.8933,   1743.8995
 5729, -20182673.5717,  12308022.6035,  21633557.3315,  -3601.9315,     38.7442,   1743.6374
 5730, -20186275.3810,  12308061.2731,  21635300.8379,  -3601.6870,     38.5951,   1743.3754
 5731, -20189876.9457,  12308099.7937,  21637044.0823,  -3601.4426,     38.4461,   1743.1134
 5732, -20193478.2661,  12308138.1653,  21638787.0648,  -3601.1982,     38.2971,   1742.8515
 5733, -20197079.3421,  12308176.3879,  21640529.7854,  -3600.9538,     38.1482,   1742.5897
 5734, -20200680.1737,  12308214.4616,  21642272.2442,  -3600.7095,     37.9993,   1742.3279
 5735, -20204280.7610,  12308252.3864,  21644014.4412,  -3600.4652,     37.8504,   1742.0662
 5736, -20207881.1041,  12308290.1625,  21645756.3766,  -3600.2209,     37.7016,   1741.8045
 5737, -20211481.2029,  12308327.7898,  21647498.0503,  -3599.9767,     37.5529,   1741.5429
 5738, -20215081.0574,  12308365.2683,  21649239.4625,  -3599.7325,     37.4042,   1741.2814
 5739, -20218680.6679,  12308402.5982,  21650980.6132,  -3599.4883,     37.2556,   1741.0200
 5740, -20222280.0341,  12308439.7795,  21652721.5024,  -3599.2442,     37.1070,   1740.7586
 5741, -20225879.1563,  12308476.8122,  21654462.1303,  -3599.0001,     36.9584,   1740.4972
 5742, -20229478.0344,  12308513.6963,  21656202.4969,  -3598.7561,     36.8099,   1740.2360
 5743, -20233076.6685,  12308550.4320,  21657942.6023,  -3598.5121,     36.6615,   1739.9747
 5744, -20236675.0586,  12308587.0193,  21659682.4464,  -3598.2681,     36.5131,   1739.7136
 5745, -20240273.2047,  12308623.4582,  21661422.0295,  -3598.0242,     36.3647,   1739.4525
 5746, -20243871.1070,  12308659.7487,  21663161.3515,  -3597.7803,     36.2164,   1739.1915
 5747, -20247468.7653,  12308695.8909,  21664900.4125,  -3597.5364,     36.0681,   1738.9305
 5748, -20251066.1797,  12308731.8850,  21666639.2126,  -3597.2926,     35.9199,   1738.6697
 5749, -20254663.3504,  12308767.7308,  21668377.7518,  -3597.0488,     35.7717,   1738.4088
 5750, -20258260.2773,  12308803.4284,  21670116.0303,  -3596.8050,     35.6236,   1738.1481
 5751, -20261856.9604,  12308838.9780,  21671854.0480,  -3596.5613,     35.4755,   1737.8874
 5752, -20265453.3998,  12308874.3795,  21673591.8050,  -3596.3176,     35.3275,   1737.6267
 5753, -20269049.5956,  12308909.6331,  21675329.3014,  -3596.0739,     35.1795,   1737.3661
 5754, -20272645.5477,  12308944.7386,  21677066.5373,  -3595.8303,     35.0316,   1737.1056
 5755, -20276241.2562,  12308979.6963,  21678803.5127,  -3595.5867,     34.8837,   1736.8452
 5756, -20279836.7211,  12309014.5061,  21680540.2277,  -3595.3432,     34.7359,   1736.5848
 5757, -20283431.9425,  12309049.1680,  21682276.6824,  -3595.0996,     34.5881,   1736.3245
 5758, -20287026.9204,  12309083.6822,  21684012.8767,  -3594.8562,     34.4403,   1736.0642
 5759, -20290621.6548,  12309118.0487,  21685748.8108,  -3594.6127,     34.2926,   1735.8040
 5760, -20294216.1458,  12309152.2675,  21687484.4848,  -3594.3693,     34.1450,   1735.5439
 5761, -20297810.3934,  12309186.3387,  21689219.8986,  -3594.1259,     33.9974,   1735.2838
 5762, -20301404.3977,  12309220.2623,  21690955.0524,  -3593.8826,     33.8498,   1735.0238
 5763, -20304998.1586,  12309254.0384,  21692689.9462,  -3593.6393,     33.7023,   1734.7639
 5764, -20308591.6762,  12309287.6670,  21694424.5801,  -3593.3960,     33.5549,   1734.5040
 5765, -20312184.9506,  12309321.1481,  21696158.9542,  -3593.1528,     33.4075,   1734.2442
 5766, -20315777.9818,  12309354.4819,  21697893.0685,  -3592.9096,     33.2601,   1733.9844
 5767, -20319370.7698,  12309387.6683,  21699626.9230,  -3592.6664,     33.1128,   1733.7247
 5768, -20322963.3146,  12309420.7075,  21701360.5179,  -3592.4233,     32.9655,   1733.4651
 5769, -20326555.6164,  12309453.5993,  21703093.8532,  -3592.1802,     32.8183,   1733.2055
 5770, -20330147.6751,  12309486.3440,  21704826.9290,  -3591.9371,     32.6711,   1732.9460
 5771, -20333739.4907,  12309518.9415,  21706559.7453,  -3591.6941,     32.5240,   1732.6866
 5772, -20337331.0633,  12309551.3919,  21708292.3021,  -3591.4511,     32.3769,   1732.4272
 5773, -20340922.3929,  12309583.6953,  21710024.5996,  -3591.2082,     32.2298,   1732.1679
 5774, -20344513.4797,  12309615.8516,  21711756.6379,  -3590.9653,     32.0828,   1731.9086
 5775, -20348104.3235,  12309647.8609,  21713488.4169,  -3590.7224,     31.9359,   1731.6494
 5776, -20351694.9244,  12309679.7234,  21715219.9367,  -3590.4795,     31.7890,   1731.3903
 5777, -20355285.2826,  12309711.4390,  21716951.1975,  -3590.2367,     31.6421,   1731.1312
 5778, -20358875.3979,  12309743.0077,  21718682.1992,  -3589.9939,     31.4953,   1730.8722
 5779, -20362465.2705,  12309774.4296,  21720412.9420,  -3589.7512,     31.3486,   1730.6133
 5780, -20366054.9003,  12309805.7049,  21722143.4258,  -3589.5085,     31.2019,   1730.3544
 5781, -20369644.2875,  12309836.8334,  21723873.6508,  -3589.2658,     31.0552,   1730.0956
 5782, -20373233.4320,  12309867.8153,  21725603.6170,  -3589.0232,     30.9086,   1729.8368
 5783, -20376822.3339,  12309898.6506,  21727333.3245,  -3588.7806,     30.7620,   1729.5781
 5784, -20380410.9932,  12309929.3393,  21729062.7733,  -3588.5380,     30.6155,   1729.3195
 5785, -20383999.4099,  12309959.8816,  21730791.9635,  -3588.2955,     30.4690,   1729.0609
 5786, -20387587.5842,  12309990.2774,  21732520.8952,  -3588.0530,     30.3226,   1728.8024
 5787, -20391175.5159,  12310020.5268,  21734249.5684,  -3587.8105,     30.1762,   1728.5440
 5788, -20394763.2053,  12310050.6298,  21735977.9832,  -3587.5681,     30.0299,   1728.2856
 5789, -20398350.6522,  12310080.5865,  21737706.1396,  -3587.3257,     29.8836,   1728.0273
 5790, -20401937.8567,  12310110.3970,  21739434.0378,  -3587.0834,     29.7373,   1727.7690
 5791, -20405524.8189,  12310140.0612,  21741161.6777,  -3586.8410,     29.5911,   1727.5108
 5792, -20409111.5388,  12310169.5792,  21742889.0595,  -3586.5988,     29.4450,   1727.2527
 5793, -20412698.0165,  12310198.9512,  21744616.1832,  -3586.3565,     29.2989,   1726.9946
 5794, -20416284.2519,  12310228.1770,  21746343.0488,  -3586.1143,     29.1528,   1726.7366
 5795, -20419870.2451,  12310257.2568,  21748069.6565,  -3585.8721,     29.0068,   1726.4787
 5796, -20423455.9961,  12310286.1906,  21749796.0062,  -3585.6300,     28.8608,   1726.2208
 5797, -20427041.5050,  12310314.9785,  21751522.0981,  -3585.3879,     28.7149,   1725.9630
 5798, -20430626.7719,  12310343.6205,  21753247.9322,  -3585.1458,     28.5690,   1725.7052
 5799, -20434211.7966,  12310372.1166,  21754973.5086,  -3584.9037,     28.4232,   1725.4475
 5800, -20437796.5794,  12310400.4669,  21756698.8273,  -3584.6617,     28.2774,   1725.1899
 5801, -20441381.1201,  12310428.6715,  21758423.8885,  -3584.4198,     28.1317,   1724.9323
 5802, -20444965.4189,  12310456.7303,  21760148.6920,  -3584.1778,     27.9860,   1724.6748
 5803, -20448549.4758,  12310484.6435,  21761873.2381,  -3583.9359,     27.8404,   1724.4174
 5804, -20452133.2908,  12310512.4111,  21763597.5268,  -3583.6941,     27.6948,   1724.1600
 5805, -20455716.8640,  12310540.0331,  21765321.5581,  -3583.4522,     27.5492,   1723.9027
 5806, -20459300.1953,  12310567.5095,  21767045.3321,  -3583.2104,     27.4037,   1723.6454
 5807, -20462883.2849,  12310594.8405,  21768768.8489,  -3582.9687,     27.2583,   1723.3882
 5808, -20466466.1327,  12310622.0261,  21770492.1085,  -3582.7270,     27.1129,   1723.1311
 5809, -20470048.7388,  12310649.0662,  21772215.1110,  -3582.4853,     26.9675,   1722.8740
 5810, -20473631.1033,  12310675.9611,  21773937.8565,  -3582.2436,     26.8222,   1722.6170
 5811, -20477213.2261,  12310702.7106,  21775660.3450,  -3582.0020,     26.6769,   1722.3600
 5812, -20480795.1073,  12310729.3149,  21777382.5765,  -3581.7604,     26.5317,   1722.1031
 5813, -20484376.7469,  12310755.7739,  21779104.5512,  -3581.5189,     26.3865,   1721.8463
 5814, -20487958.1450,  12310782.0879,  21780826.2691,  -3581.2773,     26.2414,   1721.5895
 5815, -20491539.3016,  12310808.2567,  21782547.7302,  -3581.0359,     26.0963,   1721.3328
 5816, -20495120.2167,  12310834.2804,  21784268.9347,  -3580.7944,     25.9512,   1721.0762
 5817, -20498700.8904,  12310860.1591,  21785989.8826,  -3580.5530,     25.8062,   1720.8196
 5818, -20502281.3227,  12310885.8929,  21787710.5739,  -3580.3116,     25.6613,   1720.5630
 5819, -20505861.5137,  12310911.4817,  21789431.0087,  -3580.0703,     25.5164,   1720.3066
 5820, -20509441.4633,  12310936.9256,  21791151.1871,  -3579.8290,     25.3715,   1720.0502
 5821, -20513021.1716,  12310962.2247,  21792871.1091,  -3579.5877,     25.2267,   1719.7938
 5822, -20516600.6387,  12310987.3790,  21794590.7748,  -3579.3465,     25.0819,   1719.5376
 5823, -20520179.8645,  12311012.3886,  21796310.1843,  -3579.1053,     24.9372,   1719.2814
 5824, -20523758.8492,  12311037.2534,  21798029.3375,  -3578.8641,     24.7925,   1719.0252
 5825, -20527337.5927,  12311061.9737,  21799748.2347,  -3578.6230,     24.6479,   1718.7691
 5826, -20530916.0951,  12311086.5493,  21801466.8758,  -3578.3819,     24.5033,   1718.5131
 5827, -20534494.3564,  12311110.9803,  21803185.2608,  -3578.1408,     24.3588,   1718.2571
 5828, -20538072.3767,  12311135.2668,  21804903.3900,  -3577.8998,     24.2143,   1718.0012
 5829, -20541650.1560,  12311159.4089,  21806621.2633,  -3577.6588,     24.0698,   1717.7453
 5830, -20545227.6942,  12311183.4065,  21808338.8807,  -3577.4178,     23.9254,   1717.4896
 5831, -20548804.9916,  12311207.2598,  21810056.2424,  -3577.1769,     23.7811,   1717.2338
 5832, -20552382.0480,  12311230.9687,  21811773.3484,  -3576.9360,     23.6368,   1716.9782
 5833, -20555958.8636,  12311254.5333,  21813490.1987,  -3576.6951,     23.4925,   1716.7226
 5834, -20559535.4383,  12311277.9537,  21815206.7935,  -3576.4543,     23.3483,   1716.4670
 5835, -20563111.7722,  12311301.2299,  21816923.1328,  -3576.2135,     23.2041,   1716.2115
 5836, -20566687.8653,  12311324.3620,  21818639.2166,  -3575.9728,     23.0600,   1715.9561
 5837, -20570263.7177,  12311347.3499,  21820355.0451,  -3575.7321,     22.9159,   1715.7008
 5838, -20573839.3294,  12311370.1938,  21822070.6182,  -3575.4914,     22.7719,   1715.4455
 5839, -20577414.7005,  12311392.8936,  21823785.9360,  -3575.2507,     22.6279,   1715.1902
 5840, -20580989.8309,  12311415.4495,  21825500.9987,  -3575.0101,     22.4839,   1714.9351
 5841, -20584564.7207,  12311437.8615,  21827215.8062,  -3574.7695,     22.3400,   1714.6799
 5842, -20588139.3700,  12311460.1296,  21828930.3586,  -3574.5290,     22.1962,   1714.4249
 5843, -20591713.7787,  12311482.2539,  21830644.6560,  -3574.2885,     22.0524,   1714.1699
 5844, -20595287.9469,  12311504.2343,  21832358.6984,  -3574.0480,     21.9086,   1713.9150
 5845, -20598861.8747,  12311526.0711,  21834072.4859,  -3573.8076,     21.7649,   1713.6601
 5846, -20602435.5620,  12311547.7641,  21835786.0186,  -3573.5671,     21.6212,   1713.4053
 5847, -20606009.0090,  12311569.3135,  21837499.2965,  -3573.3268,     21.4776,   1713.1505
 5848, -20609582.2156,  12311590.7193,  21839212.3196,  -3573.0864,     21.3340,   1712.8958
 5849, -20613155.1819,  12311611.9815,  21840925.0882,  -3572.8461,     21.1905,   1712.6412
 5850, -20616727.9079,  12311633.1002,  21842637.6021,  -3572.6059,     21.0470,   1712.3866
 5851, -20620300.3936,  12311654.0754,  21844349.8615,  -3572.3656,     20.9035,   1712.1321
 5852, -20623872.6391,  12311674.9072,  21846061.8664,  -3572.1254,     20.7601,   1711.8777
 5853, -20627444.6445,  12311695.5956,  21847773.6169,  -3571.8853,     20.6168,   1711.6233
 5854, -20631016.4097,  12311716.1407,  21849485.1130,  -3571.6451,     20.4734,   1711.3690
 5855, -20634587.9348,  12311736.5425,  21851196.3549,  -3571.4050,     20.3302,   1711.1147
 5856, -20638159.2198,  12311756.8011,  21852907.3425,  -3571.1650,     20.1870,   1710.8605
 5857, -20641730.2647,  12311776.9165,  21854618.0759,  -3570.9250,     20.0438,   1710.6064
 5858, -20645301.0697,  12311796.8887,  21856328.5552,  -3570.6850,     19.9006,   1710.3523
 5859, -20648871.6347,  12311816.7178,  21858038.7805,  -3570.4450,     19.7576,   1710.0983
 5860, -20652441.9597,  12311836.4038,  21859748.7518,  -3570.2051,     19.6145,   1709.8443
 5861, -20656012.0448,  12311855.9468,  21861458.4691,  -3569.9652,     19.4715,   1709.5904
 5862, -20659581.8901,  12311875.3468,  21863167.9326,  -3569.7253,     19.3286,   1709.3366
 5863, -20663151.4955,  12311894.6040,  21864877.1423,  -3569.4855,     19.1857,   1709.0828
 5864, -20666720.8611,  12311913.7182,  21866586.0982,  -3569.2457,     19.0428,   1708.8291
 5865, -20670289.9870,  12311932.6896,  21868294.8004,  -3569.0060,     18.9000,   1708.5754
 5866, -20673858.8731,  12311951.5182,  21870003.2490,  -3568.7663,     18.7572,   1708.3218
 5867, -20677427.5195,  12311970.2040,  21871711.4441,  -3568.5266,     18.6145,   1708.0683
 5868, -20680995.9262,  12311988.7471,  21873419.3856,  -3568.2869,     18.4718,   1707.8148
 5869, -20684564.0934,  12312007.1476,  21875127.0737,  -3568.0473,     18.3292,   1707.5614
 5870, -20688132.0209,  12312025.4055,  21876834.5083,  -3567.8077,     18.1866,   1707.3080
 5871, -20691699.7088,  12312043.5208,  21878541.6897,  -3567.5682,     18.0440,   1707.0547
 5872, -20695267.1573,  12312061.4936,  21880248.6178,  -3567.3287,     17.9015,   1706.8015
 5873, -20698834.3662,  12312079.3239,  21881955.2927,  -3567.0892,     17.7591,   1706.5483
 5874, -20702401.3357,  12312097.0117,  21883661.7144,  -3566.8498,     17.6167,   1706.2952
 5875, -20705968.0657,  12312114.5572,  21885367.8831,  -3566.6103,     17.4743,   1706.0421
 5876, -20709534.5564,  12312131.9603,  21887073.7987,  -3566.3710,     17.3320,   1705.7891
 5877, -20713100.8077,  12312149.2211,  21888779.4614,  -3566.1316,     17.1897,   1705.5362
 5878, -20716666.8196,  12312166.3397,  21890484.8711,  -3565.8923,     17.0474,   1705.2833
 5879, -20720232.5923,  12312183.3160,  21892190.0280,  -3565.6531,     16.9053,   1705.0305
 5880, -20723798.1258,  12312200.1502,  21893894.9321,  -3565.4138,     16.7631,   1704.7777
 5881, -20727363.4200,  12312216.8423,  21895599.5835,  -3565.1746,     16.6210,   1704.5250
 5882, -20730928.4750,  12312233.3922,  21897303.9822,  -3564.9354,     16.4790,   1704.2724
 5883, -20734493.2909,  12312249.8002,  21899008.1284,  -3564.6963,     16.3369,   1704.0198
 5884, -20738057.8676,  12312266.0661,  21900712.0219,  -3564.4572,     16.1950,   1703.7673
 5885, -20741622.2053,  12312282.1902,  21902415.6630,  -3564.2181,     16.0531,   1703.5149
 5886, -20745186.3039,  12312298.1723,  21904119.0517,  -3563.9791,     15.9112,   1703.2625
 5887, -20748750.1636,  12312314.0125,  21905822.1880,  -3563.7401,     15.7693,   1703.0101
 5888, -20752313.7842,  12312329.7110,  21907525.0719,  -3563.5012,     15.6276,   1702.7578
 5889, -20755877.1659,  12312345.2677,  21909227.7037,  -3563.2622,     15.4858,   1702.5056
 5890, -20759440.3087,  12312360.6826,  21910930.0832,  -3563.0233,     15.3441,   1702.2535
 5891, -20763003.2126,  12312375.9559,  21912632.2107,  -3562.7845,     15.2025,   1702.0014
 5892, -20766565.8776,  12312391.0876,  21914334.0860,  -3562.5456,     15.0608,   1701.7493
 5893, -20770128.3039,  12312406.0776,  21916035.7093,  -3562.3069,     14.9193,   1701.4974
 5894, -20773690.4913,  12312420.9261,  21917737.0807,  -3562.0681,     14.7778,   1701.2454
 5895, -20777252.4401,  12312435.6331,  21919438.2003,  -3561.8294,     14.6363,   1700.9936
 5896, -20780814.1501,  12312450.1987,  21921139.0679,  -3561.5907,     14.4948,   1700.7418
 5897, -20784375.6214,  12312464.6228,  21922839.6838,  -3561.3520,     14.3535,   1700.4900
 5898, -20787936.8541,  12312478.9056,  21924540.0480,  -3561.1134,     14.2121,   1700.2384
 5899, -20791497.8482,  12312493.0471,  21926240.1606,  -3560.8748,     14.0708,   1699.9867
 5900, -20795058.6038,  12312507.0473,  21927940.0215,  -3560.6363,     13.9296,   1699.7352
 5901, -20798619.1208,  12312520.9062,  21929639.6310,  -3560.3977,     13.7883,   1699.4837
 5902, -20802179.3993,  12312534.6240,  21931338.9889,  -3560.1593,     13.6472,   1699.2322
 5903, -20805739.4393,  12312548.2006,  21933038.0954,  -3559.9208,     13.5060,   1698.9809
 5904, -20809299.2409,  12312561.6361,  21934736.9506,  -3559.6824,     13.3650,   1698.7295
 5905, -20812858.8041,  12312574.9305,  21936435.5545,  -3559.4440,     13.2239,   1698.4783
 5906, -20816418.1289,  12312588.0839,  21938133.9072,  -3559.2057,     13.0829,   1698.2271
 5907, -20819977.2154,  12312601.0964,  21939832.0087,  -3558.9673,     12.9420,   1697.9759
 5908, -20823536.0636,  12312613.9679,  21941529.8590,  -3558.7291,     12.8011,   1697.7248
 5909, -20827094.6735,  12312626.6986,  21943227.4583,  -3558.4908,     12.6602,   1697.4738
 5910, -20830653.0452,  12312639.2884,  21944924.8066,  -3558.2526,     12.5194,   1697.2228
 5911, -20834211.1787,  12312651.7374,  21946621.9040,  -3558.0144,     12.3786,   1696.9719
 5912, -20837769.0741,  12312664.0457,  21948318.7505,  -3557.7763,     12.2379,   1696.7211
 5913, -20841326.7313,  12312676.2133,  21950015.3462,  -3557.5382,     12.0972,   1696.4703
 5914, -20844884.1504,  12312688.2402,  21951711.6911,  -3557.3001,     11.9566,   1696.2196
 5915, -20848441.3315,  12312700.1265,  21953407.7853,  -3557.0620,     11.8160,   1695.9689
 5916, -20851998.2745,  12312711.8722,  21955103.6289,  -3556.8240,     11.6754,   1695.7183
 5917, -20855554.9795,  12312723.4774,  21956799.2219,  -3556.5861,     11.5349,   1695.4677
 5918, -20859111.4466,  12312734.9421,  21958494.5644,  -3556.3481,     11.3945,   1695.2172
 5919, -20862667.6758,  12312746.2663,  21960189.6564,  -3556.1102,     11.2540,   1694.9668
 5920, -20866223.6670,  12312757.4502,  21961884.4980,  -3555.8723,     11.1137,   1694.7164
 5921, -20869779.4205,  12312768.4937,  21963579.0892,  -3555.6345,     10.9733,   1694.4661
 5922, -20873334.9360,  12312779.3969,  21965273.4302,  -3555.3967,     10.8331,   1694.2158
 5923, -20876890.2138,  12312790.1598,  21966967.5209,  -3555.1589,     10.6928,   1693.9656
 5924, -20880445.2539,  12312800.7825,  21968661.3615,  -3554.9212,     10.5526,   1693.7155
 5925, -20884000.0562,  12312811.2650,  21970354.9519,  -3554.6835,     10.4124,   1693.4654
 5926, -20887554.6208,  12312821.6074,  21972048.2923,  -3554.4458,     10.2723,   1693.2154
 5927, -20891108.9478,  12312831.8097,  21973741.3827,  -3554.2082,     10.1323,   1692.9654
 5928, -20894663.0372,  12312841.8719,  21975434.2232,  -3553.9706,      9.9922,   1692.7155
 5929, -20898216.8890,  12312851.7942,  21977126.8138,  -3553.7330,      9.8523,   1692.4657
 5930, -20901770.5032,  12312861.5765,  21978819.1546,  -3553.4955,      9.7123,   1692.2159
 5931, -20905323.8799,  12312871.2188,  21980511.2456,  -3553.2580,      9.5724,   1691.9662
 5932, -20908877.0191,  12312880.7213,  21982203.0870,  -3553.0205,      9.4326,   1691.7165
 5933, -20912429.9209,  12312890.0840,  21983894.6787,  -3552.7831,      9.2928,   1691.4669
 5934, -20915982.5852,  12312899.3068,  21985586.0208,  -3552.5457,      9.1530,   1691.2173
 5935, -20919535.0122,  12312908.3900,  21987277.1134,  -3552.3083,      9.0133,   1690.9678
 5936, -20923087.2018,  12312917.3334,  21988967.9565,  -3552.0710,      8.8736,   1690.7184
 5937, -20926639.1541,  12312926.1372,  21990658.5502,  -3551.8337,      8.7340,   1690.4690
 5938, -20930190.8692,  12312934.8013,  21992348.8946,  -3551.5964,      8.5944,   1690.2197
 5939, -20933742.3469,  12312943.3259,  21994038.9897,  -3551.3592,      8.4548,   1689.9705
 5940, -20937293.5875,  12312951.7110,  21995728.8355,  -3551.1220,      8.3153,   1689.7213
 5941, -20940844.5909,  12312959.9565,  21997418.4322,  -3550.8848,      8.1759,   1689.4721
 5942, -20944395.3571,  12312968.0627,  21999107.7798,  -3550.6477,      8.0364,   1689.2230
 5943, -20947945.8863,  12312976.0294,  22000796.8783,  -3550.4106,      7.8971,   1688.9740
 5944, -20951496.1783,  12312983.8568,  22002485.7279,  -3550.1735,      7.7577,   1688.7251
 5945, -20955046.2333,  12312991.5449,  22004174.3284,  -3549.9365,      7.6184,   1688.4761
 5946, -20958596.0513,  12312999.0937,  22005862.6802,  -3549.6995,      7.4792,   1688.2273
 5947, -20962145.6323,  12313006.5033,  22007550.7831,  -3549.4625,      7.3400,   1687.9785
 5948, -20965694.9764,  12313013.7737,  22009238.6372,  -3549.2256,      7.2008,   1687.7298
 5949, -20969244.0835,  12313020.9050,  22010926.2426,  -3548.9887,      7.0617,   1687.4811
 5950, -20972792.9538,  12313027.8972,  22012613.5994,  -3548.7519,      6.9227,   1687.2325
 5951, -20976341.5872,  12313034.7503,  22014300.7076,  -3548.5150,      6.7836,   1686.9839
 5952, -20979889.9839,  12313041.4644,  22015987.5673,  -3548.2782,      6.6446,   1686.7354
 5953, -20983438.1437,  12313048.0396,  22017674.1785,  -3548.0415,      6.5057,   1686.4870
 5954, -20986986.0668,  12313054.4758,  22019360.5413,  -3547.8047,      6.3668,   1686.2386
 5955, -20990533.7532,  12313060.7732,  22021046.6557,  -3547.5681,      6.2279,   1685.9903
 5956, -20994081.2029,  12313066.9317,  22022732.5219,  -3547.3314,      6.0891,   1685.7420
 5957, -20997628.4160,  12313072.9515,  22024418.1398,  -3547.0948,      5.9504,   1685.4938
 5958, -21001175.3925,  12313078.8325,  22026103.5095,  -3546.8582,      5.8116,   1685.2457
 5959, -21004722.1324,  12313084.5748,  22027788.6311,  -3546.6216,      5.6730,   1684.9976
 5960, -21008268.6357,  12313090.1784,  22029473.5047,  -3546.3851,      5.5343,   1684.7495
 5961, -21011814.9026,  12313095.6434,  22031158.1302,  -3546.1486,      5.3957,   1684.5016
 5962, -21015360.9330,  12313100.9699,  22032842.5078,  -3545.9122,      5.2572,   1684.2536
 5963, -21018906.7269,  12313106.1578,  22034526.6375,  -3545.6757,      5.1187,   1684.0058
 5964, -21022452.2844,  12313111.2072,  22036210.5194,  -3545.4393,      4.9802,   1683.7580
 5965, -21025997.6056,  12313116.1181,  22037894.1535,  -3545.2030,      4.8418,   1683.5102
 5966, -21029542.6904,  12313120.8907,  22039577.5399,  -3544.9667,      4.7034,   1683.2626
 5967, -21033087.5389,  12313125.5249,  22041260.6787,  -3544.7304,      4.5650,   1683.0149
 5968, -21036632.1512,  12313130.0208,  22042943.5698,  -3544.4941,      4.4267,   1682.7674
 5969, -21040176.5272,  12313134.3784,  22044626.2134,  -3544.2579,      4.2885,   1682.5199
 5970, -21043720.6670,  12313138.5978,  22046308.6095,  -3544.0217,      4.1503,   1682.2724
 5971, -21047264.5706,  12313142.6790,  22047990.7582,  -3543.7855,      4.0121,   1682.0250
 5972, -21050808.2381,  12313146.6220,  22049672.6596,  -3543.5494,      3.8740,   1681.7777
 5973, -21054351.6694,  12313150.4269,  22051354.3136,  -3543.3133,      3.7359,   1681.5304
 5974, -21057894.8648,  12313154.0938,  22053035.7204,  -3543.0773,      3.5979,   1681.2832
 5975, -21061437.8240,  12313157.6227,  22054716.8799,  -3542.8413,      3.4599,   1681.0360
 5976, -21064980.5473,  12313161.0136,  22056397.7924,  -3542.6053,      3.3219,   1680.7889
 5977, -21068523.0346,  12313164.2665,  22058078.4577,  -3542.3693,      3.1840,   1680.5418
 5978, -21072065.2859,  12313167.3816,  22059758.8761,  -3542.1334,      3.0461,   1680.2949
 5979, -21075607.3014,  12313170.3588,  22061439.0475,  -3541.8975,      2.9083,   1680.0479
 5980, -21079149.0810,  12313173.1982,  22063118.9720,  -3541.6617,      2.7705,   1679.8011
 5981, -21082690.6247,  12313175.8998,  22064798.6496,  -3541.4258,      2.6328,   1679.5542
 5982, -21086231.9327,  12313178.4638,  22066478.0805,  -3541.1900,      2.4951,   1679.3075
 5983, -21089773.0048,  12313180.8900,  22068157.2646,  -3540.9543,      2.3574,   1679.0608
 5984, -21093313.8412,  12313183.1786,  22069836.2020,  -3540.7186,      2.2198,   1678.8141
 5985, -21096854.4420,  12313185.3297,  22071514.8928,  -3540.4829,      2.0822,   1678.5675
 5986, -21100394.8070,  12313187.3431,  22073193.3371,  -3540.2472,      1.9447,   1678.3210
 5987, -21103934.9364,  12313189.2191,  22074871.5349,  -3540.0116,      1.8072,   1678.0745
 5988, -21107474.8303,  12313190.9576,  22076549.4862,  -3539.7760,      1.6698,   1677.8281
 5989, -21111014.4885,  12313192.5587,  22078227.1911,  -3539.5405,      1.5324,   1677.5818
 5990, -21114553.9112,  12313194.0224,  22079904.6497,  -3539.3049,      1.3950,   1677.3355
 5991, -21118093.0984,  12313195.3487,  22081581.8621,  -3539.0695,      1.2577,   1677.0892
 5992, -21121632.0501,  12313196.5378,  22083258.8282,  -3538.8340,      1.1204,   1676.8430
 5993, -21125170.7664,  12313197.5896,  22084935.5482,  -3538.5986,      0.9832,   1676.5969
 5994, -21128709.2473,  12313198.5042,  22086612.0220,  -3538.3632,      0.8460,   1676.3508
 5995, -21132247.4929,  12313199.2817,  22088288.2499,  -3538.1278,      0.7089,   1676.1048
 5996, -21135785.5030,  12313199.9220,  22089964.2317,  -3537.8925,      0.5718,   1675.8589
 5997, -21139323.2779,  12313200.4252,  22091639.9676,  -3537.6572,      0.4347,   1675.6130
 5998, -21142860.8175,  12313200.7914,  22093315.4577,  -3537.4220,      0.2977,   1675.3671
 5999, -21146398.1219,  12313201.0206,  22094990.7019,  -3537.1868,      0.1607,   1675.1213
 6000, -21149935.1910,  12313201.1129,  22096665.7004,  -3536.9516,      0.0238,   1674.8756
 6001, -21153472.0250,  12313201.0682,  22098340.4532,  -3536.7164,     -0.1131,   1674.6299
 6002, -21157008.6239,  12313200.8866,  22100014.9603,  -3536.4813,     -0.2500,   1674.3843
 6003, -21160544.9876,  12313200.5683,  22101689.2219,  -3536.2462,     -0.3868,   1674.1388
 6004, -21164081.1163,  12313200.1131,  22103363.2379,  -3536.0112,     -0.5235,   1673.8933
 6005, -21167617.0100,  12313199.5212,  22105037.0085,  -3535.7761,     -0.6603,   1673.6478
 6006, -21171152.6686,  12313198.7926,  22106710.5336,  -3535.5411,     -0.7969,   1673.4025
 6007, -21174688.0923,  12313197.9273,  22108383.8134,  -3535.3062,     -0.9336,   1673.1571
 6008, -21178223.2810,  12313196.9254,  22110056.8479,  -3535.0713,     -1.0702,   1672.9119
 6009, -21181758.2348,  12313195.7870,  22111729.6371,  -3534.8364,     -1.2067,   1672.6666
 6010, -21185292.9538,  12313194.5120,  22113402.1812,  -3534.6015,     -1.3432,   1672.4215
 6011, -21188827.4379,  12313193.1005,  22115074.4801,  -3534.3667,     -1.4797,   1672.1764
 6012, -21192361.6872,  12313191.5526,  22116746.5340,  -3534.1319,     -1.6161,   1671.9314
 6013, -21195895.7017,  12313189.8682,  22118418.3429,  -3533.8972,     -1.7525,   1671.6864
 6014, -21199429.4815,  12313188.0475,  22120089.9068,  -3533.6624,     -1.8889,   1671.4414
 6015, -21202963.0266,  12313186.0905,  22121761.2258,  -3533.4277,     -2.0252,   1671.1966
 6016, -21206496.3370,  12313183.9971,  22123432.2999,  -3533.1931,     -2.1614,   1670.9518
 6017, -21210029.4127,  12313181.7676,  22125103.1293,  -3532.9585,     -2.2977,   1670.7070
 6018, -21213562.2539,  12313179.4018,  22126773.7139,  -3532.7239,     -2.4338,   1670.4623
 6019, -21217094.8605,  12313176.8999,  22128444.0539,  -3532.4893,     -2.5700,   1670.2176
 6020, -21220627.2325,  12313174.2619,  22130114.1492,  -3532.2548,     -2.7061,   1669.9731
 6021, -21224159.3700,  12313171.4878,  22131784.0000,  -3532.0203,     -2.8421,   1669.7285
 6022, -21227691.2731,  12313168.5777,  22133453.6063,  -3531.7858,     -2.9781,   1669.4841
 6023, -21231222.9417,  12313165.5315,  22135122.9682,  -3531.5514,     -3.1141,   1669.2396
 6024, -21234754.3759,  12313162.3495,  22136792.0856,  -3531.3170,     -3.2500,   1668.9953
 6025, -21238285.5758,  12313159.0315,  22138460.9587,  -3531.0827,     -3.3859,   1668.7510
 6026, -21241816.5412,  12313155.5777,  22140129.5876,  -3530.8483,     -3.5218,   1668.5067
 6027, -21245347.2724,  12313151.9880,  22141797.9722,  -3530.6140,     -3.6576,   1668.2625
 6028, -21248877.7693,  12313148.2626,  22143466.1127,  -3530.3798,     -3.7933,   1668.0184
 6029, -21252408.0320,  12313144.4014,  22145134.0091,  -3530.1455,     -3.9290,   1667.7743
 6030, -21255938.0604,  12313140.4045,  22146801.6614,  -3529.9114,     -4.0647,   1667.5303
 6031, -21259467.8547,  12313136.2720,  22148469.0697,  -3529.6772,     -4.2003,   1667.2863
 6032, -21262997.4148,  12313132.0039,  22150136.2341,  -3529.4431,     -4.3359,   1667.0424
 6033, -21266526.7408,  12313127.6002,  22151803.1546,  -3529.2090,     -4.4715,   1666.7986
 6034, -21270055.8328,  12313123.0609,  22153469.8312,  -3528.9749,     -4.6070,   1666.5548
 6035, -21273584.6907,  12313118.3862,  22155136.2642,  -3528.7409,     -4.7425,   1666.3110
 6036, -21277113.3145,  12313113.5760,  22156802.4534,  -3528.5069,     -4.8779,   1666.0674
 6037, -21280641.7044,  12313108.6304,  22158468.3989,  -3528.2729,     -5.0133,   1665.8237
 6038, -21284169.8604,  12313103.5495,  22160134.1009,  -3528.0390,     -5.1486,   1665.5802
 6039, -21287697.7824,  12313098.3332,  22161799.5593,  -3527.8051,     -5.2839,   1665.3367
 6040, -21291225.4705,  12313092.9817,  22163464.7742,  -3527.5712,     -5.4192,   1665.0932
 6041, -21294752.9248,  12313087.4949,  22165129.7457,  -3527.3374,     -5.5544,   1664.8498
 6042, -21298280.1453,  12313081.8729,  22166794.4738,  -3527.1036,     -5.6896,   1664.6065
 6043, -21301807.1320,  12313076.1158,  22168458.9586,  -3526.8698,     -5.8247,   1664.3632
 6044, -21305333.8850,  12313070.2236,  22170123.2002,  -3526.6361,     -5.9598,   1664.1199
 6045, -21308860.4042,  12313064.1962,  22171787.1985,  -3526.4024,     -6.0948,   1663.8768
 6046, -21312386.6898,  12313058.0339,  22173450.9537,  -3526.1687,     -6.2299,   1663.6336
 6047, -21315912.7417,  12313051.7365,  22175114.4658,  -3525.9351,     -6.3648,   1663.3906
 6048, -21319438.5600,  12313045.3042,  22176777.7349,  -3525.7015,     -6.4998,   1663.1476
 6049, -21322964.1446,  12313038.7370,  22178440.7610,  -3525.4679,     -6.6346,   1662.9046
 6050, -21326489.4958,  12313032.0350,  22180103.5441,  -3525.2344,     -6.7695,   1662.6617
 6051, -21330014.6134,  12313025.1981,  22181766.0844,  -3525.0009,     -6.9043,   1662.4189
 6052, -21333539.4975,  12313018.2264,  22183428.3819,  -3524.7674,     -7.0391,   1662.1761
 6053, -21337064.1482,  12313011.1200,  22185090.4367,  -3524.5340,     -7.1738,   1661.9334
 6054, -21340588.5655,  12313003.8789,  22186752.2487,  -3524.3006,     -7.3085,   1661.6907
 6055, -21344112.7494,  12312996.5031,  22188413.8181,  -3524.0672,     -7.4431,   1661.4481
 6056, -21347636.6999,  12312988.9927,  22190075.1449,  -3523.8338,     -7.5777,   1661.2055
 6057, -21351160.4171,  12312981.3477,  22191736.2292,  -3523.6005,     -7.7122,   1660.9630
 6058, -21354683.9010,  12312973.5682,  22193397.0710,  -3523.3673,     -7.8468,   1660.7206
 6059, -21358207.1516,  12312965.6542,  22195057.6703,  -3523.1340,     -7.9812,   1660.4782
 6060, -21361730.1690,  12312957.6058,  22196718.0274,  -3522.9008,     -8.1157,   1660.2359
 6061, -21365252.9532,  12312949.4229,  22198378.1421,  -3522.6676,     -8.2501,   1659.9936
 6062, -21368775.5043,  12312941.1056,  22200038.0145,  -3522.4345,     -8.3844,   1659.7514
 6063, -21372297.8223,  12312932.6541,  22201697.6448,  -3522.2014,     -8.5187,   1659.5092
 6064, -21375819.9071,  12312924.0682,  22203357.0329,  -3521.9683,     -8.6530,   1659.2671
 6065, -21379341.7589,  12312915.3481,  22205016.1790,  -3521.7353,     -8.7872,   1659.0250
 6066, -21382863.3776,  12312906.4938,  22206675.0830,  -3521.5023,     -8.9214,   1658.7830
 6067, -21386384.7634,  12312897.5053,  22208333.7450,  -3521.2693,     -9.0556,   1658.5411
 6068, -21389905.9162,  12312888.3827,  22209992.1651,  -3521.0363,     -9.1897,   1658.2992
 6069, -21393426.8361,  12312879.1260,  22211650.3434,  -3520.8034,     -9.3237,   1658.0573
 6070, -21396947.5230,  12312869.7353,  22213308.2799,  -3520.5705,     -9.4577,   1657.8156
 6071, -21400467.9771,  12312860.2105,  22214965.9746,  -3520.3377,     -9.5917,   1657.5738
 6072, -21403988.1984,  12312850.5518,  22216623.4276,  -3520.1049,     -9.7257,   1657.3322
 6073, -21407508.1869,  12312840.7592,  22218280.6389,  -3519.8721,     -9.8596,   1657.0906
 6074, -21411027.9426,  12312830.8327,  22219937.6087,  -3519.6393,     -9.9934,   1656.8490
 6075, -21414547.4655,  12312820.7724,  22221594.3370,  -3519.4066,    -10.1272,   1656.6075
 6076, -21418066.7558,  12312810.5782,  22223250.8238,  -3519.1739,    -10.2610,   1656.3661
 6077, -21421585.8134,  12312800.2503,  22224907.0692,  -3518.9413,    -10.3948,   1656.1247
 6078, -21425104.6384,  12312789.7887,  22226563.0732,  -3518.7087,    -10.5285,   1655.8834
 6079, -21428623.2307,  12312779.1934,  22228218.8359,  -3518.4761,    -10.6621,   1655.6421
 6080, -21432141.5905,  12312768.4645,  22229874.3573,  -3518.2435,    -10.7957,   1655.4009
 6081, -21435659.7177,  12312757.6020,  22231529.6376,  -3518.0110,    -10.9293,   1655.1597
 6082, -21439177.6125,  12312746.6059,  22233184.6767,  -3517.7785,    -11.0628,   1654.9186
 6083, -21442695.2747,  12312735.4764,  22234839.4748,  -3517.5460,    -11.1963,   1654.6775
 6084, -21446212.7046,  12312724.2133,  22236494.0318,  -3517.3136,    -11.3298,   1654.4365
 6085, -21449729.9020,  12312712.8168,  22238148.3478,  -3517.0812,    -11.4632,   1654.1956
 6086, -21453246.8670,  12312701.2869,  22239802.4229,  -3516.8489,    -11.5966,   1653.9547
 6087, -21456763.5997,  12312689.6237,  22241456.2572,  -3516.6165,    -11.7299,   1653.7138
 6088, -21460280.1001,  12312677.8272,  22243109.8506,  -3516.3842,    -11.8632,   1653.4731
 6089, -21463796.3682,  12312665.8974,  22244763.2033,  -3516.1520,    -11.9964,   1653.2323
 6090, -21467312.4040,  12312653.8344,  22246416.3153,  -3515.9197,    -12.1296,   1652.9917
 6091, -21470828.2077,  12312641.6382,  22248069.1867,  -3515.6875,    -12.2628,   1652.7511
 6092, -21474343.7791,  12312629.3088,  22249721.8175,  -3515.4554,    -12.3959,   1652.5105
 6093, -21477859.1184,  12312616.8463,  22251374.2077,  -3515.2232,    -12.5290,   1652.2700
 6094, -21481374.2256,  12312604.2508,  22253026.3575,  -3514.9911,    -12.6621,   1652.0295
 6095, -21484889.1008,  12312591.5222,  22254678.2668,  -3514.7591,    -12.7951,   1651.7892
 6096, -21488403.7438,  12312578.6607,  22256329.9358,  -3514.5270,    -12.9280,   1651.5488
 6097, -21491918.1549,  12312565.6662,  22257981.3645,  -3514.2950,    -13.0609,   1651.3085
 6098, -21495432.3339,  12312552.5388,  22259632.5529,  -3514.0631,    -13.1938,   1651.0683
 6099, -21498946.2810,  12312539.2786,  22261283.5011,  -3513.8311,    -13.3267,   1650.8281
 6100, -21502459.9962,  12312525.8855,  22262934.2092,  -3513.5992,    -13.4595,   1650.5880
 6101, -21505973.4795,  12312512.3597,  22264584.6772,  -3513.3674,    -13.5922,   1650.3480
 6102, -21509486.7309,  12312498.7011,  22266234.9051,  -3513.1355,    -13.7250,   1650.1079
 6103, -21512999.7505,  12312484.9098,  22267884.8931,  -3512.9037,    -13.8576,   1649.8680
 6104, -21516512.5383,  12312470.9858,  22269534.6411,  -3512.6719,    -13.9903,   1649.6281
 6105, -21520025.0944,  12312456.9292,  22271184.1493,  -3512.4402,    -14.1229,   1649.3882
 6106, -21523537.4187,  12312442.7401,  22272833.4176,  -3512.2085,    -14.2554,   1649.1485
 6107, -21527049.5113,  12312428.4184,  22274482.4462,  -3511.9768,    -14.3880,   1648.9087
 6108, -21530561.3723,  12312413.9642,  22276131.2351,  -3511.7451,    -14.5204,   1648.6690
 6109, -21534073.0017,  12312399.3775,  22277779.7843,  -3511.5135,    -14.6529,   1648.4294
 6110, -21537584.3994,  12312384.6584,  22279428.0940,  -3511.2820,    -14.7853,   1648.1899
 6111, -21541095.5656,  12312369.8070,  22281076.1641,  -3511.0504,    -14.9176,   1647.9503
 6112, -21544606.5002,  12312354.8232,  22282723.9947,  -3510.8189,    -15.0500,   1647.7109
 6113, -21548117.2034,  12312339.7071,  22284371.5858,  -3510.5874,    -15.1822,   1647.4715
 6114, -21551627.6750,  12312324.4587,  22286018.9376,  -3510.3560,    -15.3145,   1647.2321
 6115, -21555137.9153,  12312309.0781,  22287666.0501,  -3510.1245,    -15.4467,   1646.9928
 6116, -21558647.9241,  12312293.5654,  22289312.9233,  -3509.8931,    -15.5788,   1646.7536
 6117, -21562157.7016,  12312277.9205,  22290959.5573,  -3509.6618,    -15.7109,   1646.5144
 6118, -21565667.2477,  12312262.1435,  22292605.9521,  -3509.4305,    -15.8430,   1646.2753
 6119, -21569176.5625,  12312246.2345,  22294252.1079,  -3509.1992,    -15.9751,   1646.0362
 6120, -21572685.6460,  12312230.1934,  22295898.0246,  -3508.9679,    -16.1071,   1645.7972
 6121, -21576194.4983,  12312214.0204,  22297543.7022,  -3508.7367,    -16.2390,   1645.5582
 6122, -21579703.1194,  12312197.7154,  22299189.1410,  -3508.5055,    -16.3709,   1645.3193
 6123, -21583211.5093,  12312181.2785,  22300834.3408,  -3508.2743,    -16.5028,   1645.0804
 6124, -21586719.6681,  12312164.7098,  22302479.3019,  -3508.0432,    -16.6346,   1644.8416
 6125, -21590227.5957,  12312148.0092,  22304124.0241,  -3507.8121,    -16.7664,   1644.6029
 6126, -21593735.2923,  12312131.1769,  22305768.5076,  -3507.5810,    -16.8982,   1644.3642
 6127, -21597242.7578,  12312114.2128,  22307412.7525,  -3507.3500,    -17.0299,   1644.1255
 6128, -21600749.9923,  12312097.1171,  22309056.7587,  -3507.1190,    -17.1616,   1643.8870
 6129, -21604256.9958,  12312079.8896,  22310700.5264,  -3506.8880,    -17.2932,   1643.6484
 6130, -21607763.7684,  12312062.5306,  22312344.0556,  -3506.6571,    -17.4248,   1643.4099
 6131, -21611270.3100,  12312045.0400,  22313987.3463,  -3506.4262,    -17.5564,   1643.1715
 6132, -21614776.6208,  12312027.4178,  22315630.3987,  -3506.1953,    -17.6879,   1642.9332
 6133, -21618282.7007,  12312009.6642,  22317273.2127,  -3505.9645,    -17.8194,   1642.6948
 6134, -21621788.5498,  12311991.7791,  22318915.7884,  -3505.7337,    -17.9508,   1642.4566
 6135, -21625294.1681,  12311973.7625,  22320558.1259,  -3505.5029,    -18.0822,   1642.2184
 6136, -21628799.5556,  12311955.6146,  22322200.2251,  -3505.2722,    -18.2136,   1641.9802
 6137, -21632304.7124,  12311937.3354,  22323842.0863,  -3505.0414,    -18.3449,   1641.7421
 6138, -21635809.6385,  12311918.9248,  22325483.7094,  -3504.8108,    -18.4762,   1641.5041
 6139, -21639314.3339,  12311900.3830,  22327125.0945,  -3504.5801,    -18.6074,   1641.2661
 6140, -21642818.7987,  12311881.7100,  22328766.2416,  -3504.3495,    -18.7386,   1641.0282
 6141, -21646323.0329,  12311862.9058,  22330407.1508,  -3504.1189,    -18.8698,   1640.7903
 6142, -21649827.0365,  12311843.9704,  22332047.8222,  -3503.8884,    -19.0009,   1640.5524
 6143, -21653330.8096,  12311824.9040,  22333688.2557,  -3503.6578,    -19.1320,   1640.3147
 6144, -21656834.3522,  12311805.7065,  22335328.4516,  -3503.4274,    -19.2630,   1640.0770
 6145, -21660337.6644,  12311786.3779,  22336968.4097,  -3503.1969,    -19.3940,   1639.8393
 6146, -21663840.7460,  12311766.9184,  22338608.1302,  -3502.9665,    -19.5250,   1639.6017
 6147, -21667343.5973,  12311747.3279,  22340247.6131,  -3502.7361,    -19.6559,   1639.3641
 6148, -21670846.2182,  12311727.6066,  22341886.8584,  -3502.5057,    -19.7868,   1639.1266
 6149, -21674348.6088,  12311707.7544,  22343525.8663,  -3502.2754,    -19.9176,   1638.8892
 6150, -21677850.7690,  12311687.7713,  22345164.6368,  -3502.0451,    -20.0484,   1638.6518
 6151, -21681352.6990,  12311667.6575,  22346803.1699,  -3501.8148,    -20.1792,   1638.4144
 6152, -21684854.3987,  12311647.4129,  22348441.4657,  -3501.5846,    -20.3099,   1638.1772
 6153, -21688355.8683,  12311627.0376,  22350079.5242,  -3501.3544,    -20.4406,   1637.9399
 6154, -21691857.1076,  12311606.5317,  22351717.3456,  -3501.1242,    -20.5713,   1637.7027
 6155, -21695358.1168,  12311585.8951,  22353354.9297,  -3500.8941,    -20.7019,   1637.4656
 6156, -21698858.8958,  12311565.1279,  22354992.2768,  -3500.6640,    -20.8324,   1637.2285
 6157, -21702359.4448,  12311544.2302,  22356629.3868,  -3500.4339,    -20.9630,   1636.9915
 6158, -21705859.7637,  12311523.2020,  22358266.2599,  -3500.2039,    -21.0935,   1636.7546
 6159, -21709359.8526,  12311502.0433,  22359902.8960,  -3499.9739,    -21.2239,   1636.5177
 6160, -21712859.7115,  12311480.7542,  22361539.2952,  -3499.7439,    -21.3543,   1636.2808
 6161, -21716359.3404,  12311459.3347,  22363175.4576,  -3499.5140,    -21.4847,   1636.0440
 6162, -21719858.7395,  12311437.7848,  22364811.3832,  -3499.2841,    -21.6150,   1635.8072
 6163, -21723357.9086,  12311416.1047,  22366447.0721,  -3499.0542,    -21.7453,   1635.5706
 6164, -21726856.8478,  12311394.2942,  22368082.5243,  -3498.8243,    -21.8756,   1635.3339
 6165, -21730355.5573,  12311372.3535,  22369717.7400,  -3498.5945,    -22.0058,   1635.0973
 6166, -21733854.0369,  12311350.2827,  22371352.7190,  -3498.3647,    -22.1359,   1634.8608
 6167, -21737352.2867,  12311328.0817,  22372987.4616,  -3498.1350,    -22.2661,   1634.6243
 6168, -21740850.3069,  12311305.7505,  22374621.9676,  -3497.9053,    -22.3962,   1634.3879
 6169, -21744348.0973,  12311283.2893,  22376256.2373,  -3497.6756,    -22.5262,   1634.1515
 6170, -21747845.6580,  12311260.6981,  22377890.2707,  -3497.4459,    -22.6563,   1633.9152
 6171, -21751342.9891,  12311237.9768,  22379524.0677,  -3497.2163,    -22.7862,   1633.6789
 6172, -21754840.0906,  12311215.1256,  22381157.6285,  -3496.9867,    -22.9162,   1633.4427
 6173, -21758336.9625,  12311192.1445,  22382790.9532,  -3496.7571,    -23.0461,   1633.2065
 6174, -21761833.6049,  12311169.0335,  22384424.0417,  -3496.5276,    -23.1759,   1632.9704
 6175, -21765330.0178,  12311145.7926,  22386056.8941,  -3496.2981,    -23.3057,   1632.7344
 6176, -21768826.2012,  12311122.4220,  22387689.5105,  -3496.0687,    -23.4355,   1632.4984
 6177, -21772322.1551,  12311098.9216,  22389321.8909,  -3495.8392,    -23.5653,   1632.2624
 6178, -21775817.8796,  12311075.2915,  22390954.0354,  -3495.6098,    -23.6950,   1632.0266
 6179, -21779313.3747,  12311051.5317,  22392585.9440,  -3495.3804,    -23.8246,   1631.7907
 6180, -21782808.6405,  12311027.6422,  22394217.6168,  -3495.1511,    -23.9543,   1631.5549
 6181, -21786303.6770,  12311003.6231,  22395849.0539,  -3494.9218,    -24.0839,   1631.3192
 6182, -21789798.4841,  12310979.4745,  22397480.2552,  -3494.6925,    -24.2134,   1631.0835
 6183, -21793293.0620,  12310955.1963,  22399111.2209,  -3494.4633,    -24.3429,   1630.8479
 6184, -21796787.4107,  12310930.7887,  22400741.9510,  -3494.2341,    -24.4724,   1630.6123
 6185, -21800281.5302,  12310906.2516,  22402372.4456,  -3494.0049,    -24.6018,   1630.3768
 6186, -21803775.4205,  12310881.5851,  22404002.7046,  -3493.7757,    -24.7312,   1630.1413
 6187, -21807269.0817,  12310856.7892,  22405632.7283,  -3493.5466,    -24.8606,   1629.9059
 6188, -21810762.5138,  12310831.8640,  22407262.5165,  -3493.3175,    -24.9899,   1629.6706
 6189, -21814255.7168,  12310806.8094,  22408892.0694,  -3493.0885,    -25.1192,   1629.4353
 6190, -21817748.6908,  12310781.6257,  22410521.3870,  -3492.8595,    -25.2484,   1629.2000
 6191, -21821241.4358,  12310756.3127,  22412150.4694,  -3492.6305,    -25.3776,   1628.9648
 6192, -21824733.9518,  12310730.8705,  22413779.3167,  -3492.4015,    -25.5067,   1628.7297
 6193, -21828226.2388,  12310705.2992,  22415407.9288,  -3492.1726,    -25.6359,   1628.4946
 6194, -21831718.2970,  12310679.5988,  22417036.3058,  -3491.9437,    -25.7649,   1628.2595
 6195, -21835210.1262,  12310653.7693,  22418664.4478,  -3491.7148,    -25.8940,   1628.0245
 6196, -21838701.7267,  12310627.8108,  22420292.3549,  -3491.4860,    -26.0230,   1627.7896
 6197, -21842193.0983,  12310601.7234,  22421920.0270,  -3491.2572,    -26.1520,   1627.5547
 6198, -21845684.2411,  12310575.5069,  22423547.4643,  -3491.0284,    -26.2809,   1627.3199
 6199, -21849175.1552,  12310549.1616,  22425174.6668,  -3490.7997,    -26.4098,   1627.0851
 6200, -21852665.8405,  12310522.6874,  22426801.6346,  -3490.5710,    -26.5386,   1626.8504
 6201, -21856156.2972,  12310496.0844,  22428428.3676,  -3490.3423,    -26.6674,   1626.6157
 6202, -21859646.5252,  12310469.3525,  22430054.8660,  -3490.1137,    -26.7962,   1626.3811
 6203, -21863136.5246,  12310442.4920,  22431681.1298,  -3489.8851,    -26.9249,   1626.1465
 6204, -21866626.2954,  12310415.5027,  22433307.1591,  -3489.6565,    -27.0536,   1625.9120
 6205, -21870115.8376,  12310388.3847,  22434932.9539,  -3489.4280,    -27.1823,   1625.6776
 6206, -21873605.1513,  12310361.1381,  22436558.5142,  -3489.1994,    -27.3109,   1625.4432
 6207, -21877094.2365,  12310333.7629,  22438183.8402,  -3488.9710,    -27.4395,   1625.2088
 6208, -21880583.0933,  12310306.2592,  22439808.9319,  -3488.7425,    -27.5680,   1624.9745
 6209, -21884071.7216,  12310278.6269,  22441433.7893,  -3488.5141,    -27.6965,   1624.7403
 6210, -21887560.1215,  12310250.8661,  22443058.4124,  -3488.2857,    -27.8250,   1624.5061
 6211, -21891048.2930,  12310222.9769,  22444682.8014,  -3488.0573,    -27.9534,   1624.2719
 6212, -21894536.2362,  12310194.9593,  22446306.9563,  -3487.8290,    -28.0818,   1624.0378
 6213, -21898023.9510,  12310166.8134,  22447930.8771,  -3487.6007,    -28.2101,   1623.8038
 6214, -21901511.4376,  12310138.5390,  22449554.5639,  -3487.3725,    -28.3385,   1623.5698
 6215, -21904998.6960,  12310110.1365,  22451178.0167,  -3487.1442,    -28.4667,   1623.3359
 6216, -21908485.7261,  12310081.6056,  22452801.2356,  -3486.9160,    -28.5950,   1623.1020
 6217, -21911972.5280,  12310052.9465,  22454424.2207,  -3486.6879,    -28.7232,   1622.8682
 6218, -21915459.1018,  12310024.1593,  22456046.9720,  -3486.4597,    -28.8513,   1622.6344
 6219, -21918945.4475,  12309995.2439,  22457669.4895,  -3486.2316,    -28.9794,   1622.4007
 6220, -21922431.5651,  12309966.2005,  22459291.7734,  -3486.0036,    -29.1075,   1622.1670
 6221, -21925917.4546,  12309937.0289,  22460913.8235,  -3485.7755,    -29.2355,   1621.9334
 6222, -21929403.1161,  12309907.7294,  22462535.6402,  -3485.5475,    -29.3635,   1621.6998
 6223, -21932888.5496,  12309878.3019,  22464157.2232,  -3485.3195,    -29.4915,   1621.4663
 6224, -21936373.7552,  12309848.7464,  22465778.5728,  -3485.0916,    -29.6194,   1621.2329
 6225, -21939858.7328,  12309819.0630,  22467399.6889,  -3484.8637,    -29.7473,   1620.9994
 6226, -21943343.4825,  12309789.2517,  22469020.5717,  -3484.6358,    -29.8752,   1620.7661
 6227, -21946828.0043,  12309759.3127,  22470641.2212,  -3484.4079,    -30.0030,   1620.5328
 6228, -21950312.2983,  12309729.2458,  22472261.6373,  -3484.1801,    -30.1308,   1620.2995
 6229, -21953796.3645,  12309699.0512,  22473881.8203,  -3483.9523,    -30.2585,   1620.0663
 6230, -21957280.2030,  12309668.7288,  22475501.7700,  -3483.7245,    -30.3862,   1619.8332
 6231, -21960763.8136,  12309638.2788,  22477121.4867,  -3483.4968,    -30.5138,   1619.6001
 6232, -21964247.1966,  12309607.7011,  22478740.9703,  -3483.2691,    -30.6415,   1619.3671
 6233, -21967730.3519,  12309576.9959,  22480360.2208,  -3483.0415,    -30.7691,   1619.1341
 6234, -21971213.2795,  12309546.1630,  22481979.2384,  -3482.8138,    -30.8966,   1618.9011
 6235, -21974695.9796,  12309515.2027,  22483598.0231,  -3482.5862,    -31.0241,   1618.6683
 6236, -21978178.4520,  12309484.1149,  22485216.5750,  -3482.3586,    -31.1516,   1618.4354
 6237, -21981660.6969,  12309452.8996,  22486834.8940,  -3482.1311,    -31.2790,   1618.2027
 6238, -21985142.7142,  12309421.5569,  22488452.9803,  -3481.9036,    -31.4064,   1617.9699
 6239, -21988624.5041,  12309390.0868,  22490070.8339,  -3481.6761,    -31.5337,   1617.7372
 6240, -21992106.0665,  12309358.4894,  22491688.4548,  -3481.4487,    -31.6611,   1617.5046
 6241, -21995587.4014,  12309326.7647,  22493305.8432,  -3481.2213,    -31.7883,   1617.2721
 6242, -21999068.5090,  12309294.9127,  22494922.9989,  -3480.9939,    -31.9156,   1617.0395
 6243, -22002549.3892,  12309262.9336,  22496539.9222,  -3480.7665,    -32.0428,   1616.8071
 6244, -22006030.0421,  12309230.8272,  22498156.6131,  -3480.5392,    -32.1699,   1616.5747
 6245, -22009510.4676,  12309198.5937,  22499773.0716,  -3480.3119,    -32.2971,   1616.3423
 6246, -22012990.6659,  12309166.2331,  22501389.2977,  -3480.0847,    -32.4242,   1616.1100
 6247, -22016470.6370,  12309133.7454,  22503005.2916,  -3479.8574,    -32.5512,   1615.8777
 6248, -22019950.3808,  12309101.1307,  22504621.0532,  -3479.6302,    -32.6782,   1615.6455
 6249, -22023429.8974,  12309068.3890,  22506236.5826,  -3479.4031,    -32.8052,   1615.4134
 6250, -22026909.1869,  12309035.5203,  22507851.8799,  -3479.1759,    -32.9321,   1615.1813
 6251, -22030388.2493,  12309002.5247,  22509466.9452,  -3478.9488,    -33.0590,   1614.9492
 6252, -22033867.0846,  12308969.4023,  22511081.7784,  -3478.7218,    -33.1859,   1614.7172
 6253, -22037345.6929,  12308936.1530,  22512696.3796,  -3478.4947,    -33.3127,   1614.4853
 6254, -22040824.0741,  12308902.7769,  22514310.7489,  -3478.2677,    -33.4395,   1614.2534
 6255, -22044302.2283,  12308869.2740,  22515924.8864,  -3478.0407,    -33.5662,   1614.0215
 6256, -22047780.1556,  12308835.6444,  22517538.7920,  -3477.8138,    -33.6930,   1613.7897
 6257, -22051257.8559,  12308801.8881,  22519152.4659,  -3477.5869,    -33.8196,   1613.5580
 6258, -22054735.3294,  12308768.0052,  22520765.9080,  -3477.3600,    -33.9463,   1613.3263
 6259, -22058212.5759,  12308733.9956,  22522379.1185,  -3477.1331,    -34.0729,   1613.0947
 6260, -22061689.5957,  12308699.8595,  22523992.0974,  -3476.9063,    -34.1994,   1612.8631
 6261, -22065166.3886,  12308665.5968,  22525604.8447,  -3476.6795,    -34.3259,   1612.6316
 6262, -22068642.9547,  12308631.2076,  22527217.3605,  -3476.4528,    -34.4524,   1612.4001
 6263, -22072119.2941,  12308596.6920,  22528829.6449,  -3476.2260,    -34.5789,   1612.1686
 6264, -22075595.4068,  12308562.0499,  22530441.6978,  -3475.9993,    -34.7053,   1611.9373
 6265, -22079071.2929,  12308527.2814,  22532053.5194,  -3475.7727,    -34.8316,   1611.7059
 6266, -22082546.9522,  12308492.3866,  22533665.1097,  -3475.5460,    -34.9580,   1611.4747
 6267, -22086022.3850,  12308457.3655,  22535276.4688,  -3475.3194,    -35.0843,   1611.2434
 6268, -22089497.5911,  12308422.2181,  22536887.5966,  -3475.0929,    -35.2105,   1611.0123
 6269, -22092972.5707,  12308386.9445,  22538498.4933,  -3474.8663,    -35.3367,   1610.7812
 6270, -22096447.3238,  12308351.5446,  22540109.1590,  -3474.6398,    -35.4629,   1610.5501
 6271, -22099921.8504,  12308316.0186,  22541719.5935,  -3474.4133,    -35.5891,   1610.3191
 6272, -22103396.1505,  12308280.3665,  22543329.7971,  -3474.1869,    -35.7152,   1610.0881
 6273, -22106870.2242,  12308244.5883,  22544939.7698,  -3473.9605,    -35.8413,   1609.8572
 6274, -22110344.0714,  12308208.6840,  22546549.5115,  -3473.7341,    -35.9673,   1609.6263
 6275, -22113817.6924,  12308172.6537,  22548159.0224,  -3473.5077,    -36.0933,   1609.3955
 6276, -22117291.0869,  12308136.4974,  22549768.3026,  -3473.2814,    -36.2192,   1609.1648
 6277, -22120764.2552,  12308100.2152,  22551377.3520,  -3473.0551,    -36.3452,   1608.9341
 6278, -22124237.1972,  12308063.8071,  22552986.1707,  -3472.8289,    -36.4710,   1608.7034
 6279, -22127709.9129,  12308027.2732,  22554594.7588,  -3472.6026,    -36.5969,   1608.4728
 6280, -22131182.4024,  12307990.6134,  22556203.1163,  -3472.3764,    -36.7227,   1608.2422
 6281, -22134654.6658,  12307953.8278,  22557811.2433,  -3472.1503,    -36.8485,   1608.0117
 6282, -22138126.7030,  12307916.9164,  22559419.1398,  -3471.9241,    -36.9742,   1607.7813
 6283, -22141598.5140,  12307879.8794,  22561026.8059,  -3471.6980,    -37.0999,   1607.5509
 6284, -22145070.0990,  12307842.7167,  22562634.2416,  -3471.4719,    -37.2256,   1607.3205
 6285, -22148541.4579,  12307805.4283,  22564241.4469,  -3471.2459,    -37.3512,   1607.0902
 6286, -22152012.5908,  12307768.0143,  22565848.4220,  -3471.0199,    -37.4768,   1606.8600
 6287, -22155483.4977,  12307730.4748,  22567455.1669,  -3470.7939,    -37.6023,   1606.6298
 6288, -22158954.1786,  12307692.8097,  22569061.6817,  -3470.5679,    -37.7278,   1606.3997
 6289, -22162424.6336,  12307655.0191,  22570667.9663,  -3470.3420,    -37.8533,   1606.1696
 6290, -22165894.8626,  12307617.1031,  22572274.0208,  -3470.1161,    -37.9787,   1605.9395
 6291, -22169364.8658,  12307579.0617,  22573879.8453,  -3469.8903,    -38.1041,   1605.7095
 6292, -22172834.6432,  12307540.8949,  22575485.4399,  -3469.6644,    -38.2295,   1605.4796
 6293, -22176304.1947,  12307502.6027,  22577090.8045,  -3469.4386,    -38.3548,   1605.2497
 6294, -22179773.5205,  12307464.1853,  22578695.9393,  -3469.2129,    -38.4801,   1605.0199
 6295, -22183242.6205,  12307425.6425,  22580300.8442,  -3468.9871,    -38.6054,   1604.7901
 6296, -22186711.4948,  12307386.9746,  22581905.5194,  -3468.7614,    -38.7306,   1604.5603
 6297, -22190180.1434,  12307348.1814,  22583509.9649,  -3468.5358,    -38.8557,   1604.3307
 6298, -22193648.5663,  12307309.2631,  22585114.1808,  -3468.3101,    -38.9809,   1604.1010
 6299, -22197116.7636,  12307270.2197,  22586718.1670,  -3468.0845,    -39.1060,   1603.8714
 6300, -22200584.7354,  12307231.0512,  22588321.9237,  -3467.8589,    -39.2310,   1603.6419
 6301, -22204052.4815,  12307191.7576,  22589925.4508,  -3467.6334,    -39.3561,   1603.4124
 6302, -22207520.0021,  12307152.3390,  22591528.7485,  -3467.4079,    -39.4811,   1603.1830
 6303, -22210987.2972,  12307112.7955,  22593131.8168,  -3467.1824,    -39.6060,   1602.9536
 6304, -22214454.3669,  12307073.1270,  22594734.6558,  -3466.9569,    -39.7309,   1602.7243
 6305, -22217921.2111,  12307033.3336,  22596337.2654,  -3466.7315,    -39.8558,   1602.4950
 6306, -22221387.8298,  12306993.4154,  22597939.6458,  -3466.5061,    -39.9807,   1602.2658
 6307, -22224854.2232,  12306953.3723,  22599541.7970,  -3466.2807,    -40.1055,   1602.0366
 6308, -22228320.3913,  12306913.2045,  22601143.7191,  -3466.0554,    -40.2302,   1601.8075
 6309, -22231786.3340,  12306872.9119,  22602745.4120,  -3465.8301,    -40.3550,   1601.5784
 6310, -22235252.0514,  12306832.4946,  22604346.8760,  -3465.6048,    -40.4797,   1601.3494
 6311, -22238717.5436,  12306791.9526,  22605948.1109,  -3465.3796,    -40.6043,   1601.1204
 6312, -22242182.8106,  12306751.2860,  22607549.1168,  -3465.1543,    -40.7289,   1600.8915
 6313, -22245647.8523,  12306710.4947,  22609149.8939,  -3464.9292,    -40.8535,   1600.6626
 6314, -22249112.6689,  12306669.5789,  22610750.4421,  -3464.7040,    -40.9781,   1600.4338
 6315, -22252577.2604,  12306628.5386,  22612350.7615,  -3464.4789,    -41.1026,   1600.2050
 6316, -22256041.6267,  12306587.3738,  22613950.8522,  -3464.2538,    -41.2271,   1599.9763
 6317, -22259505.7680,  12306546.0845,  22615550.7142,  -3464.0288,    -41.3515,   1599.7477
 6318, -22262969.6842,  12306504.6708,  22617150.3475,  -3463.8037,    -41.4759,   1599.5190
 6319, -22266433.3755,  12306463.1327,  22618749.7523,  -3463.5787,    -41.6003,   1599.2905
 6320, -22269896.8417,  12306421.4703,  22620348.9285,  -3463.3538,    -41.7246,   1599.0620
 6321, -22273360.0830,  12306379.6836,  22621947.8762,  -3463.1288,    -41.8489,   1598.8335
 6322, -22276823.0994,  12306337.7726,  22623546.5955,  -3462.9039,    -41.9731,   1598.6051
 6323, -22280285.8908,  12306295.7374,  22625145.0864,  -3462.6790,    -42.0973,   1598.3767
 6324, -22283748.4575,  12306253.5779,  22626743.3489,  -3462.4542,    -42.2215,   1598.1484
 6325, -22287210.7993,  12306211.2943,  22628341.3832,  -3462.2294,    -42.3457,   1597.9201
 6326, -22290672.9163,  12306168.8866,  22629939.1892,  -3462.0046,    -42.4698,   1597.6919
 6327, -22294134.8085,  12306126.3548,  22631536.7670,  -3461.7799,    -42.5938,   1597.4638
 6328, -22297596.4760,  12306083.6989,  22633134.1167,  -3461.5551,    -42.7179,   1597.2356
 6329, -22301057.9188,  12306040.9190,  22634731.2384,  -3461.3304,    -42.8419,   1597.0076
 6330, -22304519.1369,  12305998.0152,  22636328.1319,  -3461.1058,    -42.9658,   1596.7796
 6331, -22307980.1303,  12305954.9874,  22637924.7975,  -3460.8812,    -43.0898,   1596.5516
 6332, -22311440.8992,  12305911.8357,  22639521.2352,  -3460.6566,    -43.2136,   1596.3237
 6333, -22314901.4435,  12305868.5601,  22641117.4449,  -3460.4320,    -43.3375,   1596.0958
 6334, -22318361.7632,  12305825.1607,  22642713.4269,  -3460.2075,    -43.4613,   1595.8680
 6335, -22321821.8584,  12305781.6375,  22644309.1810,  -3459.9829,    -43.5851,   1595.6403
 6336, -22325281.7291,  12305737.9905,  22645904.7074,  -3459.7585,    -43.7088,   1595.4126
 6337, -22328741.3753,  12305694.2198,  22647500.0061,  -3459.5340,    -43.8325,   1595.1849
 6338, -22332200.7971,  12305650.3255,  22649095.0772,  -3459.3096,    -43.9562,   1594.9573
 6339, -22335659.9945,  12305606.3074,  22650689.9207,  -3459.0852,    -44.0798,   1594.7297
 6340, -22339118.9676,  12305562.1658,  22652284.5367,  -3458.8609,    -44.2034,   1594.5022
 6341, -22342577.7163,  12305517.9006,  22653878.9252,  -3458.6365,    -44.3270,   1594.2748
 6342, -22346036.2407,  12305473.5118,  22655473.0863,  -3458.4123,    -44.4505,   1594.0474
 6343, -22349494.5408,  12305428.9996,  22657067.0199,  -3458.1880,    -44.5740,   1593.8200
 6344, -22352952.6167,  12305384.3638,  22658660.7263,  -3457.9638,    -44.6975,   1593.5927
 6345, -22356410.4683,  12305339.6047,  22660254.2053,  -3457.7396,    -44.8209,   1593.3654
 6346, -22359868.0958,  12305294.7221,  22661847.4571,  -3457.5154,    -44.9442,   1593.1382
 6347, -22363325.4991,  12305249.7162,  22663440.4818,  -3457.2912,    -45.0676,   1592.9111
 6348, -22366782.6783,  12305204.5870,  22665033.2793,  -3457.0671,    -45.1909,   1592.6840
 6349, -22370239.6334,  12305159.3344,  22666625.8497,  -3456.8431,    -45.3142,   1592.4569
 6350, -22373696.3644,  12305113.9587,  22668218.1931,  -3456.6190,    -45.4374,   1592.2299
 6351, -22377152.8714,  12305068.4597,  22669810.3095,  -3456.3950,    -45.5606,   1592.0029
 6352, -22380609.1544,  12305022.8375,  22671402.1990,  -3456.1710,    -45.6837,   1591.7760
 6353, -22384065.2134,  12304977.0922,  22672993.8616,  -3455.9470,    -45.8069,   1591.5492
 6354, -22387521.0485,  12304931.2238,  22674585.2973,  -3455.7231,    -45.9300,   1591.3224
 6355, -22390976.6596,  12304885.2323,  22676176.5063,  -3455.4992,    -46.0530,   1591.0956
 6356, -22394432.0469,  12304839.1177,  22677767.4886,  -3455.2754,    -46.1760,   1590.8689
 6357, -22397887.2103,  12304792.8802,  22679358.2441,  -3455.0515,    -46.2990,   1590.6422
 6358, -22401342.1500,  12304746.5197,  22680948.7730,  -3454.8277,    -46.4219,   1590.4156
 6359, -22404796.8658,  12304700.0363,  22682539.0754,  -3454.6039,    -46.5449,   1590.1891
 6360, -22408251.3578,  12304653.4300,  22684129.1512,  -3454.3802,    -46.6677,   1589.9626
 6361, -22411705.6262,  12304606.7009,  22685719.0005,  -3454.1565,    -46.7906,   1589.7361
 6362, -22415159.6708,  12304559.8489,  22687308.6234,  -3453.9328,    -46.9134,   1589.5097
 6363, -22418613.4918,  12304512.8742,  22688898.0199,  -3453.7091,    -47.0361,   1589.2833
 6364, -22422067.0891,  12304465.7767,  22690487.1901,  -3453.4855,    -47.1588,   1589.0570
 6365, -22425520.4628,  12304418.5565,  22692076.1340,  -3453.2619,    -47.2815,   1588.8308
 6366, -22428973.6129,  12304371.2136,  22693664.8516,  -3453.0384,    -47.4042,   1588.6045
 6367, -22432426.5395,  12304323.7481,  22695253.3431,  -3452.8148,    -47.5268,   1588.3784
 6368, -22435879.2426,  12304276.1600,  22696841.6084,  -3452.5913,    -47.6494,   1588.1523
 6369, -22439331.7222,  12304228.4493,  22698429.6476,  -3452.3679,    -47.7719,   1587.9262
 6370, -22442783.9783,  12304180.6161,  22700017.4608,  -3452.1444,    -47.8945,   1587.7002
 6371, -22446236.0110,  12304132.6605,  22701605.0481,  -3451.9210,    -48.0169,   1587.4742
 6372, -22449687.8203,  12304084.5823,  22703192.4093,  -3451.6976,    -48.1394,   1587.2483
 6373, -22453139.4062,  12304036.3817,  22704779.5447,  -3451.4743,    -48.2618,   1587.0225
 6374, -22456590.7688,  12303988.0588,  22706366.4543,  -3451.2509,    -48.3841,   1586.7967
 6375, -22460041.9081,  12303939.6135,  22707953.1381,  -3451.0277,    -48.5065,   1586.5709
 6376, -22463492.8242,  12303891.0459,  22709539.5961,  -3450.8044,    -48.6288,   1586.3452
 6377, -22466943.5170,  12303842.3560,  22711125.8284,  -3450.5812,    -48.7510,   1586.1195
 6378, -22470393.9865,  12303793.5438,  22712711.8351,  -3450.3580,    -48.8732,   1585.8939
 6379, -22473844.2329,  12303744.6095,  22714297.6162,  -3450.1348,    -48.9954,   1585.6683
 6380, -22477294.2561,  12303695.5530,  22715883.1718,  -3449.9117,    -49.1176,   1585.4428
 6381, -22480744.0562,  12303646.3743,  22717468.5019,  -3449.6886,    -49.2397,   1585.2173
 6382, -22484193.6333,  12303597.0736,  22719053.6065,  -3449.4655,    -49.3618,   1584.9919
 6383, -22487642.9872,  12303547.6508,  22720638.4857,  -3449.2424,    -49.4838,   1584.7666
 6384, -22491092.1181,  12303498.1059,  22722223.1396,  -3449.0194,    -49.6058,   1584.5412
 6385, -22494541.0260,  12303448.4391,  22723807.5682,  -3448.7964,    -49.7278,   1584.3160
 6386, -22497989.7110,  12303398.6503,  22725391.7716,  -3448.5735,    -49.8497,   1584.0907
 6387, -22501438.1730,  12303348.7396,  22726975.7497,  -3448.3505,    -49.9716,   1583.8656
 6388, -22504886.4121,  12303298.7071,  22728559.5027,  -3448.1276,    -50.0935,   1583.6405
 6389, -22508334.4283,  12303248.5526,  22730143.0307,  -3447.9048,    -50.2153,   1583.4154
 6390, -22511782.2216,  12303198.2764,  22731726.3335,  -3447.6819,    -50.3371,   1583.1904
 6391, -22515229.7921,  12303147.8784,  22733309.4114,  -3447.4591,    -50.4589,   1582.9654
 6392, -22518677.1399,  12303097.3586,  22734892.2643,  -3447.2364,    -50.5806,   1582.7405
 6393, -22522124.2649,  12303046.7171,  22736474.8923,  -3447.0136,    -50.7023,   1582.5156
 6394, -22525571.1671,  12302995.9540,  22738057.2955,  -3446.7909,    -50.8240,   1582.2908
 6395, -22529017.8467,  12302945.0692,  22739639.4739,  -3446.5682,    -50.9456,   1582.0660
 6396, -22532464.3035,  12302894.0628,  22741221.4275,  -3446.3456,    -51.0672,   1581.8413
 6397, -22535910.5378,  12302842.9349,  22742803.1564,  -3446.1229,    -51.1887,   1581.6166
 6398, -22539356.5494,  12302791.6854,  22744384.6606,  -3445.9003,    -51.3102,   1581.3919
 6399, -22542802.3384,  12302740.3145,  22745965.9403,  -3445.6778,    -51.4317,   1581.1674
 6400, -22546247.9049,  12302688.8221,  22747546.9954,  -3445.4552,    -51.5531,   1580.9428
 6401, -22549693.2489,  12302637.2082,  22749127.8260,  -3445.2327,    -51.6745,   1580.7184
 6402, -22553138.3704,  12302585.4730,  22750708.4321,  -3445.0102,    -51.7959,   1580.4939
 6403, -22556583.2694,  12302533.6164,  22752288.8138,  -3444.7878,    -51.9172,   1580.2695
 6404, -22560027.9460,  12302481.6386,  22753868.9712,  -3444.5654,    -52.0385,   1580.0452
 6405, -22563472.4002,  12302429.5394,  22755448.9042,  -3444.3430,    -52.1598,   1579.8209
 6406, -22566916.6320,  12302377.3190,  22757028.6130,  -3444.1206,    -52.2810,   1579.5967
 6407, -22570360.6415,  12302324.9774,  22758608.0976,  -3443.8983,    -52.4022,   1579.3725
 6408, -22573804.4287,  12302272.5146,  22760187.3580,  -3443.6760,    -52.5234,   1579.1483
 6409, -22577247.9936,  12302219.9306,  22761766.3943,  -3443.4538,    -52.6445,   1578.9243
 6410, -22580691.3362,  12302167.2256,  22763345.2065,  -3443.2315,    -52.7656,   1578.7002
 6411, -22584134.4567,  12302114.3995,  22764923.7948,  -3443.0093,    -52.8866,   1578.4762
 6412, -22587577.3549,  12302061.4524,  22766502.1590,  -3442.7871,    -53.0076,   1578.2523
 6413, -22591020.0310,  12302008.3842,  22768080.2993,  -3442.5650,    -53.1286,   1578.0284
 6414, -22594462.4849,  12301955.1952,  22769658.2158,  -3442.3429,    -53.2496,   1577.8045
 6415, -22597904.7167,  12301901.8851,  22771235.9084,  -3442.1208,    -53.3705,   1577.5807
 6416, -22601346.7265,  12301848.4542,  22772813.3773,  -3441.8987,    -53.4913,   1577.3570
 6417, -22604788.5143,  12301794.9025,  22774390.6224,  -3441.6767,    -53.6122,   1577.1333
 6418, -22608230.0800,  12301741.2299,  22775967.6439,  -3441.4547,    -53.7330,   1576.9096
 6419, -22611671.4237,  12301687.4365,  22777544.4417,  -3441.2328,    -53.8538,   1576.6860
 6420, -22615112.5455,  12301633.5224,  22779121.0159,  -3441.0108,    -53.9745,   1576.4625
 6421, -22618553.4454,  12301579.4876,  22780697.3667,  -3440.7889,    -54.0952,   1576.2390
 6422, -22621994.1234,  12301525.3320,  22782273.4939,  -3440.5670,    -54.2158,   1576.0155
 6423, -22625434.5795,  12301471.0559,  22783849.3977,  -3440.3452,    -54.3365,   1575.7921
 6424, -22628874.8138,  12301416.6591,  22785425.0781,  -3440.1234,    -54.4571,   1575.5688
 6425, -22632314.8263,  12301362.1418,  22787000.5352,  -3439.9016,    -54.5776,   1575.3454
 6426, -22635754.6170,  12301307.5039,  22788575.7690,  -3439.6798,    -54.6981,   1575.1222
 6427, -22639194.1860,  12301252.7455,  22790150.7796,  -3439.4581,    -54.8186,   1574.8990
 6428, -22642633.5333,  12301197.8666,  22791725.5670,  -3439.2364,    -54.9391,   1574.6758
 6429, -22646072.6589,  12301142.8674,  22793300.1312,  -3439.0148,    -55.0595,   1574.4527
 6430, -22649511.5628,  12301087.7477,  22794874.4724,  -3438.7931,    -55.1799,   1574.2296
 6431, -22652950.2451,  12301032.5076,  22796448.5905,  -3438.5715,    -55.3002,   1574.0066
 6432, -22656388.7058,  12300977.1472,  22798022.4856,  -3438.3499,    -55.4205,   1573.7836
 6433, -22659826.9450,  12300921.6666,  22799596.1577,  -3438.1284,    -55.5408,   1573.5607
 6434, -22663264.9626,  12300866.0656,  22801169.6070,  -3437.9069,    -55.6611,   1573.3378
 6435, -22666702.7588,  12300810.3445,  22802742.8334,  -3437.6854,    -55.7813,   1573.1150
 6436, -22670140.3334,  12300754.5031,  22804315.8370,  -3437.4639,    -55.9014,   1572.8922
 6437, -22673577.6866,  12300698.5416,  22805888.6179,  -3437.2425,    -56.0216,   1572.6695
 6438, -22677014.8185,  12300642.4600,  22807461.1760,  -3437.0211,    -56.1417,   1572.4468
 6439, -22680451.7289,  12300586.2583,  22809033.5115,  -3436.7997,    -56.2617,   1572.2242
 6440, -22683888.4179,  12300529.9366,  22810605.6244,  -3436.5784,    -56.3818,   1572.0016
 6441, -22687324.8857,  12300473.4948,  22812177.5148,  -3436.3571,    -56.5018,   1571.7791
 6442, -22690761.1322,  12300416.9330,  22813749.1826,  -3436.1358,    -56.6217,   1571.5566
 6443, -22694197.1573,  12300360.2514,  22815320.6279,  -3435.9146,    -56.7416,   1571.3341
 6444, -22697632.9613,  12300303.4498,  22816891.8509,  -3435.6934,    -56.8615,   1571.1118
 6445, -22701068.5441,  12300246.5283,  22818462.8515,  -3435.4722,    -56.9814,   1570.8894
 6446, -22704503.9056,  12300189.4870,  22820033.6297,  -3435.2510,    -57.1012,   1570.6671
 6447, -22707939.0461,  12300132.3259,  22821604.1857,  -3435.0299,    -57.2210,   1570.4449
 6448, -22711373.9654,  12300075.0450,  22823174.5195,  -3434.8088,    -57.3408,   1570.2227
 6449, -22714808.6636,  12300017.6443,  22824744.6311,  -3434.5877,    -57.4605,   1570.0005
 6450, -22718243.1408,  12299960.1240,  22826314.5205,  -3434.3667,    -57.5802,   1569.7784
 6451, -22721677.3970,  12299902.4840,  22827884.1879,  -3434.1457,    -57.6998,   1569.5564
 6452, -22725111.4321,  12299844.7244,  22829453.6333,  -3433.9247,    -57.8194,   1569.3344
 6453, -22728545.2463,  12299786.8452,  22831022.8567,  -3433.7037,    -57.9390,   1569.1124
 6454, -22731978.8396,  12299728.8464,  22832591.8581,  -3433.4828,    -58.0586,   1568.8905
 6455, -22735412.2119,  12299670.7281,  22834160.6377,  -3433.2619,    -58.1781,   1568.6686
 6456, -22738845.3634,  12299612.4903,  22835729.1954,  -3433.0410,    -58.2975,   1568.4468
 6457, -22742278.2940,  12299554.1330,  22837297.5314,  -3432.8202,    -58.4170,   1568.2251
 6458, -22745711.0038,  12299495.6563,  22838865.6456,  -3432.5994,    -58.5364,   1568.0034
 6459, -22749143.4929,  12299437.0603,  22840433.5381,  -3432.3786,    -58.6558,   1567.7817
 6460, -22752575.7611,  12299378.3449,  22842001.2090,  -3432.1579,    -58.7751,   1567.5601
 6461, -22756007.8087,  12299319.5101,  22843568.6582,  -3431.9372,    -58.8944,   1567.3385
 6462, -22759439.6355,  12299260.5561,  22845135.8860,  -3431.7165,    -59.0137,   1567.1170
 6463, -22762871.2417,  12299201.4828,  22846702.8922,  -3431.4958,    -59.1329,   1566.8955
 6464, -22766302.6272,  12299142.2903,  22848269.6770,  -3431.2752,    -59.2521,   1566.6741
 6465, -22769733.7921,  12299082.9786,  22849836.2403,  -3431.0546,    -59.3713,   1566.4527
 6466, -22773164.7364,  12299023.5478,  22851402.5823,  -3430.8341,    -59.4904,   1566.2313
 6467, -22776595.4602,  12298963.9979,  22852968.7030,  -3430.6135,    -59.6095,   1566.0101
 6468, -22780025.9635,  12298904.3289,  22854534.6025,  -3430.3930,    -59.7285,   1565.7888
 6469, -22783456.2463,  12298844.5408,  22856100.2807,  -3430.1725,    -59.8476,   1565.5676
 6470, -22786886.3086,  12298784.6337,  22857665.7378,  -3429.9521,    -59.9666,   1565.3465
 6471, -22790316.1505,  12298724.6077,  22859230.9737,  -3429.7317,    -60.0855,   1565.1254
 6472, -22793745.7719,  12298664.4627,  22860795.9886,  -3429.5113,    -60.2044,   1564.9044
 6473, -22797175.1730,  12298604.1988,  22862360.7825,  -3429.2909,    -60.3233,   1564.6834
 6474, -22800604.3538,  12298543.8161,  22863925.3553,  -3429.0706,    -60.4422,   1564.4624
 6475, -22804033.3142,  12298483.3145,  22865489.7073,  -3428.8503,    -60.5610,   1564.2415
 6476, -22807462.0544,  12298422.6941,  22867053.8384,  -3428.6300,    -60.6798,   1564.0207
 6477, -22810890.5743,  12298361.9549,  22868617.7486,  -3428.4098,    -60.7985,   1563.7998
 6478, -22814318.8740,  12298301.0970,  22870181.4381,  -3428.1896,    -60.9173,   1563.5791
 6479, -22817746.9535,  12298240.1204,  22871744.9068,  -3427.9694,    -61.0359,   1563.3584
 6480, -22821174.8128,  12298179.0252,  22873308.1548,  -3427.7492,    -61.1546,   1563.1377
 6481, -22824602.4519,  12298117.8113,  22874871.1822,  -3427.5291,    -61.2732,   1562.9171
 6482, -22828029.8710,  12298056.4788,  22876433.9891,  -3427.3090,    -61.3918,   1562.6965
 6483, -22831457.0700,  12297995.0278,  22877996.5753,  -3427.0890,    -61.5103,   1562.4760
 6484, -22834884.0490,  12297933.4582,  22879558.9411,  -3426.8689,    -61.6288,   1562.2555
 6485, -22838310.8079,  12297871.7701,  22881121.0864,  -3426.6489,    -61.7473,   1562.0351
 6486, -22841737.3468,  12297809.9636,  22882683.0113,  -3426.4289,    -61.8657,   1561.8147
 6487, -22845163.6658,  12297748.0386,  22884244.7159,  -3426.2090,    -61.9842,   1561.5944
 6488, -22848589.7648,  12297685.9953,  22885806.2001,  -3425.9891,    -62.1025,   1561.3741
 6489, -22852015.6440,  12297623.8336,  22887367.4641,  -3425.7692,    -62.2209,   1561.1539
 6490, -22855441.3032,  12297561.5536,  22888928.5079,  -3425.5493,    -62.3392,   1560.9337
 6491, -22858866.7427,  12297499.1553,  22890489.3315,  -3425.3295,    -62.4574,   1560.7135
 6492, -22862291.9623,  12297436.6387,  22892049.9350,  -3425.1097,    -62.5757,   1560.4935
 6493, -22865716.9621,  12297374.0039,  22893610.3184,  -3424.8899,    -62.6939,   1560.2734
 6494, -22869141.7422,  12297311.2509,  22895170.4818,  -3424.6702,    -62.8121,   1560.0534
 6495, -22872566.3025,  12297248.3798,  22896730.4253,  -3424.4505,    -62.9302,   1559.8335
 6496, -22875990.6432,  12297185.3906,  22898290.1488,  -3424.2308,    -63.0483,   1559.6136
 6497, -22879414.7642,  12297122.2833,  22899849.6524,  -3424.0112,    -63.1664,   1559.3937
 6498, -22882838.6655,  12297059.0579,  22901408.9362,  -3423.7915,    -63.2844,   1559.1739
 6499, -22886262.3473,  12296995.7145,  22902968.0002,  -3423.5720,    -63.4024,   1558.9541
 6500, -22889685.8094,  12296932.2531,  22904526.8445,  -3423.3524,    -63.5203,   1558.7344
 6501, -22893109.0521,  12296868.6738,  22906085.4690,  -3423.1329,    -63.6383,   1558.5147
 6502, -22896532.0752,  12296804.9766,  22907643.8740,  -3422.9133,    -63.7562,   1558.2951
 6503, -22899954.8788,  12296741.1615,  22909202.0593,  -3422.6939,    -63.8740,   1558.0756
 6504, -22903377.4629,  12296677.2285,  22910760.0251,  -3422.4744,    -63.9919,   1557.8560
 6505, -22906799.8276,  12296613.1778,  22912317.7714,  -3422.2550,    -64.1097,   1557.6365
 6506, -22910221.9730,  12296549.0092,  22913875.2982,  -3422.0356,    -64.2274,   1557.4171
 6507, -22913643.8989,  12296484.7229,  22915432.6056,  -3421.8163,    -64.3451,   1557.1977
 6508, -22917065.6055,  12296420.3189,  22916989.6937,  -3421.5969,    -64.4628,   1556.9784
 6509, -22920487.0928,  12296355.7973,  22918546.5624,  -3421.3776,    -64.5805,   1556.7591
 6510, -22923908.3608,  12296291.1580,  22920103.2119,  -3421.1584,    -64.6981,   1556.5399
 6511, -22927329.4095,  12296226.4010,  22921659.6422,  -3420.9391,    -64.8157,   1556.3207
 6512, -22930750.2390,  12296161.5266,  22923215.8533,  -3420.7199,    -64.9333,   1556.1015
 6513, -22934170.8494,  12296096.5345,  22924771.8452,  -3420.5007,    -65.0508,   1555.8824
 6514, -22937591.2405,  12296031.4250,  22926327.6181,  -3420.2816,    -65.1683,   1555.6634
 6515, -22941011.4125,  12295966.1980,  22927883.1720,  -3420.0625,    -65.2857,   1555.4444
 6516, -22944431.3654,  12295900.8535,  22929438.5068,  -3419.8434,    -65.4032,   1555.2254
 6517, -22947851.0993,  12295835.3917,  22930993.6228,  -3419.6243,    -65.5205,   1555.0065
 6518, -22951270.6140,  12295769.8124,  22932548.5198,  -3419.4053,    -65.6379,   1554.7876
 6519, -22954689.9098,  12295704.1159,  22934103.1980,  -3419.1863,    -65.7552,   1554.5688
 6520, -22958108.9866,  12295638.3020,  22935657.6574,  -3418.9673,    -65.8725,   1554.3500
 6521, -22961527.8444,  12295572.3709,  22937211.8981,  -3418.7483,    -65.9898,   1554.1313
 6522, -22964946.4832,  12295506.3225,  22938765.9200,  -3418.5294,    -66.1070,   1553.9126
 6523, -22968364.9032,  12295440.1569,  22940319.7233,  -3418.3105,    -66.2242,   1553.6940
 6524, -22971783.1043,  12295373.8742,  22941873.3080,  -3418.0917,    -66.3413,   1553.4754
 6525, -22975201.0865,  12295307.4743,  22943426.6742,  -3417.8728,    -66.4584,   1553.2569
 6526, -22978618.8499,  12295240.9573,  22944979.8218,  -3417.6540,    -66.5755,   1553.0384
 6527, -22982036.3946,  12295174.3233,  22946532.7509,  -3417.4352,    -66.6926,   1552.8199
 6528, -22985453.7204,  12295107.5722,  22948085.4617,  -3417.2165,    -66.8096,   1552.6015
 6529, -22988870.8276,  12295040.7041,  22949637.9540,  -3416.9978,    -66.9266,   1552.3832
 6530, -22992287.7160,  12294973.7191,  22951190.2280,  -3416.7791,    -67.0435,   1552.1649
 6531, -22995704.3858,  12294906.6171,  22952742.2838,  -3416.5604,    -67.1604,   1551.9466
 6532, -22999120.8369,  12294839.3982,  22954294.1213,  -3416.3418,    -67.2773,   1551.7284
 6533, -23002537.0695,  12294772.0625,  22955845.7406,  -3416.1232,    -67.3942,   1551.5102
 6534, -23005953.0834,  12294704.6099,  22957397.1418,  -3415.9047,    -67.5110,   1551.2921
 6535, -23009368.8788,  12294637.0405,  22958948.3249,  -3415.6861,    -67.6278,   1551.0741
 6536, -23012784.4556,  12294569.3544,  22960499.2900,  -3415.4676,    -67.7445,   1550.8560
 6537, -23016199.8140,  12294501.5515,  22962050.0370,  -3415.2491,    -67.8612,   1550.6381
 6538, -23019614.9539,  12294433.6319,  22963600.5661,  -3415.0307,    -67.9779,   1550.4201
 6539, -23023029.8753,  12294365.5957,  22965150.8773,  -3414.8122,    -68.0946,   1550.2022
 6540, -23026444.5784,  12294297.4428,  22966700.9706,  -3414.5938,    -68.2112,   1549.9844
 6541, -23029859.0630,  12294229.1733,  22968250.8461,  -3414.3755,    -68.3278,   1549.7666
 6542, -23033273.3293,  12294160.7873,  22969800.5039,  -3414.1571,    -68.4443,   1549.5489
 6543, -23036687.3773,  12294092.2848,  22971349.9439,  -3413.9388,    -68.5608,   1549.3312
 6544, -23040101.2070,  12294023.6657,  22972899.1662,  -3413.7206,    -68.6773,   1549.1135
 6545, -23043514.8184,  12293954.9302,  22974448.1709,  -3413.5023,    -68.7937,   1548.8959
 6546, -23046928.2116,  12293886.0782,  22975996.9581,  -3413.2841,    -68.9102,   1548.6784
 6547, -23050341.3866,  12293817.1099,  22977545.5277,  -3413.0659,    -69.0265,   1548.4609
 6548, -23053754.3434,  12293748.0252,  22979093.8798,  -3412.8477,    -69.1429,   1548.2434
 6549, -23057167.0821,  12293678.8241,  22980642.0145,  -3412.6296,    -69.2592,   1548.0260
 6550, -23060579.6027,  12293609.5068,  22982189.9318,  -3412.4115,    -69.3755,   1547.8086
 6551, -23063991.9051,  12293540.0732,  22983737.6317,  -3412.1934,    -69.4917,   1547.5913
 6552, -23067403.9895,  12293470.5233,  22985285.1143,  -3411.9754,    -69.6079,   1547.3740
 6553, -23070815.8559,  12293400.8573,  22986832.3797,  -3411.7574,    -69.7241,   1547.1568
 6554, -23074227.5042,  12293331.0751,  22988379.4279,  -3411.5394,    -69.8403,   1546.9396
 6555, -23077638.9346,  12293261.1768,  22989926.2589,  -3411.3214,    -69.9564,   1546.7224
 6556, -23081050.1471,  12293191.1623,  22991472.8728,  -3411.1035,    -70.0725,   1546.5053
 6557, -23084461.1416,  12293121.0318,  22993019.2696,  -3410.8856,    -70.1885,   1546.2883
 6558, -23087871.9182,  12293050.7853,  22994565.4494,  -3410.6677,    -70.3045,   1546.0713
 6559, -23091282.4770,  12292980.4228,  22996111.4122,  -3410.4499,    -70.4205,   1545.8543
 6560, -23094692.8179,  12292909.9443,  22997657.1581,  -3410.2320,    -70.5365,   1545.6374
 6561, -23098102.9411,  12292839.3499,  22999202.6871,  -3410.0143,    -70.6524,   1545.4206
 6562, -23101512.8465,  12292768.6396,  23000747.9992,  -3409.7965,    -70.7683,   1545.2038
 6563, -23104922.5341,  12292697.8134,  23002293.0946,  -3409.5788,    -70.8841,   1544.9870
 6564, -23108332.0040,  12292626.8714,  23003837.9732,  -3409.3611,    -70.9999,   1544.7703
 6565, -23111741.2563,  12292555.8136,  23005382.6351,  -3409.1434,    -71.1157,   1544.5536
 6566, -23115150.2908,  12292484.6400,  23006927.0804,  -3408.9258,    -71.2314,   1544.3370
 6567, -23118559.1078,  12292413.3507,  23008471.3090,  -3408.7082,    -71.3472,   1544.1204
 6568, -23121967.7072,  12292341.9457,  23010015.3211,  -3408.4906,    -71.4628,   1543.9038
 6569, -23125376.0889,  12292270.4250,  23011559.1167,  -3408.2730,    -71.5785,   1543.6873
 6570, -23128784.2532,  12292198.7887,  23013102.6958,  -3408.0555,    -71.6941,   1543.4709
 6571, -23132192.1999,  12292127.0368,  23014646.0585,  -3407.8380,    -71.8097,   1543.2545
 6572, -23135599.9292,  12292055.1693,  23016189.2048,  -3407.6205,    -71.9252,   1543.0381
 6573, -23139007.4410,  12291983.1863,  23017732.1348,  -3407.4031,    -72.0408,   1542.8218
 6574, -23142414.7353,  12291911.0878,  23019274.8485,  -3407.1857,    -72.1562,   1542.6056
 6575, -23145821.8123,  12291838.8738,  23020817.3459,  -3406.9683,    -72.2717,   1542.3893
 6576, -23149228.6719,  12291766.5444,  23022359.6272,  -3406.7509,    -72.3871,   1542.1732
 6577, -23152635.3142,  12291694.0996,  23023901.6923,  -3406.5336,    -72.5025,   1541.9571
 6578, -23156041.7392,  12291621.5394,  23025443.5413,  -3406.3163,    -72.6179,   1541.7410
 6579, -23159447.9468,  12291548.8639,  23026985.1743,  -3406.0991,    -72.7332,   1541.5249
 6580, -23162853.9373,  12291476.0731,  23028526.5912,  -3405.8818,    -72.8485,   1541.3090
 6581, -23166259.7105,  12291403.1670,  23030067.7922,  -3405.6646,    -72.9637,   1541.0930
 6582, -23169665.2665,  12291330.1457,  23031608.7772,  -3405.4474,    -73.0789,   1540.8771
 6583, -23173070.6053,  12291257.0091,  23033149.5464,  -3405.2303,    -73.1941,   1540.6613
 6584, -23176475.7270,  12291183.7574,  23034690.0998,  -3405.0131,    -73.3093,   1540.4455
 6585, -23179880.6316,  12291110.3906,  23036230.4374,  -3404.7961,    -73.4244,   1540.2297
 6586, -23183285.3192,  12291036.9086,  23037770.5592,  -3404.5790,    -73.5395,   1540.0140
 6587, -23186689.7896,  12290963.3116,  23039310.4654,  -3404.3620,    -73.6546,   1539.7983
 6588, -23190094.0431,  12290889.5995,  23040850.1559,  -3404.1449,    -73.7696,   1539.5827
 6589, -23193498.0795,  12290815.7724,  23042389.6308,  -3403.9280,    -73.8846,   1539.3671
 6590, -23196901.8990,  12290741.8304,  23043928.8902,  -3403.7110,    -73.9995,   1539.1516
 6591, -23200305.5016,  12290667.7734,  23045467.9341,  -3403.4941,    -74.1145,   1538.9361
 6592, -23203708.8872,  12290593.6015,  23047006.7625,  -3403.2772,    -74.2293,   1538.7207
 6593, -23207112.0560,  12290519.3147,  23048545.3755,  -3403.0603,    -74.3442,   1538.5053
 6594, -23210515.0079,  12290444.9131,  23050083.7731,  -3402.8435,    -74.4590,   1538.2900
 6595, -23213917.7430,  12290370.3966,  23051621.9554,  -3402.6267,    -74.5738,   1538.0747
 6596, -23217320.2613,  12290295.7654,  23053159.9224,  -3402.4099,    -74.6886,   1537.8594
 6597, -23220722.5629,  12290221.0195,  23054697.6742,  -3402.1932,    -74.8033,   1537.6442
 6598, -23224124.6477,  12290146.1588,  23056235.2108,  -3401.9764,    -74.9180,   1537.4290
 6599, -23227526.5158,  12290071.1834,  23057772.5323,  -3401.7598,    -75.0327,   1537.2139
 6600, -23230928.1672,  12289996.0934,  23059309.6387,  -3401.5431,    -75.1473,   1536.9988
 6601, -23234329.6020,  12289920.8888,  23060846.5300,  -3401.3265,    -75.2619,   1536.7838
 6602, -23237730.8201,  12289845.5696,  23062383.2063,  -3401.1099,    -75.3765,   1536.5688
 6603, -23241131.8217,  12289770.1359,  23063919.6677,  -3400.8933,    -75.4910,   1536.3539
 6604, -23244532.6067,  12289694.5876,  23065455.9142,  -3400.6767,    -75.6055,   1536.1390
 6605, -23247933.1752,  12289618.9249,  23066991.9458,  -3400.4602,    -75.7200,   1535.9242
 6606, -23251333.5271,  12289543.1477,  23068527.7625,  -3400.2437,    -75.8344,   1535.7094
 6607, -23254733.6626,  12289467.2560,  23070063.3645,  -3400.0273,    -75.9488,   1535.4946
 6608, -23258133.5816,  12289391.2500,  23071598.7518,  -3399.8108,    -76.0632,   1535.2799
 6609, -23261533.2842,  12289315.1297,  23073133.9244,  -3399.5944,    -76.1775,   1535.0653
 6610, -23264932.7705,  12289238.8950,  23074668.8823,  -3399.3780,    -76.2918,   1534.8506
 6611, -23268332.0403,  12289162.5460,  23076203.6257,  -3399.1617,    -76.4061,   1534.6361
 6612, -23271731.0938,  12289086.0828,  23077738.1545,  -3398.9454,    -76.5203,   1534.4215
 6613, -23275129.9311,  12289009.5053,  23079272.4687,  -3398.7291,    -76.6346,   1534.2071
 6614, -23278528.5520,  12288932.8137,  23080806.5686,  -3398.5128,    -76.7487,   1533.9926
 6615, -23281926.9567,  12288856.0079,  23082340.4540,  -3398.2966,    -76.8629,   1533.7782
 6616, -23285325.1452,  12288779.0879,  23083874.1251,  -3398.0804,    -76.9770,   1533.5639
 6617, -23288723.1175,  12288702.0539,  23085407.5818,  -3397.8642,    -77.0911,   1533.3496
 6618, -23292120.8736,  12288624.9058,  23086940.8243,  -3397.6480,    -77.2051,   1533.1353
 6619, -23295518.4136,  12288547.6437,  23088473.8525,  -3397.4319,    -77.3191,   1532.9211
 6620, -23298915.7374,  12288470.2676,  23090006.6666,  -3397.2158,    -77.4331,   1532.7070
 6621, -23302312.8452,  12288392.7775,  23091539.2665,  -3396.9998,    -77.5471,   1532.4929
 6622, -23305709.7370,  12288315.1735,  23093071.6523,  -3396.7837,    -77.6610,   1532.2788
 6623, -23309106.4127,  12288237.4556,  23094603.8240,  -3396.5677,    -77.7749,   1532.0648
 6624, -23312502.8724,  12288159.6238,  23096135.7818,  -3396.3518,    -77.8887,   1531.8508
 6625, -23315899.1162,  12288081.6781,  23097667.5256,  -3396.1358,    -78.0025,   1531.6368
 6626, -23319295.1441,  12288003.6187,  23099199.0555,  -3395.9199,    -78.1163,   1531.4229
 6627, -23322690.9560,  12287925.4455,  23100730.3715,  -3395.7040,    -78.2301,   1531.2091
 6628, -23326086.5520,  12287847.1586,  23102261.4737,  -3395.4881,    -78.3438,   1530.9953
 6629, -23329481.9322,  12287768.7580,  23103792.3621,  -3395.2723,    -78.4575,   1530.7815
 6630, -23332877.0966,  12287690.2436,  23105323.0368,  -3395.0565,    -78.5711,   1530.5678
 6631, -23336272.0452,  12287611.6157,  23106853.4978,  -3394.8407,    -78.6848,   1530.3542
 6632, -23339666.7780,  12287532.8741,  23108383.7451,  -3394.6250,    -78.7984,   1530.1405
 6633, -23343061.2951,  12287454.0190,  23109913.7789,  -3394.4092,    -78.9119,   1529.9270
 6634, -23346455.5965,  12287375.0503,  23111443.5991,  -3394.1935,    -79.0255,   1529.7134
 6635, -23349849.6822,  12287295.9681,  23112973.2058,  -3393.9779,    -79.1389,   1529.5000
 6636, -23353243.5523,  12287216.7724,  23114502.5990,  -3393.7622,    -79.2524,   1529.2865
 6637, -23356637.2067,  12287137.4633,  23116031.7788,  -3393.5466,    -79.3658,   1529.0731
 6638, -23360030.6455,  12287058.0407,  23117560.7452,  -3393.3310,    -79.4792,   1528.8598
 6639, -23363423.8688,  12286978.5048,  23119089.4983,  -3393.1155,    -79.5926,   1528.6465
 6640, -23366816.8765,  12286898.8555,  23120618.0382,  -3392.9000,    -79.7060,   1528.4332
 6641, -23370209.6688,  12286819.0929,  23122146.3648,  -3392.6845,    -79.8193,   1528.2200
 6642, -23373602.2455,  12286739.2170,  23123674.4781,  -3392.4690,    -79.9325,   1528.0068
 6643, -23376994.6068,  12286659.2278,  23125202.3784,  -3392.2536,    -80.0458,   1527.7937
 6644, -23380386.7527,  12286579.1255,  23126730.0655,  -3392.0382,    -80.1590,   1527.5806
 6645, -23383778.6831,  12286498.9099,  23128257.5396,  -3391.8228,    -80.2722,   1527.3676
 6646, -23387170.3983,  12286418.5812,  23129784.8007,  -3391.6074,    -80.3853,   1527.1546
 6647, -23390561.8980,  12286338.1393,  23131311.8488,  -3391.3921,    -80.4984,   1526.9416
 6648, -23393953.1825,  12286257.5844,  23132838.6840,  -3391.1768,    -80.6115,   1526.7287
 6649, -23397344.2517,  12286176.9164,  23134365.3063,  -3390.9615,    -80.7245,   1526.5159
 6650, -23400735.1056,  12286096.1353,  23135891.7157,  -3390.7463,    -80.8376,   1526.3031
 6651, -23404125.7443,  12286015.2413,  23137417.9124,  -3390.5311,    -80.9505,   1526.0903
 6652, -23407516.1678,  12285934.2342,  23138943.8963,  -3390.3159,    -81.0635,   1525.8776
 6653, -23410906.3761,  12285853.1143,  23140469.6675,  -3390.1008,    -81.1764,   1525.6649
 6654, -23414296.3693,  12285771.8814,  23141995.2261,  -3389.8856,    -81.2893,   1525.4523
 6655, -23417686.1474,  12285690.5357,  23143520.5721,  -3389.6705,    -81.4022,   1525.2397
 6656, -23421075.7103,  12285609.0771,  23145045.7055,  -3389.4555,    -81.5150,   1525.0271
 6657, -23424465.0583,  12285527.5058,  23146570.6263,  -3389.2404,    -81.6278,   1524.8146
 6658, -23427854.1912,  12285445.8216,  23148095.3347,  -3389.0254,    -81.7405,   1524.6022
 6659, -23431243.1091,  12285364.0247,  23149619.8307,  -3388.8104,    -81.8533,   1524.3898
 6660, -23434631.8120,  12285282.1151,  23151144.1143,  -3388.5955,    -81.9660,   1524.1774
 6661, -23438020.3000,  12285200.0928,  23152668.1855,  -3388.3805,    -82.0786,   1523.9651
 6662, -23441408.5731,  12285117.9579,  23154192.0445,  -3388.1656,    -82.1913,   1523.7528
 6663, -23444796.6313,  12285035.7103,  23155715.6911,  -3387.9508,    -82.3039,   1523.5406
 6664, -23448184.4746,  12284953.3502,  23157239.1256,  -3387.7359,    -82.4164,   1523.3284
 6665, -23451572.1031,  12284870.8775,  23158762.3479,  -3387.5211,    -82.5290,   1523.1162
 6666, -23454959.5168,  12284788.2923,  23160285.3581,  -3387.3063,    -82.6415,   1522.9041
 6667, -23458346.7158,  12284705.5946,  23161808.1562,  -3387.0916,    -82.7539,   1522.6921
 6668, -23461733.7000,  12284622.7844,  23163330.7423,  -3386.8768,    -82.8664,   1522.4801
 6669, -23465120.4694,  12284539.8618,  23164853.1164,  -3386.6621,    -82.9788,   1522.2681
 6670, -23468507.0242,  12284456.8268,  23166375.2786,  -3386.4474,    -83.0912,   1522.0562
 6671, -23471893.3643,  12284373.6795,  23167897.2288,  -3386.2328,    -83.2035,   1521.8443
 6672, -23475279.4898,  12284290.4198,  23169418.9672,  -3386.0182,    -83.3158,   1521.6325
 6673, -23478665.4007,  12284207.0478,  23170940.4938,  -3385.8036,    -83.4281,   1521.4207
 6674, -23482051.0970,  12284123.5636,  23172461.8087,  -3385.5890,    -83.5404,   1521.2090
 6675, -23485436.5787,  12284039.9671,  23173982.9118,  -3385.3745,    -83.6526,   1520.9973
 6676, -23488821.8460,  12283956.2584,  23175503.8032,  -3385.1600,    -83.7648,   1520.7856
 6677, -23492206.8987,  12283872.4375,  23177024.4830,  -3384.9455,    -83.8769,   1520.5740
 6678, -23495591.7370,  12283788.5045,  23178544.9512,  -3384.7311,    -83.9891,   1520.3624
 6679, -23498976.3608,  12283704.4594,  23180065.2079,  -3384.5166,    -84.1012,   1520.1509
 6680, -23502360.7703,  12283620.3022,  23181585.2531,  -3384.3022,    -84.2132,   1519.9394
 6681, -23505744.9653,  12283536.0330,  23183105.0868,  -3384.0879,    -84.3253,   1519.7280
 6682, -23509128.9460,  12283451.6517,  23184624.7091,  -3383.8735,    -84.4372,   1519.5166
 6683, -23512512.7124,  12283367.1585,  23186144.1201,  -3383.6592,    -84.5492,   1519.3053
 6684, -23515896.2645,  12283282.5533,  23187663.3197,  -3383.4449,    -84.6612,   1519.0940
 6685, -23519279.6023,  12283197.8362,  23189182.3081,  -3383.2307,    -84.7731,   1518.8827
 6686, -23522662.7259,  12283113.0072,  23190701.0852,  -3383.0165,    -84.8849,   1518.6715
 6687, -23526045.6353,  12283028.0664,  23192219.6511,  -3382.8023,    -84.9968,   1518.4604
 6688, -23529428.3304,  12282943.0137,  23193738.0059,  -3382.5881,    -85.1086,   1518.2492
 6689, -23532810.8115,  12282857.8492,  23195256.1496,  -3382.3740,    -85.2204,   1518.0382
 6690, -23536193.0784,  12282772.5730,  23196774.0823,  -3382.1598,    -85.3321,   1517.8271
 6691, -23539575.1312,  12282687.1850,  23198291.8039,  -3381.9458,    -85.4438,   1517.6161
 6692, -23542956.9699,  12282601.6853,  23199809.3145,  -3381.7317,    -85.5555,   1517.4052
 6693, -23546338.5946,  12282516.0740,  23201326.6143,  -3381.5177,    -85.6672,   1517.1943
 6694, -23549720.0053,  12282430.3510,  23202843.7031,  -3381.3037,    -85.7788,   1516.9834
 6695, -23553101.2020,  12282344.5164,  23204360.5811,  -3381.0897,    -85.8904,   1516.7726
 6696, -23556482.1847,  12282258.5703,  23205877.2484,  -3380.8758,    -86.0019,   1516.5618
 6697, -23559862.9535,  12282172.5126,  23207393.7048,  -3380.6618,    -86.1135,   1516.3511
 6698, -23563243.5084,  12282086.3434,  23208909.9506,  -3380.4479,    -86.2250,   1516.1404
 6699, -23566623.8494,  12282000.0627,  23210425.9857,  -3380.2341,    -86.3364,   1515.9298
 6700, -23570003.9766,  12281913.6705,  23211941.8102,  -3380.0203,    -86.4479,   1515.7192
 6701, -23573383.8899,  12281827.1670,  23213457.4242,  -3379.8065,    -86.5593,   1515.5087
 6702, -23576763.5895,  12281740.5520,  23214972.8276,  -3379.5927,    -86.6706,   1515.2982
 6703, -23580143.0753,  12281653.8258,  23216488.0205,  -3379.3789,    -86.7820,   1515.0877
 6704, -23583522.3473,  12281566.9881,  23218003.0030,  -3379.1652,    -86.8933,   1514.8773
 6705, -23586901.4057,  12281480.0392,  23219517.7751,  -3378.9515,    -87.0045,   1514.6669
 6706, -23590280.2503,  12281392.9790,  23221032.3368,  -3378.7378,    -87.1158,   1514.4566
 6707, -23593658.8814,  12281305.8076,  23222546.6882,  -3378.5242,    -87.2270,   1514.2463
 6708, -23597037.2988,  12281218.5250,  23224060.8294,  -3378.3106,    -87.3382,   1514.0360
 6709, -23600415.5026,  12281131.1313,  23225574.7603,  -3378.0970,    -87.4493,   1513.8258
 6710, -23603793.4928,  12281043.6264,  23227088.4811,  -3377.8835,    -87.5605,   1513.6157
 6711, -23607171.2695,  12280956.0104,  23228601.9917,  -3377.6699,    -87.6716,   1513.4056
 6712, -23610548.8327,  12280868.2833,  23230115.2923,  -3377.4564,    -87.7826,   1513.1955
 6713, -23613926.1824,  12280780.4452,  23231628.3828,  -3377.2430,    -87.8936,   1512.9855
 6714, -23617303.3186,  12280692.4960,  23233141.2633,  -3377.0295,    -88.0046,   1512.7755
 6715, -23620680.2414,  12280604.4359,  23234653.9338,  -3376.8161,    -88.1156,   1512.5656
 6716, -23624056.9508,  12280516.2648,  23236166.3945,  -3376.6027,    -88.2265,   1512.3557
 6717, -23627433.4469,  12280427.9829,  23237678.6452,  -3376.3894,    -88.3374,   1512.1458
 6718, -23630809.7296,  12280339.5900,  23239190.6862,  -3376.1760,    -88.4483,   1511.9360
 6719, -23634185.7990,  12280251.0863,  23240702.5173,  -3375.9627,    -88.5591,   1511.7263
 6720, -23637561.6550,  12280162.4717,  23242214.1387,  -3375.7495,    -88.6700,   1511.5166
 6721, -23640937.2979,  12280073.7464,  23243725.5505,  -3375.5362,    -88.7807,   1511.3069
 6722, -23644312.7275,  12279984.9103,  23245236.7525,  -3375.3230,    -88.8915,   1511.0973
 6723, -23647687.9439,  12279895.9634,  23246747.7450,  -3375.1098,    -89.0022,   1510.8877
 6724, -23651062.9471,  12279806.9059,  23248258.5279,  -3374.8966,    -89.1129,   1510.6781
 6725, -23654437.7371,  12279717.7377,  23249769.1013,  -3374.6835,    -89.2235,   1510.4686
 6726, -23657812.3141,  12279628.4588,  23251279.4652,  -3374.4704,    -89.3342,   1510.2592
 6727, -23661186.6779,  12279539.0694,  23252789.6197,  -3374.2573,    -89.4447,   1510.0498
 6728, -23664560.8287,  12279449.5694,  23254299.5647,  -3374.0443,    -89.5553,   1509.8404
 6729, -23667934.7664,  12279359.9588,  23255809.3005,  -3373.8312,    -89.6658,   1509.6311
 6730, -23671308.4911,  12279270.2377,  23257318.8269,  -3373.6182,    -89.7763,   1509.4218
 6731, -23674682.0029,  12279180.4061,  23258828.1441,  -3373.4053,    -89.8868,   1509.2126
 6732, -23678055.3017,  12279090.4641,  23260337.2521,  -3373.1923,    -89.9972,   1509.0034
 6733, -23681428.3875,  12279000.4117,  23261846.1508,  -3372.9794,    -90.1076,   1508.7942
 6734, -23684801.2605,  12278910.2488,  23263354.8405,  -3372.7665,    -90.2180,   1508.5851
 6735, -23688173.9206,  12278819.9756,  23264863.3211,  -3372.5537,    -90.3284,   1508.3760
 6736, -23691546.3678,  12278729.5921,  23266371.5926,  -3372.3408,    -90.4387,   1508.1670
 6737, -23694918.6022,  12278639.0983,  23267879.6552,  -3372.1280,    -90.5490,   1507.9581
 6738, -23698290.6239,  12278548.4942,  23269387.5087,  -3371.9152,    -90.6592,   1507.7491
 6739, -23701662.4327,  12278457.7799,  23270895.1534,  -3371.7025,    -90.7694,   1507.5402
 6740, -23705034.0289,  12278366.9554,  23272402.5892,  -3371.4898,    -90.8796,   1507.3314
 6741, -23708405.4123,  12278276.0207,  23273909.8162,  -3371.2771,    -90.9898,   1507.1226
 6742, -23711776.5830,  12278184.9758,  23275416.8344,  -3371.0644,    -91.0999,   1506.9138
 6743, -23715147.5411,  12278093.8209,  23276923.6439,  -3370.8518,    -91.2100,   1506.7051
 6744, -23718518.2866,  12278002.5558,  23278430.2446,  -3370.6392,    -91.3201,   1506.4964
 6745, -23721888.8195,  12277911.1807,  23279936.6367,  -3370.4266,    -91.4301,   1506.2878
 6746, -23725259.1398,  12277819.6956,  23281442.8202,  -3370.2140,    -91.5401,   1506.0792
 6747, -23728629.2476,  12277728.1005,  23282948.7952,  -3370.0015,    -91.6501,   1505.8707
 6748, -23731999.1428,  12277636.3955,  23284454.5616,  -3369.7890,    -91.7600,   1505.6622
 6749, -23735368.8256,  12277544.5805,  23285960.1195,  -3369.5765,    -91.8699,   1505.4537
 6750, -23738738.2959,  12277452.6556,  23287465.4691,  -3369.3641,    -91.9798,   1505.2453
 6751, -23742107.5538,  12277360.6208,  23288970.6102,  -3369.1517,    -92.0897,   1505.0369
 6752, -23745476.5993,  12277268.4762,  23290475.5429,  -3368.9393,    -92.1995,   1504.8286
 6753, -23748845.4324,  12277176.2218,  23291980.2674,  -3368.7269,    -92.3093,   1504.6203
 6754, -23752214.0532,  12277083.8577,  23293484.7836,  -3368.5146,    -92.4190,   1504.4121
 6755, -23755582.4616,  12276991.3838,  23294989.0916,  -3368.3023,    -92.5288,   1504.2039
 6756, -23758950.6578,  12276898.8001,  23296493.1914,  -3368.0900,    -92.6385,   1503.9957
 6757, -23762318.6417,  12276806.1068,  23297997.0831,  -3367.8778,    -92.7481,   1503.7876
 6758, -23765686.4133,  12276713.3039,  23299500.7667,  -3367.6655,    -92.8578,   1503.5796
 6759, -23769053.9728,  12276620.3913,  23301004.2422,  -3367.4533,    -92.9674,   1503.3715
 6760, -23772421.3200,  12276527.3691,  23302507.5097,  -3367.2412,    -93.0770,   1503.1635
 6761, -23775788.4551,  12276434.2374,  23304010.5693,  -3367.0290,    -93.1865,   1502.9556
 6762, -23779155.3781,  12276340.9961,  23305513.4210,  -3366.8169,    -93.2960,   1502.7477
 6763, -23782522.0890,  12276247.6453,  23307016.0647,  -3366.6048,    -93.4055,   1502.5399
 6764, -23785888.5878,  12276154.1851,  23308518.5007,  -3366.3928,    -93.5150,   1502.3321
 6765, -23789254.8746,  12276060.6154,  23310020.7289,  -3366.1808,    -93.6244,   1502.1243
 6766, -23792620.9493,  12275966.9364,  23311522.7493,  -3365.9688,    -93.7338,   1501.9166
 6767, -23795986.8121,  12275873.1479,  23313024.5620,  -3365.7568,    -93.8431,   1501.7089
 6768, -23799352.4629,  12275779.2501,  23314526.1670,  -3365.5448,    -93.9525,   1501.5012
 6769, -23802717.9017,  12275685.2430,  23316027.5645,  -3365.3329,    -94.0618,   1501.2936
 6770, -23806083.1287,  12275591.1266,  23317528.7544,  -3365.1210,    -94.1710,   1501.0861
 6771, -23809448.1438,  12275496.9009,  23319029.7367,  -3364.9092,    -94.2803,   1500.8786
 6772, -23812812.9470,  12275402.5660,  23320530.5115,  -3364.6973,    -94.3895,   1500.6711
 6773, -23816177.5384,  12275308.1220,  23322031.0789,  -3364.4855,    -94.4987,   1500.4637
 6774, -23819541.9180,  12275213.5687,  23323531.4389,  -3364.2737,    -94.6078,   1500.2563
 6775, -23822906.0859,  12275118.9064,  23325031.5916,  -3364.0620,    -94.7169,   1500.0490
 6776, -23826270.0420,  12275024.1349,  23326531.5369,  -3363.8502,    -94.8260,   1499.8417
 6777, -23829633.7864,  12274929.2543,  23328031.2750,  -3363.6385,    -94.9351,   1499.6344
 6778, -23832997.3191,  12274834.2647,  23329530.8058,  -3363.4269,    -95.0441,   1499.4272
 6779, -23836360.6401,  12274739.1661,  23331030.1294,  -3363.2152,    -95.1531,   1499.2201
 6780, -23839723.7495,  12274643.9585,  23332529.2459,  -3363.0036,    -95.2621,   1499.0129
 6781, -23843086.6473,  12274548.6420,  23334028.1553,  -3362.7920,    -95.3710,   1498.8058
 6782, -23846449.3335,  12274453.2165,  23335526.8576,  -3362.5804,    -95.4799,   1498.5988
 6783, -23849811.8082,  12274357.6822,  23337025.3529,  -3362.3689,    -95.5888,   1498.3918
 6784, -23853174.0714,  12274262.0390,  23338523.6413,  -3362.1574,    -95.6976,   1498.1849
 6785, -23856536.1230,  12274166.2869,  23340021.7227,  -3361.9459,    -95.8064,   1497.9780
 6786, -23859897.9632,  12274070.4261,  23341519.5972,  -3361.7345,    -95.9152,   1497.7711
 6787, -23863259.5920,  12273974.4565,  23343017.2649,  -3361.5230,    -96.0240,   1497.5643
 6788, -23866621.0093,  12273878.3782,  23344514.7257,  -3361.3116,    -96.1327,   1497.3575
 6789, -23869982.2153,  12273782.1911,  23346011.9798,  -3361.1003,    -96.2414,   1497.1507
 6790, -23873343.2099,  12273685.8954,  23347509.0272,  -3360.8889,    -96.3501,   1496.9440
 6791, -23876703.9931,  12273589.4910,  23349005.8679,  -3360.6776,    -96.4587,   1496.7374
 6792, -23880064.5651,  12273492.9780,  23350502.5020,  -3360.4663,    -96.5673,   1496.5308
 6793, -23883424.9258,  12273396.3564,  23351998.9295,  -3360.2551,    -96.6759,   1496.3242
 6794, -23886785.0752,  12273299.6262,  23353495.1504,  -3360.0438,    -96.7844,   1496.1177
 6795, -23890145.0134,  12273202.7876,  23354991.1649,  -3359.8326,    -96.8929,   1495.9112
 6796, -23893504.7405,  12273105.8404,  23356486.9728,  -3359.6214,    -97.0014,   1495.7048
 6797, -23896864.2563,  12273008.7847,  23357982.5744,  -3359.4103,    -97.1099,   1495.4984
 6798, -23900223.5610,  12272911.6207,  23359477.9696,  -3359.1992,    -97.2183,   1495.2920
 6799, -23903582.6546,  12272814.3482,  23360973.1584,  -3358.9881,    -97.3267,   1495.0857
 6800, -23906941.5372,  12272716.9673,  23362468.1409,  -3358.7770,    -97.4350,   1494.8794
 6801, -23910300.2086,  12272619.4781,  23363962.9172,  -3358.5659,    -97.5434,   1494.6732
 6802, -23913658.6691,  12272521.8806,  23365457.4873,  -3358.3549,    -97.6517,   1494.4670
 6803, -23917016.9185,  12272424.1748,  23366951.8512,  -3358.1439,    -97.7599,   1494.2609
 6804, -23920374.9570,  12272326.3607,  23368446.0090,  -3357.9330,    -97.8682,   1494.0547
 6805, -23923732.7845,  12272228.4384,  23369939.9608,  -3357.7220,    -97.9764,   1493.8487
 6806, -23927090.4011,  12272130.4079,  23371433.7064,  -3357.5111,    -98.0846,   1493.6427
 6807, -23930447.8068,  12272032.2693,  23372927.2461,  -3357.3003,    -98.1927,   1493.4367
 6808, -23933805.0016,  12271934.0225,  23374420.5798,  -3357.0894,    -98.3009,   1493.2308
 6809, -23937161.9856,  12271835.6675,  23375913.7077,  -3356.8786,    -98.4089,   1493.0249
 6810, -23940518.7588,  12271737.2046,  23377406.6296,  -3356.6678,    -98.5170,   1492.8190
 6811, -23943875.3211,  12271638.6335,  23378899.3457,  -3356.4570,    -98.6250,   1492.6132
 6812, -23947231.6728,  12271539.9545,  23380391.8561,  -3356.2463,    -98.7330,   1492.4075
 6813, -23950587.8137,  12271441.1675,  23381884.1607,  -3356.0355,    -98.8410,   1492.2017
 6814, -23953943.7439,  12271342.2725,  23383376.2596,  -3355.8249,    -98.9490,   1491.9961
 6815, -23957299.4634,  12271243.2696,  23384868.1528,  -3355.6142,    -99.0569,   1491.7904
 6816, -23960654.9723,  12271144.1588,  23386359.8404,  -3355.4036,    -99.1647,   1491.5848
 6817, -23964010.2706,  12271044.9401,  23387851.3225,  -3355.1930,    -99.2726,   1491.3793
 6818, -23967365.3582,  12270945.6136,  23389342.5990,  -3354.9824,    -99.3804,   1491.1738
 6819, -23970720.2353,  12270846.1792,  23390833.6700,  -3354.7718,    -99.4882,   1490.9683
 6820, -23974074.9019,  12270746.6371,  23392324.5356,  -3354.5613,    -99.5960,   1490.7629
 6821, -23977429.3579,  12270646.9873,  23393815.1958,  -3354.3508,    -99.7037,   1490.5575
 6822, -23980783.6035,  12270547.2297,  23395305.6506,  -3354.1403,    -99.8114,   1490.3521
 6823, -23984137.6386,  12270447.3645,  23396795.9001,  -3353.9299,    -99.9191,   1490.1468
 6824, -23987491.4632,  12270347.3916,  23398285.9443,  -3353.7195,   -100.0267,   1489.9416
 6825, -23990845.0775,  12270247.3110,  23399775.7833,  -3353.5091,   -100.1343,   1489.7364
 6826, -23994198.4814,  12270147.1229,  23401265.4171,  -3353.2987,   -100.2419,   1489.5312
 6827, -23997551.6749,  12270046.8272,  23402754.8457,  -3353.0884,   -100.3495,   1489.3261
 6828, -24000904.6581,  12269946.4239,  23404244.0692,  -3352.8781,   -100.4570,   1489.1210
 6829, -24004257.4310,  12269845.9132,  23405733.0877,  -3352.6678,   -100.5645,   1488.9159
 6830, -24007609.9937,  12269745.2949,  23407221.9011,  -3352.4575,   -100.6720,   1488.7109
 6831, -24010962.3461,  12269644.5693,  23408710.5096,  -3352.2473,   -100.7794,   1488.5060
 6832, -24014314.4883,  12269543.7362,  23410198.9131,  -3352.0371,   -100.8868,   1488.3010
 6833, -24017666.4203,  12269442.7957,  23411687.1117,  -3351.8269,   -100.9942,   1488.0962
 6834, -24021018.1421,  12269341.7478,  23413175.1054,  -3351.6168,   -101.1015,   1487.8913
 6835, -24024369.6539,  12269240.5926,  23414662.8944,  -3351.4067,   -101.2088,   1487.6865
 6836, -24027720.9555,  12269139.3301,  23416150.4785,  -3351.1966,   -101.3161,   1487.4818
 6837, -24031072.0470,  12269037.9604,  23417637.8579,  -3350.9865,   -101.4234,   1487.2771
 6838, -24034422.9285,  12268936.4834,  23419125.0327,  -3350.7765,   -101.5306,   1487.0724
 6839, -24037773.5999,  12268834.8992,  23420612.0028,  -3350.5664,   -101.6378,   1486.8678
 6840, -24041124.0614,  12268733.2078,  23422098.7682,  -3350.3565,   -101.7450,   1486.6632
 6841, -24044474.3128,  12268631.4092,  23423585.3292,  -3350.1465,   -101.8521,   1486.4586
 6842, -24047824.3544,  12268529.5035,  23425071.6856,  -3349.9366,   -101.9592,   1486.2541
 6843, -24051174.1860,  12268427.4908,  23426557.8375,  -3349.7267,   -102.0663,   1486.0497
 6844, -24054523.8077,  12268325.3709,  23428043.7849,  -3349.5168,   -102.1734,   1485.8453
 6845, -24057873.2196,  12268223.1441,  23429529.5280,  -3349.3069,   -102.2804,   1485.6409
 6846, -24061222.4216,  12268120.8102,  23431015.0667,  -3349.0971,   -102.3874,   1485.4366
 6847, -24064571.4139,  12268018.3694,  23432500.4012,  -3348.8873,   -102.4943,   1485.2323
 6848, -24067920.1963,  12267915.8216,  23433985.5313,  -3348.6776,   -102.6013,   1485.0280
 6849, -24071268.7690,  12267813.1669,  23435470.4572,  -3348.4678,   -102.7082,   1484.8238
 6850, -24074617.1319,  12267710.4053,  23436955.1789,  -3348.2581,   -102.8150,   1484.6196
 6851, -24077965.2852,  12267607.5368,  23438439.6965,  -3348.0484,   -102.9219,   1484.4155
 6852, -24081313.2288,  12267504.5615,  23439924.0100,  -3347.8388,   -103.0287,   1484.2114
 6853, -24084660.9627,  12267401.4795,  23441408.1194,  -3347.6291,   -103.1355,   1484.0074
 6854, -24088008.4870,  12267298.2906,  23442892.0247,  -3347.4195,   -103.2422,   1483.8034
 6855, -24091355.8017,  12267194.9950,  23444375.7261,  -3347.2099,   -103.3489,   1483.5994
 6856, -24094702.9069,  12267091.5927,  23445859.2236,  -3347.0004,   -103.4556,   1483.3955
 6857, -24098049.8025,  12266988.0838,  23447342.5172,  -3346.7909,   -103.5623,   1483.1916
 6858, -24101396.4886,  12266884.4681,  23448825.6069,  -3346.5814,   -103.6689,   1482.9878
 6859, -24104742.9652,  12266780.7459,  23450308.4928,  -3346.3719,   -103.7756,   1482.7840
 6860, -24108089.2324,  12266676.9170,  23451791.1749,  -3346.1624,   -103.8821,   1482.5803
 6861, -24111435.2901,  12266572.9816,  23453273.6533,  -3345.9530,   -103.9887,   1482.3765
 6862, -24114781.1385,  12266468.9397,  23454755.9280,  -3345.7436,   -104.0952,   1482.1729
 6863, -24118126.7774,  12266364.7913,  23456237.9991,  -3345.5343,   -104.2017,   1481.9693
 6864, -24121472.2070,  12266260.5363,  23457719.8665,  -3345.3249,   -104.3081,   1481.7657
 6865, -24124817.4273,  12266156.1750,  23459201.5304,  -3345.1156,   -104.4146,   1481.5621
 6866, -24128162.4382,  12266051.7072,  23460682.9908,  -3344.9063,   -104.5210,   1481.3586
 6867, -24131507.2399,  12265947.1330,  23462164.2477,  -3344.6971,   -104.6274,   1481.1552
 6868, -24134851.8324,  12265842.4525,  23463645.3011,  -3344.4878,   -104.7337,   1480.9517
 6869, -24138196.2156,  12265737.6657,  23465126.1512,  -3344.2786,   -104.8400,   1480.7484
 6870, -24141540.3897,  12265632.7725,  23466606.7979,  -3344.0695,   -104.9463,   1480.5450
 6871, -24144884.3546,  12265527.7731,  23468087.2412,  -3343.8603,   -105.0525,   1480.3417
 6872, -24148228.1103,  12265422.6674,  23469567.4813,  -3343.6512,   -105.1588,   1480.1385
 6873, -24151571.6570,  12265317.4555,  23471047.5182,  -3343.4421,   -105.2650,   1479.9353
 6874, -24154914.9945,  12265212.1375,  23472527.3519,  -3343.2330,   -105.3711,   1479.7321
 6875, -24158258.1230,  12265106.7133,  23474006.9824,  -3343.0240,   -105.4773,   1479.5290
 6876, -24161601.0425,  12265001.1829,  23475486.4098,  -3342.8150,   -105.5834,   1479.3259
 6877, -24164943.7530,  12264895.5465,  23476965.6342,  -3342.6060,   -105.6895,   1479.1228
 6878, -24168286.2545,  12264789.8040,  23478444.6555,  -3342.3970,   -105.7955,   1478.9198
 6879, -24171628.5470,  12264683.9555,  23479923.4739,  -3342.1881,   -105.9015,   1478.7169
 6880, -24174970.6307,  12264578.0010,  23481402.0893,  -3341.9792,   -106.0075,   1478.5139
 6881, -24178312.5054,  12264471.9405,  23482880.5018,  -3341.7703,   -106.1135,   1478.3111
 6882, -24181654.1713,  12264365.7740,  23484358.7114,  -3341.5614,   -106.2194,   1478.1082
 6883, -24184995.6283,  12264259.5016,  23485836.7182,  -3341.3526,   -106.3253,   1477.9054
 6884, -24188336.8765,  12264153.1233,  23487314.5223,  -3341.1438,   -106.4312,   1477.7027
 6885, -24191677.9159,  12264046.6392,  23488792.1236,  -3340.9350,   -106.5371,   1477.4999
 6886, -24195018.7466,  12263940.0492,  23490269.5222,  -3340.7263,   -106.6429,   1477.2973
 6887, -24198359.3685,  12263833.3535,  23491746.7181,  -3340.5176,   -106.7487,   1477.0946
 6888, -24201699.7817,  12263726.5519,  23493223.7114,  -3340.3089,   -106.8544,   1476.8920
 6889, -24205039.9863,  12263619.6446,  23494700.5022,  -3340.1002,   -106.9601,   1476.6895
 6890, -24208379.9821,  12263512.6316,  23496177.0905,  -3339.8916,   -107.0659,   1476.4870
 6891, -24211719.7694,  12263405.5130,  23497653.4762,  -3339.6829,   -107.1715,   1476.2845
 6892, -24215059.3481,  12263298.2886,  23499129.6595,  -3339.4744,   -107.2772,   1476.0821
 6893, -24218398.7181,  12263190.9586,  23500605.6404,  -3339.2658,   -107.3828,   1475.8797
 6894, -24221737.8797,  12263083.5231,  23502081.4189,  -3339.0573,   -107.4884,   1475.6774
 6895, -24225076.8327,  12262975.9819,  23503556.9951,  -3338.8488,   -107.5939,   1475.4750
 6896, -24228415.5772,  12262868.3352,  23505032.3690,  -3338.6403,   -107.6995,   1475.2728
 6897, -24231754.1132,  12262760.5830,  23506507.5407,  -3338.4318,   -107.8049,   1475.0706
 6898, -24235092.4408,  12262652.7253,  23507982.5101,  -3338.2234,   -107.9104,   1474.8684
 6899, -24238430.5600,  12262544.7622,  23509457.2775,  -3338.0150,   -108.0159,   1474.6662
 6900, -24241768.4708,  12262436.6936,  23510931.8426,  -3337.8066,   -108.1213,   1474.4641
 6901, -24245106.1733,  12262328.5197,  23512406.2057,  -3337.5983,   -108.2267,   1474.2621
 6902, -24248443.6674,  12262220.2403,  23513880.3668,  -3337.3900,   -108.3320,   1474.0601
 6903, -24251780.9532,  12262111.8556,  23515354.3259,  -3337.1817,   -108.4373,   1473.8581
 6904, -24255118.0307,  12262003.3657,  23516828.0830,  -3336.9734,   -108.5426,   1473.6561
 6905, -24258454.9000,  12261894.7704,  23518301.6382,  -3336.7651,   -108.6479,   1473.4543
 6906, -24261791.5610,  12261786.0699,  23519774.9915,  -3336.5569,   -108.7531,   1473.2524
 6907, -24265128.0139,  12261677.2641,  23521248.1430,  -3336.3487,   -108.8583,   1473.0506
 6908, -24268464.2585,  12261568.3532,  23522721.0927,  -3336.1406,   -108.9635,   1472.8488
 6909, -24271800.2950,  12261459.3371,  23524193.8406,  -3335.9325,   -109.0687,   1472.6471
 6910, -24275136.1234,  12261350.2159,  23525666.3869,  -3335.7243,   -109.1738,   1472.4454
 6911, -24278471.7437,  12261240.9895,  23527138.7314,  -3335.5163,   -109.2789,   1472.2437
 6912, -24281807.1560,  12261131.6581,  23528610.8744,  -3335.3082,   -109.3840,   1472.0421
 6913, -24285142.3602,  12261022.2216,  23530082.8157,  -3335.1002,   -109.4890,   1471.8406
 6914, -24288477.3563,  12260912.6801,  23531554.5555,  -3334.8922,   -109.5940,   1471.6390
 6915, -24291812.1445,  12260803.0336,  23533026.0938,  -3334.6842,   -109.6990,   1471.4376
 6916, -24295146.7247,  12260693.2822,  23534497.4306,  -3334.4763,   -109.8039,   1471.2361
 6917, -24298481.0970,  12260583.4258,  23535968.5660,  -3334.2683,   -109.9089,   1471.0347
 6918, -24301815.2614,  12260473.4645,  23537439.5001,  -3334.0604,   -110.0137,   1470.8333
 6919, -24305149.2179,  12260363.3983,  23538910.2327,  -3333.8526,   -110.1186,   1470.6320
 6920, -24308482.9665,  12260253.2273,  23540380.7641,  -3333.6447,   -110.2234,   1470.4307
 6921, -24311816.5074,  12260142.9514,  23541851.0942,  -3333.4369,   -110.3283,   1470.2295
 6922, -24315149.8404,  12260032.5708,  23543321.2231,  -3333.2291,   -110.4330,   1470.0283
 6923, -24318482.9656,  12259922.0854,  23544791.1508,  -3333.0214,   -110.5378,   1469.8271
 6924, -24321815.8831,  12259811.4952,  23546260.8773,  -3332.8136,   -110.6425,   1469.6260
 6925, -24325148.5928,  12259700.8004,  23547730.4028,  -3332.6059,   -110.7472,   1469.4249
 6926, -24328481.0949,  12259590.0008,  23549199.7272,  -3332.3982,   -110.8519,   1469.2239
 6927, -24331813.3893,  12259479.0967,  23550668.8506,  -3332.1906,   -110.9565,   1469.0229
 6928, -24335145.4760,  12259368.0879,  23552137.7730,  -3331.9829,   -111.0611,   1468.8219
 6929, -24338477.3552,  12259256.9745,  23553606.4945,  -3331.7753,   -111.1657,   1468.6210
 6930, -24341809.0267,  12259145.7565,  23555075.0151,  -3331.5678,   -111.2702,   1468.4201
 6931, -24345140.4907,  12259034.4340,  23556543.3348,  -3331.3602,   -111.3747,   1468.2193
 6932, -24348471.7471,  12258923.0071,  23558011.4537,  -3331.1527,   -111.4792,   1468.0185
 6933, -24351802.7960,  12258811.4756,  23559479.3718,  -3330.9452,   -111.5837,   1467.8178
 6934, -24355133.6375,  12258699.8397,  23560947.0892,  -3330.7377,   -111.6881,   1467.6170
 6935, -24358464.2714,  12258588.0993,  23562414.6059,  -3330.5303,   -111.7925,   1467.4164
 6936, -24361794.6980,  12258476.2546,  23563881.9219,  -3330.3228,   -111.8969,   1467.2157
 6937, -24365124.9171,  12258364.3055,  23565349.0374,  -3330.1154,   -112.0013,   1467.0151
 6938, -24368454.9289,  12258252.2521,  23566815.9522,  -3329.9081,   -112.1056,   1466.8146
 6939, -24371784.7333,  12258140.0943,  23568282.6666,  -3329.7007,   -112.2099,   1466.6141
 6940, -24375114.3304,  12258027.8323,  23569749.1804,  -3329.4934,   -112.3141,   1466.4136
 6941, -24378443.7202,  12257915.4661,  23571215.4938,  -3329.2861,   -112.4184,   1466.2132
 6942, -24381772.9027,  12257802.9956,  23572681.6068,  -3329.0789,   -112.5226,   1466.0128
 6943, -24385101.8779,  12257690.4209,  23574147.5194,  -3328.8716,   -112.6268,   1465.8124
 6944, -24388430.6460,  12257577.7421,  23575613.2316,  -3328.6644,   -112.7309,   1465.6121
 6945, -24391759.2068,  12257464.9591,  23577078.7436,  -3328.4573,   -112.8350,   1465.4119
 6946, -24395087.5605,  12257352.0720,  23578544.0554,  -3328.2501,   -112.9391,   1465.2116
 6947, -24398415.7070,  12257239.0808,  23580009.1669,  -3328.0430,   -113.0432,   1465.0114
 6948, -24401743.6464,  12257125.9856,  23581474.0782,  -3327.8359,   -113.1472,   1464.8113
 6949, -24405071.3788,  12257012.7864,  23582938.7895,  -3327.6288,   -113.2512,   1464.6112
 6950, -24408398.9040,  12256899.4831,  23584403.3006,  -3327.4217,   -113.3552,   1464.4111
 6951, -24411726.2222,  12256786.0760,  23585867.6117,  -3327.2147,   -113.4592,   1464.2111
 6952, -24415053.3335,  12256672.5648,  23587331.7228,  -3327.0077,   -113.5631,   1464.0111
 6953, -24418380.2377,  12256558.9498,  23588795.6339,  -3326.8007,   -113.6670,   1463.8112
 6954, -24421706.9350,  12256445.2309,  23590259.3451,  -3326.5938,   -113.7709,   1463.6112
 6955, -24425033.4253,  12256331.4081,  23591722.8564,  -3326.3869,   -113.8747,   1463.4114
 6956, -24428359.7087,  12256217.4815,  23593186.1679,  -3326.1800,   -113.9785,   1463.2116
 6957, -24431685.7853,  12256103.4511,  23594649.2795,  -3325.9731,   -114.0823,   1463.0118
 6958, -24435011.6550,  12255989.3169,  23596112.1914,  -3325.7663,   -114.1860,   1462.8120
 6959, -24438337.3179,  12255875.0790,  23597574.9036,  -3325.5595,   -114.2898,   1462.6123
 6960, -24441662.7740,  12255760.7374,  23599037.4161,  -3325.3527,   -114.3935,   1462.4126
 6961, -24444988.0233,  12255646.2921,  23600499.7289,  -3325.1459,   -114.4971,   1462.2130
 6962, -24448313.0658,  12255531.7432,  23601961.8421,  -3324.9392,   -114.6008,   1462.0134
 6963, -24451637.9017,  12255417.0906,  23603423.7558,  -3324.7325,   -114.7044,   1461.8139
 6964, -24454962.5308,  12255302.3344,  23604885.4699,  -3324.5258,   -114.8080,   1461.6144
 6965, -24458286.9533,  12255187.4747,  23606346.9846,  -3324.3191,   -114.9115,   1461.4149
 6966, -24461611.1691,  12255072.5114,  23607808.2998,  -3324.1125,   -115.0150,   1461.2155
 6967, -24464935.1783,  12254957.4446,  23609269.4156,  -3323.9059,   -115.1185,   1461.0161
 6968, -24468258.9809,  12254842.2743,  23610730.3320,  -3323.6993,   -115.2220,   1460.8168
 6969, -24471582.5770,  12254727.0006,  23612191.0491,  -3323.4928,   -115.3255,   1460.6175
 6970, -24474905.9665,  12254611.6234,  23613651.5669,  -3323.2863,   -115.4289,   1460.4182
 6971, -24478229.1495,  12254496.1429,  23615111.8855,  -3323.0798,   -115.5323,   1460.2190
 6972, -24481552.1260,  12254380.5589,  23616572.0049,  -3322.8733,   -115.6356,   1460.0198
 6973, -24484874.8961,  12254264.8716,  23618031.9251,  -3322.6668,   -115.7389,   1459.8206
 6974, -24488197.4597,  12254149.0810,  23619491.6462,  -3322.4604,   -115.8422,   1459.6215
 6975, -24491519.8169,  12254033.1872,  23620951.1682,  -3322.2540,   -115.9455,   1459.4225
 6976, -24494841.9678,  12253917.1900,  23622410.4912,  -3322.0477,   -116.0488,   1459.2234
 6977, -24498163.9123,  12253801.0896,  23623869.6151,  -3321.8413,   -116.1520,   1459.0245
 6978, -24501485.6504,  12253684.8860,  23625328.5401,  -3321.6350,   -116.2552,   1458.8255
 6979, -24504807.1823,  12253568.5793,  23626787.2662,  -3321.4287,   -116.3583,   1458.6266
 6980, -24508128.5079,  12253452.1694,  23628245.7934,  -3321.2225,   -116.4615,   1458.4277
 6981, -24511449.6272,  12253335.6563,  23629704.1217,  -3321.0162,   -116.5646,   1458.2289
 6982, -24514770.5403,  12253219.0402,  23631162.2512,  -3320.8100,   -116.6677,   1458.0301
 6983, -24518091.2472,  12253102.3210,  23632620.1820,  -3320.6038,   -116.7707,   1457.8314
 6984, -24521411.7480,  12252985.4988,  23634077.9140,  -3320.3977,   -116.8737,   1457.6327
 6985, -24524732.0425,  12252868.5736,  23635535.4474,  -3320.1915,   -116.9767,   1457.4340
 6986, -24528052.1310,  12252751.5454,  23636992.7821,  -3319.9854,   -117.0797,   1457.2354
 6987, -24531372.0134,  12252634.4142,  23638449.9182,  -3319.7793,   -117.1826,   1457.0368
 6988, -24534691.6897,  12252517.1801,  23639906.8557,  -3319.5733,   -117.2855,   1456.8383
 6989, -24538011.1600,  12252399.8432,  23641363.5947,  -3319.3673,   -117.3884,   1456.6398
 6990, -24541330.4242,  12252282.4033,  23642820.1352,  -3319.1613,   -117.4913,   1456.4413
 6991, -24544649.4825,  12252164.8606,  23644276.4773,  -3318.9553,   -117.5941,   1456.2429
 6992, -24547968.3348,  12252047.2151,  23645732.6210,  -3318.7493,   -117.6969,   1456.0445
 6993, -24551286.9812,  12251929.4668,  23647188.5663,  -3318.5434,   -117.7997,   1455.8461
 6994, -24554605.4216,  12251811.6158,  23648644.3132,  -3318.3375,   -117.9024,   1455.6478
 6995, -24557923.6562,  12251693.6620,  23650099.8619,  -3318.1316,   -118.0051,   1455.4495
 6996, -24561241.6849,  12251575.6056,  23651555.2123,  -3317.9258,   -118.1078,   1455.2513
 6997, -24564559.5078,  12251457.4464,  23653010.3646,  -3317.7200,   -118.2105,   1455.0531
 6998, -24567877.1249,  12251339.1846,  23654465.3186,  -3317.5142,   -118.3131,   1454.8550
 6999, -24571194.5362,  12251220.8202,  23655920.0745,  -3317.3084,   -118.4157,   1454.6569
 7000, -24574511.7417,  12251102.3532,  23657374.6324,  -3317.1027,   -118.5183,   1454.4588
 7001, -24577828.7415,  12250983.7837,  23658828.9921,  -3316.8970,   -118.6208,   1454.2608
 7002, -24581145.5356,  12250865.1116,  23660283.1539,  -3316.6913,   -118.7233,   1454.0628
 7003, -24584462.1241,  12250746.3370,  23661737.1177,  -3316.4856,   -118.8258,   1453.8648
 7004, -24587778.5068,  12250627.4599,  23663190.8836,  -3316.2800,   -118.9283,   1453.6669
 7005, -24591094.6840,  12250508.4804,  23664644.4516,  -3316.0744,   -119.0307,   1453.4690
 7006, -24594410.6556,  12250389.3985,  23666097.8217,  -3315.8688,   -119.1331,   1453.2712
 7007, -24597726.4215,  12250270.2141,  23667550.9940,  -3315.6632,   -119.2355,   1453.0734
 7008, -24601041.9820,  12250150.9274,  23669003.9685,  -3315.4577,   -119.3379,   1452.8757
 7009, -24604357.3369,  12250031.5384,  23670456.7453,  -3315.2522,   -119.4402,   1452.6779
 7010, -24607672.4863,  12249912.0470,  23671909.3244,  -3315.0467,   -119.5425,   1452.4803
 7011, -24610987.4303,  12249792.4534,  23673361.7059,  -3314.8412,   -119.6448,   1452.2826
 7012, -24614302.1688,  12249672.7575,  23674813.8897,  -3314.6358,   -119.7470,   1452.0850
 7013, -24617616.7019,  12249552.9593,  23676265.8760,  -3314.4304,   -119.8492,   1451.8875
 7014, -24620931.0296,  12249433.0590,  23677717.6647,  -3314.2250,   -119.9514,   1451.6900
 7015, -24624245.1519,  12249313.0565,  23679169.2559,  -3314.0197,   -120.0536,   1451.4925
 7016, -24627559.0689,  12249192.9518,  23680620.6497,  -3313.8143,   -120.1557,   1451.2951
 7017, -24630872.7806,  12249072.7451,  23682071.8460,  -3313.6090,   -120.2578,   1451.0977
 7018, -24634186.2870,  12248952.4362,  23683522.8450,  -3313.4038,   -120.3599,   1450.9003
 7019, -24637499.5881,  12248832.0253,  23684973.6466,  -3313.1985,   -120.4619,   1450.7030
 7020, -24640812.6841,  12248711.5123,  23686424.2510,  -3312.9933,   -120.5640,   1450.5057
 7021, -24644125.5747,  12248590.8974,  23687874.6580,  -3312.7881,   -120.6660,   1450.3084
 7022, -24647438.2603,  12248470.1804,  23689324.8679,  -3312.5829,   -120.7679,   1450.1112
 7023, -24650750.7406,  12248349.3615,  23690774.8805,  -3312.3778,   -120.8699,   1449.9141
 7024, -24654063.0158,  12248228.4407,  23692224.6960,  -3312.1727,   -120.9718,   1449.7170
 7025, -24657375.0859,  12248107.4180,  23693674.3145,  -3311.9676,   -121.0737,   1449.5199
 7026, -24660686.9510,  12247986.2934,  23695123.7358,  -3311.7625,   -121.1755,   1449.3228
 7027, -24663998.6110,  12247865.0670,  23696572.9601,  -3311.5575,   -121.2773,   1449.1258
 7028, -24667310.0659,  12247743.7387,  23698021.9875,  -3311.3524,   -121.3791,   1448.9289
 7029, -24670621.3159,  12247622.3087,  23699470.8179,  -3311.1475,   -121.4809,   1448.7319
 7030, -24673932.3608,  12247500.7769,  23700919.4513,  -3310.9425,   -121.5827,   1448.5350
 7031, -24677243.2009,  12247379.1434,  23702367.8880,  -3310.7376,   -121.6844,   1448.3382
 7032, -24680553.8359,  12247257.4081,  23703816.1277,  -3310.5326,   -121.7861,   1448.1414
 7033, -24683864.2661,  12247135.5712,  23705264.1707,  -3310.3278,   -121.8877,   1447.9446
 7034, -24687174.4915,  12247013.6327,  23706712.0170,  -3310.1229,   -121.9894,   1447.7479
 7035, -24690484.5119,  12246891.5925,  23708159.6665,  -3309.9181,   -122.0910,   1447.5512
 7036, -24693794.3276,  12246769.4507,  23709607.1194,  -3309.7133,   -122.1926,   1447.3545
 7037, -24697103.9385,  12246647.2074,  23711054.3756,  -3309.5085,   -122.2941,   1447.1579
 7038, -24700413.3445,  12246524.8625,  23712501.4352,  -3309.3037,   -122.3956,   1446.9613
 7039, -24703722.5459,  12246402.4161,  23713948.2983,  -3309.0990,   -122.4971,   1446.7648
 7040, -24707031.5425,  12246279.8682,  23715394.9648,  -3308.8943,   -122.5986,   1446.5683
 7041, -24710340.3344,  12246157.2189,  23716841.4349,  -3308.6896,   -122.7001,   1446.3719
 7042, -24713648.9217,  12246034.4681,  23718287.7086,  -3308.4849,   -122.8015,   1446.1754
 7043, -24716957.3043,  12245911.6159,  23719733.7858,  -3308.2803,   -122.9029,   1445.9791
 7044, -24720265.4823,  12245788.6624,  23721179.6667,  -3308.0757,   -123.0042,   1445.7827
 7045, -24723573.4558,  12245665.6075,  23722625.3512,  -3307.8711,   -123.1056,   1445.5864
 7046, -24726881.2246,  12245542.4513,  23724070.8395,  -3307.6666,   -123.2069,   1445.3901
 7047, -24730188.7889,  12245419.1937,  23725516.1316,  -3307.4621,   -123.3082,   1445.1939
 7048, -24733496.1487,  12245295.8350,  23726961.2274,  -3307.2576,   -123.4094,   1444.9977
 7049, -24736803.3040,  12245172.3749,  23728406.1270,  -3307.0531,   -123.5106,   1444.8016
 7050, -24740110.2549,  12245048.8137,  23729850.8306,  -3306.8486,   -123.6118,   1444.6055
 7051, -24743417.0013,  12244925.1513,  23731295.3380,  -3306.6442,   -123.7130,   1444.4094
 7052, -24746723.5433,  12244801.3877,  23732739.6494,  -3306.4398,   -123.8141,   1444.2134
 7053, -24750029.8809,  12244677.5230,  23734183.7648,  -3306.2354,   -123.9153,   1444.0174
 7054, -24753336.0142,  12244553.5572,  23735627.6843,  -3306.0311,   -124.0164,   1443.8214
 7055, -24756641.9431,  12244429.4903,  23737071.4077,  -3305.8268,   -124.1174,   1443.6255
 7056, -24759947.6678,  12244305.3224,  23738514.9353,  -3305.6225,   -124.2184,   1443.4297
 7057, -24763253.1881,  12244181.0534,  23739958.2671,  -3305.4182,   -124.3195,   1443.2338
 7058, -24766558.5042,  12244056.6835,  23741401.4030,  -3305.2140,   -124.4204,   1443.0380
 7059, -24769863.6161,  12243932.2126,  23742844.3432,  -3305.0098,   -124.5214,   1442.8423
 7060, -24773168.5237,  12243807.6407,  23744287.0876,  -3304.8056,   -124.6223,   1442.6466
 7061, -24776473.2272,  12243682.9680,  23745729.6363,  -3304.6014,   -124.7232,   1442.4509
 7062, -24779777.7265,  12243558.1943,  23747171.9893,  -3304.3973,   -124.8241,   1442.2552
 7063, -24783082.0217,  12243433.3198,  23748614.1468,  -3304.1931,   -124.9249,   1442.0596
 7064, -24786386.1128,  12243308.3444,  23750056.1086,  -3303.9890,   -125.0257,   1441.8641
 7065, -24789689.9998,  12243183.2683,  23751497.8749,  -3303.7850,   -125.1265,   1441.6685
 7066, -24792993.6828,  12243058.0914,  23752939.4457,  -3303.5809,   -125.2273,   1441.4731
 7067, -24796297.1617,  12242932.8137,  23754380.8211,  -3303.3769,   -125.3280,   1441.2776
 7068, -24799600.4366,  12242807.4353,  23755822.0010,  -3303.1729,   -125.4287,   1441.0822
 7069, -24802903.5076,  12242681.9562,  23757262.9855,  -3302.9690,   -125.5294,   1440.8868
 7070, -24806206.3746,  12242556.3765,  23758703.7747,  -3302.7651,   -125.6301,   1440.6915
 7071, -24809509.0377,  12242430.6961,  23760144.3685,  -3302.5611,   -125.7307,   1440.4962
 7072, -24812811.4969,  12242304.9150,  23761584.7671,  -3302.3573,   -125.8313,   1440.3010
 7073, -24816113.7522,  12242179.0334,  23763024.9704,  -3302.1534,   -125.9319,   1440.1057
 7074, -24819415.8037,  12242053.0513,  23764464.9786,  -3301.9496,   -126.0324,   1439.9106
 7075, -24822717.6514,  12241926.9686,  23765904.7916,  -3301.7458,   -126.1330,   1439.7154
 7076, -24826019.2953,  12241800.7854,  23767344.4095,  -3301.5420,   -126.2334,   1439.5203
 7077, -24829320.7353,  12241674.5017,  23768783.8323,  -3301.3382,   -126.3339,   1439.3253
 7078, -24832621.9717,  12241548.1175,  23770223.0600,  -3301.1345,   -126.4344,   1439.1302
 7079, -24835923.0043,  12241421.6330,  23771662.0928,  -3300.9308,   -126.5348,   1438.9353
 7080, -24839223.8333,  12241295.0480,  23773100.9306,  -3300.7271,   -126.6352,   1438.7403
 7081, -24842524.4585,  12241168.3627,  23774539.5734,  -3300.5234,   -126.7355,   1438.5454
 7082, -24845824.8802,  12241041.5770,  23775978.0214,  -3300.3198,   -126.8358,   1438.3505
 7083, -24849125.0982,  12240914.6910,  23777416.2745,  -3300.1162,   -126.9361,   1438.1557
 7084, -24852425.1126,  12240787.7047,  23778854.3329,  -3299.9126,   -127.0364,   1437.9609
 7085, -24855724.9235,  12240660.6182,  23780292.1964,  -3299.7091,   -127.1367,   1437.7662
 7086, -24859024.5308,  12240533.4314,  23781729.8652,  -3299.5056,   -127.2369,   1437.5715
 7087, -24862323.9346,  12240406.1444,  23783167.3393,  -3299.3021,   -127.3371,   1437.3768
 7088, -24865623.1349,  12240278.7572,  23784604.6188,  -3299.0986,   -127.4373,   1437.1821
 7089, -24868922.1318,  12240151.2699,  23786041.7036,  -3298.8951,   -127.5374,   1436.9875
 7090, -24872220.9252,  12240023.6824,  23787478.5939,  -3298.6917,   -127.6375,   1436.7930
 7091, -24875519.5152,  12239895.9949,  23788915.2896,  -3298.4883,   -127.7376,   1436.5985
 7092, -24878817.9018,  12239768.2072,  23790351.7909,  -3298.2849,   -127.8377,   1436.4040
 7093, -24882116.0851,  12239640.3195,  23791788.0976,  -3298.0816,   -127.9377,   1436.2095
 7094, -24885414.0650,  12239512.3318,  23793224.2099,  -3297.8783,   -128.0377,   1436.0151
 7095, -24888711.8416,  12239384.2441,  23794660.1279,  -3297.6750,   -128.1377,   1435.8208
 7096, -24892009.4149,  12239256.0564,  23796095.8515,  -3297.4717,   -128.2377,   1435.6264
 7097, -24895306.7850,  12239127.7688,  23797531.3808,  -3297.2684,   -128.3376,   1435.4321
 7098, -24898603.9518,  12238999.3813,  23798966.7158,  -3297.0652,   -128.4375,   1435.2379
 7099, -24901900.9154,  12238870.8939,  23800401.8566,  -3296.8620,   -128.5374,   1435.0437
 7100, -24905197.6759,  12238742.3066,  23801836.8031,  -3296.6589,   -128.6372,   1434.8495
 7101, -24908494.2332,  12238613.6195,  23803271.5556,  -3296.4557,   -128.7370,   1434.6554
 7102, -24911790.5873,  12238484.8325,  23804706.1139,  -3296.2526,   -128.8368,   1434.4613
 7103, -24915086.7384,  12238355.9458,  23806140.4781,  -3296.0495,   -128.9366,   1434.2672
 7104, -24918382.6863,  12238226.9594,  23807574.6483,  -3295.8464,   -129.0363,   1434.0732
 7105, -24921678.4312,  12238097.8732,  23809008.6245,  -3295.6434,   -129.1360,   1433.8792
 7106, -24924973.9731,  12237968.6873,  23810442.4067,  -3295.4404,   -129.2357,   1433.6852
 7107, -24928269.3120,  12237839.4017,  23811875.9950,  -3295.2374,   -129.3354,   1433.4913
 7108, -24931564.4478,  12237710.0165,  23813309.3893,  -3295.0344,   -129.4350,   1433.2975
 7109, -24934859.3808,  12237580.5317,  23814742.5899,  -3294.8315,   -129.5346,   1433.1036
 7110, -24938154.1108,  12237450.9473,  23816175.5966,  -3294.6285,   -129.6342,   1432.9098
 7111, -24941448.6379,  12237321.2633,  23817608.4096,  -3294.4257,   -129.7338,   1432.7161
 7112, -24944742.9621,  12237191.4798,  23819041.0288,  -3294.2228,   -129.8333,   1432.5224
 7113, -24948037.0834,  12237061.5967,  23820473.4543,  -3294.0199,   -129.9328,   1432.3287
 7114, -24951331.0020,  12236931.6142,  23821905.6861,  -3293.8171,   -130.0323,   1432.1350
 7115, -24954624.7177,  12236801.5322,  23823337.7244,  -3293.6143,   -130.1317,   1431.9414
 7116, -24957918.2307,  12236671.3507,  23824769.5690,  -3293.4116,   -130.2311,   1431.7479
 7117, -24961211.5409,  12236541.0699,  23826201.2201,  -3293.2088,   -130.3305,   1431.5543
 7118, -24964504.6484,  12236410.6897,  23827632.6777,  -3293.0061,   -130.4299,   1431.3608
 7119, -24967797.5531,  12236280.2101,  23829063.9418,  -3292.8034,   -130.5292,   1431.1674
 7120, -24971090.2552,  12236149.6312,  23830495.0125,  -3292.6008,   -130.6286,   1430.9740
 7121, -24974382.7547,  12236018.9530,  23831925.8898,  -3292.3981,   -130.7278,   1430.7806
 7122, -24977675.0515,  12235888.1755,  23833356.5738,  -3292.1955,   -130.8271,   1430.5873
 7123, -24980967.1457,  12235757.2988,  23834787.0644,  -3291.9929,   -130.9263,   1430.3940
 7124, -24984259.0374,  12235626.3229,  23836217.3617,  -3291.7904,   -131.0256,   1430.2007
 7125, -24987550.7265,  12235495.2477,  23837647.4658,  -3291.5878,   -131.1247,   1430.0075
 7126, -24990842.2130,  12235364.0734,  23839077.3767,  -3291.3853,   -131.2239,   1429.8143
 7127, -24994133.4971,  12235232.7999,  23840507.0944,  -3291.1828,   -131.3230,   1429.6212
 7128, -24997424.5787,  12235101.4274,  23841936.6190,  -3290.9804,   -131.4221,   1429.4280
 7129, -25000715.4579,  12234969.9557,  23843365.9505,  -3290.7779,   -131.5212,   1429.2350
 7130, -25004006.1346,  12234838.3850,  23844795.0890,  -3290.5755,   -131.6202,   1429.0419
 7131, -25007296.6089,  12234706.7152,  23846224.0344,  -3290.3731,   -131.7193,   1428.8489
 7132, -25010586.8809,  12234574.9464,  23847652.7869,  -3290.1708,   -131.8183,   1428.6560
 7133, -25013876.9505,  12234443.0787,  23849081.3464,  -3289.9684,   -131.9172,   1428.4631
 7134, -25017166.8177,  12234311.1120,  23850509.7130,  -3289.7661,   -132.0162,   1428.2702
 7135, -25020456.4827,  12234179.0463,  23851937.8867,  -3289.5638,   -132.1151,   1428.0773
 7136, -25023745.9454,  12234046.8818,  23853365.8677,  -3289.3616,   -132.2140,   1427.8845
 7137, -25027035.2059,  12233914.6184,  23854793.6558,  -3289.1593,   -132.3129,   1427.6918
 7138, -25030324.2641,  12233782.2561,  23856221.2512,  -3288.9571,   -132.4117,   1427.4990
 7139, -25033613.1202,  12233649.7950,  23857648.6539,  -3288.7550,   -132.5105,   1427.3063
 7140, -25036901.7741,  12233517.2351,  23859075.8639,  -3288.5528,   -132.6093,   1427.1137
 7141, -25040190.2258,  12233384.5764,  23860502.8812,  -3288.3507,   -132.7081,   1426.9211
 7142, -25043478.4754,  12233251.8190,  23861929.7060,  -3288.1486,   -132.8068,   1426.7285
 7143, -25046766.5229,  12233118.9628,  23863356.3382,  -3287.9465,   -132.9055,   1426.5359
 7144, -25050054.3683,  12232986.0080,  23864782.7779,  -3287.7444,   -133.0042,   1426.3434
 7145, -25053342.0117,  12232852.9545,  23866209.0251,  -3287.5424,   -133.1028,   1426.1510
 7146, -25056629.4531,  12232719.8023,  23867635.0798,  -3287.3404,   -133.2015,   1425.9585
 7147, -25059916.6925,  12232586.5516,  23869060.9422,  -3287.1384,   -133.3001,   1425.7661
 7148, -25063203.7299,  12232453.2022,  23870486.6121,  -3286.9364,   -133.3986,   1425.5738
 7149, -25066490.5653,  12232319.7543,  23871912.0897,  -3286.7345,   -133.4972,   1425.3815
 7150, -25069777.1989,  12232186.2079,  23873337.3751,  -3286.5326,   -133.5957,   1425.1892
 7151, -25073063.6305,  12232052.5629,  23874762.4681,  -3286.3307,   -133.6942,   1424.9970
 7152, -25076349.8603,  12231918.8195,  23876187.3690,  -3286.1288,   -133.7927,   1424.8047
 7153, -25079635.8882,  12231784.9776,  23877612.0777,  -3285.9270,   -133.8911,   1424.6126
 7154, -25082921.7143,  12231651.0372,  23879036.5942,  -3285.7252,   -133.9895,   1424.4205
 7155, -25086207.3386,  12231516.9985,  23880460.9186,  -3285.5234,   -134.0879,   1424.2284
 7156, -25089492.7612,  12231382.8614,  23881885.0509,  -3285.3217,   -134.1863,   1424.0363
 7157, -25092777.9820,  12231248.6259,  23883308.9912,  -3285.1199,   -134.2846,   1423.8443
 7158, -25096063.0011,  12231114.2921,  23884732.7395,  -3284.9182,   -134.3829,   1423.6523
 7159, -25099347.8184,  12230979.8600,  23886156.2958,  -3284.7165,   -134.4812,   1423.4604
 7160, -25102632.4342,  12230845.3297,  23887579.6603,  -3284.5149,   -134.5795,   1423.2685
 7161, -25105916.8482,  12230710.7011,  23889002.8328,  -3284.3133,   -134.6777,   1423.0766
 7162, -25109201.0607,  12230575.9742,  23890425.8135,  -3284.1116,   -134.7759,   1422.8848
 7163, -25112485.0715,  12230441.1492,  23891848.6024,  -3283.9101,   -134.8741,   1422.6930
 7164, -25115768.8808,  12230306.2260,  23893271.1995,  -3283.7085,   -134.9723,   1422.5012
 7165, -25119052.4886,  12230171.2046,  23894693.6049,  -3283.5070,   -135.0704,   1422.3095
 7166, -25122335.8948,  12230036.0852,  23896115.8185,  -3283.3055,   -135.1685,   1422.1178
 7167, -25125619.0995,  12229900.8676,  23897537.8406,  -3283.1040,   -135.2666,   1421.9262
 7168, -25128902.1028,  12229765.5520,  23898959.6710,  -3282.9025,   -135.3646,   1421.7346
 7169, -25132184.9046,  12229630.1383,  23900381.3098,  -3282.7011,   -135.4627,   1421.5430
 7170, -25135467.5050,  12229494.6267,  23901802.7570,  -3282.4997,   -135.5607,   1421.3515
 7171, -25138749.9040,  12229359.0170,  23903224.0128,  -3282.2983,   -135.6586,   1421.1600
 7172, -25142032.1016,  12229223.3094,  23904645.0771,  -3282.0970,   -135.7566,   1420.9686
 7173, -25145314.0979,  12229087.5038,  23906065.9499,  -3281.8956,   -135.8545,   1420.7771
 7174, -25148595.8929,  12228951.6004,  23907486.6314,  -3281.6943,   -135.9524,   1420.5858
 7175, -25151877.4865,  12228815.5990,  23908907.1215,  -3281.4930,   -136.0503,   1420.3944
 7176, -25155158.8790,  12228679.4998,  23910327.4202,  -3281.2918,   -136.1481,   1420.2031
 7177, -25158440.0701,  12228543.3028,  23911747.5277,  -3281.0905,   -136.2459,   1420.0119
 7178, -25161721.0601,  12228407.0079,  23913167.4439,  -3280.8893,   -136.3437,   1419.8206
 7179, -25165001.8488,  12228270.6153,  23914587.1690,  -3280.6882,   -136.4415,   1419.6294
 7180, -25168282.4364,  12228134.1250,  23916006.7028,  -3280.4870,   -136.5392,   1419.4383
 7181, -25171562.8228,  12227997.5369,  23917426.0455,  -3280.2859,   -136.6370,   1419.2472
 7182, -25174843.0081,  12227860.8511,  23918845.1971,  -3280.0848,   -136.7346,   1419.0561
 7183, -25178122.9923,  12227724.0676,  23920264.1577,  -3279.8837,   -136.8323,   1418.8650
 7184, -25181402.7755,  12227587.1865,  23921682.9272,  -3279.6826,   -136.9299,   1418.6740
 7185, -25184682.3576,  12227450.2077,  23923101.5057,  -3279.4816,   -137.0276,   1418.4831
 7186, -25187961.7387,  12227313.1314,  23924519.8933,  -3279.2806,   -137.1251,   1418.2921
 7187, -25191240.9187,  12227175.9574,  23925938.0900,  -3279.0796,   -137.2227,   1418.1012
 7188, -25194519.8979,  12227038.6860,  23927356.0958,  -3278.8786,   -137.3202,   1417.9104
 7189, -25197798.6760,  12226901.3170,  23928773.9107,  -3278.6777,   -137.4177,   1417.7196
 7190, -25201077.2533,  12226763.8505,  23930191.5349,  -3278.4768,   -137.5152,   1417.5288
 7191, -25204355.6296,  12226626.2866,  23931608.9683,  -3278.2759,   -137.6127,   1417.3380
 7192, -25207633.8051,  12226488.6252,  23933026.2110,  -3278.0751,   -137.7101,   1417.1473
 7193, -25210911.7797,  12226350.8664,  23934443.2629,  -3277.8742,   -137.8075,   1416.9566
 7194, -25214189.5536,  12226213.0102,  23935860.1242,  -3277.6734,   -137.9049,   1416.7660
 7195, -25217467.1266,  12226075.0566,  23937276.7950,  -3277.4726,   -138.0022,   1416.5754
 7196, -25220744.4988,  12225937.0057,  23938693.2751,  -3277.2719,   -138.0996,   1416.3848
 7197, -25224021.6703,  12225798.8575,  23940109.5647,  -3277.0711,   -138.1969,   1416.1943
 7198, -25227298.6411,  12225660.6120,  23941525.6637,  -3276.8704,   -138.2941,   1416.0038
 7199, -25230575.4112,  12225522.2692,  23942941.5723,  -3276.6697,   -138.3914,   1415.8134
 7200, -25233851.9806,  12225383.8292,  23944357.2905,  -3276.4691,   -138.4886,   1415.6230
 7201, -25237128.3493,  12225245.2920,  23945772.8183,  -3276.2684,   -138.5858,   1415.4326
 7202, -25240404.5175,  12225106.6576,  23947188.1557,  -3276.0678,   -138.6830,   1415.2423
 7203, -25243680.4850,  12224967.9261,  23948603.3028,  -3275.8672,   -138.7801,   1415.0520
 7204, -25246956.2520,  12224829.0974,  23950018.2597,  -3275.6667,   -138.8772,   1414.8617
 7205, -25250231.8184,  12224690.1716,  23951433.0262,  -3275.4662,   -138.9743,   1414.6715
 7206, -25253507.1843,  12224551.1487,  23952847.6026,  -3275.2656,   -139.0714,   1414.4813
 7207, -25256782.3497,  12224412.0288,  23954261.9888,  -3275.0652,   -139.1685,   1414.2911
 7208, -25260057.3146,  12224272.8118,  23955676.1849,  -3274.8647,   -139.2655,   1414.1010
 7209, -25263332.0791,  12224133.4978,  23957090.1908,  -3274.6643,   -139.3625,   1413.9109
 7210, -25266606.6431,  12223994.0869,  23958504.0067,  -3274.4638,   -139.4594,   1413.7209
 7211, -25269881.0068,  12223854.5790,  23959917.6326,  -3274.2635,   -139.5564,   1413.5309
 7212, -25273155.1701,  12223714.9742,  23961331.0685,  -3274.0631,   -139.6533,   1413.3409
 7213, -25276429.1330,  12223575.2724,  23962744.3144,  -3273.8628,   -139.7502,   1413.1510
 7214, -25279702.8956,  12223435.4738,  23964157.3705,  -3273.6624,   -139.8470,   1412.9611
 7215, -25282976.4579,  12223295.5784,  23965570.2366,  -3273.4622,   -139.9439,   1412.7712
 7216, -25286249.8199,  12223155.5861,  23966982.9129,  -3273.2619,   -140.0407,   1412.5814
 7217, -25289522.9817,  12223015.4970,  23968395.3994,  -3273.0617,   -140.1375,   1412.3916
 7218, -25292795.9432,  12222875.3112,  23969807.6962,  -3272.8614,   -140.2342,   1412.2019
 7219, -25296068.7046,  12222735.0286,  23971219.8032,  -3272.6613,   -140.3310,   1412.0122
 7220, -25299341.2657,  12222594.6492,  23972631.7205,  -3272.4611,   -140.4277,   1411.8225
 7221, -25302613.6268,  12222454.1732,  23974043.4481,  -3272.2609,   -140.5244,   1411.6328
 7222, -25305885.7876,  12222313.6005,  23975454.9862,  -3272.0608,   -140.6210,   1411.4432
 7223, -25309157.7484,  12222172.9312,  23976866.3346,  -3271.8607,   -140.7177,   1411.2537
 7224, -25312429.5091,  12222032.1652,  23978277.4936,  -3271.6607,   -140.8143,   1411.0641
 7225, -25315701.0698,  12221891.3026,  23979688.4630,  -3271.4606,   -140.9108,   1410.8747
 7226, -25318972.4304,  12221750.3435,  23981099.2429,  -3271.2606,   -141.0074,   1410.6852
 7227, -25322243.5910,  12221609.2878,  23982509.8334,  -3271.0606,   -141.1039,   1410.4958
 7228, -25325514.5517,  12221468.1356,  23983920.2345,  -3270.8607,   -141.2004,   1410.3064
 7229, -25328785.3124,  12221326.8870,  23985330.4462,  -3270.6607,   -141.2969,   1410.1171
 7230, -25332055.8731,  12221185.5418,  23986740.4686,  -3270.4608,   -141.3934,   1409.9278
 7231, -25335326.2340,  12221044.1002,  23988150.3017,  -3270.2609,   -141.4898,   1409.7385
 7232, -25338596.3949,  12220902.5622,  23989559.9456,  -3270.0610,   -141.5862,   1409.5492
 7233, -25341866.3560,  12220760.9278,  23990969.4002,  -3269.8612,   -141.6826,   1409.3601
 7234, -25345136.1173,  12220619.1970,  23992378.6657,  -3269.6614,   -141.7789,   1409.1709
 7235, -25348405.6788,  12220477.3699,  23993787.7420,  -3269.4616,   -141.8753,   1408.9818
 7236, -25351675.0405,  12220335.4465,  23995196.6292,  -3269.2618,   -141.9716,   1408.7927
 7237, -25354944.2024,  12220193.4268,  23996605.3274,  -3269.0621,   -142.0679,   1408.6036
 7238, -25358213.1646,  12220051.3108,  23998013.8365,  -3268.8623,   -142.1641,   1408.4146
 7239, -25361481.9271,  12219909.0986,  23999422.1566,  -3268.6626,   -142.2603,   1408.2256
 7240, -25364750.4899,  12219766.7901,  24000830.2878,  -3268.4630,   -142.3565,   1408.0367
 7241, -25368018.8530,  12219624.3855,  24002238.2300,  -3268.2633,   -142.4527,   1407.8478
 7242, -25371287.0165,  12219481.8847,  24003645.9834,  -3268.0637,   -142.5489,   1407.6589
 7243, -25374554.9804,  12219339.2878,  24005053.5479,  -3267.8641,   -142.6450,   1407.4701
 7244, -25377822.7448,  12219196.5948,  24006460.9236,  -3267.6645,   -142.7411,   1407.2813
 7245, -25381090.3095,  12219053.8056,  24007868.1105,  -3267.4650,   -142.8372,   1407.0925
 7246, -25384357.6747,  12218910.9205,  24009275.1086,  -3267.2655,   -142.9332,   1406.9038
 7247, -25387624.8404,  12218767.9392,  24010681.9181,  -3267.0660,   -143.0292,   1406.7151
 7248, -25390891.8067,  12218624.8620,  24012088.5389,  -3266.8665,   -143.1252,   1406.5265
 7249, -25394158.5734,  12218481.6888,  24013494.9710,  -3266.6670,   -143.2212,   1406.3379
 7250, -25397425.1407,  12218338.4196,  24014901.2146,  -3266.4676,   -143.3171,   1406.1493
 7251, -25400691.5086,  12218195.0545,  24016307.2696,  -3266.2682,   -143.4131,   1405.9607
 7252, -25403957.6771,  12218051.5935,  24017713.1361,  -3266.0688,   -143.5090,   1405.7722
 7253, -25407223.6463,  12217908.0366,  24019118.8141,  -3265.8695,   -143.6048,   1405.5838
 7254, -25410489.4161,  12217764.3838,  24020524.3036,  -3265.6701,   -143.7007,   1405.3953
 7255, -25413754.9866,  12217620.6352,  24021929.6048,  -3265.4708,   -143.7965,   1405.2069
 7256, -25417020.3578,  12217476.7908,  24023334.7175,  -3265.2716,   -143.8923,   1405.0186
 7257, -25420285.5297,  12217332.8506,  24024739.6420,  -3265.0723,   -143.9881,   1404.8303
 7258, -25423550.5024,  12217188.8146,  24026144.3781,  -3264.8731,   -144.0838,   1404.6420
 7259, -25426815.2758,  12217044.6830,  24027548.9259,  -3264.6739,   -144.1795,   1404.4537
 7260, -25430079.8501,  12216900.4556,  24028953.2855,  -3264.4747,   -144.2752,   1404.2655
 7261, -25433344.2252,  12216756.1325,  24030357.4570,  -3264.2755,   -144.3709,   1404.0773
 7262, -25436608.4012,  12216611.7137,  24031761.4402,  -3264.0764,   -144.4666,   1403.8892
 7263, -25439872.3780,  12216467.1994,  24033165.2353,  -3263.8773,   -144.5622,   1403.7011
 7264, -25443136.1558,  12216322.5894,  24034568.8424,  -3263.6782,   -144.6578,   1403.5130
 7265, -25446399.7345,  12216177.8838,  24035972.2614,  -3263.4791,   -144.7533,   1403.3250
 7266, -25449663.1141,  12216033.0827,  24037375.4924,  -3263.2801,   -144.8489,   1403.1370
 7267, -25452926.2947,  12215888.1861,  24038778.5354,  -3263.0811,   -144.9444,   1402.9490
 7268, -25456189.2763,  12215743.1939,  24040181.3905,  -3262.8821,   -145.0399,   1402.7611
 7269, -25459452.0589,  12215598.1063,  24041584.0576,  -3262.6832,   -145.1354,   1402.5732
 7270, -25462714.6426,  12215452.9232,  24042986.5369,  -3262.4842,   -145.2308,   1402.3854
 7271, -25465977.0274,  12215307.6447,  24044388.8284,  -3262.2853,   -145.3262,   1402.1976
 7272, -25469239.2132,  12215162.2707,  24045790.9320,  -3262.0864,   -145.4216,   1402.0098
 7273, -25472501.2002,  12215016.8014,  24047192.8479,  -3261.8876,   -145.5170,   1401.8220
 7274, -25475762.9883,  12214871.2367,  24048594.5761,  -3261.6887,   -145.6123,   1401.6343
 7275, -25479024.5777,  12214725.5767,  24049996.1166,  -3261.4899,   -145.7077,   1401.4467
 7276, -25482285.9682,  12214579.8214,  24051397.4694,  -3261.2911,   -145.8030,   1401.2590
 7277, -25485547.1599,  12214433.9708,  24052798.6346,  -3261.0923,   -145.8982,   1401.0714
 7278, -25488808.1528,  12214288.0250,  24054199.6123,  -3260.8936,   -145.9935,   1400.8839
 7279, -25492068.9471,  12214141.9839,  24055600.4023,  -3260.6949,   -146.0887,   1400.6963
 7280, -25495329.5426,  12213995.8476,  24057001.0049,  -3260.4962,   -146.1839,   1400.5088
 7281, -25498589.9395,  12213849.6161,  24058401.4200,  -3260.2975,   -146.2791,   1400.3214
 7282, -25501850.1377,  12213703.2895,  24059801.6477,  -3260.0989,   -146.3742,   1400.1340
 7283, -25505110.1372,  12213556.8678,  24061201.6880,  -3259.9003,   -146.4693,   1399.9466
 7284, -25508369.9382,  12213410.3509,  24062601.5409,  -3259.7017,   -146.5644,   1399.7592
 7285, -25511629.5406,  12213263.7389,  24064001.2065,  -3259.5031,   -146.6595,   1399.5719
 7286, -25514888.9444,  12213117.0319,  24065400.6848,  -3259.3045,   -146.7545,   1399.3847
 7287, -25518148.1496,  12212970.2299,  24066799.9758,  -3259.1060,   -146.8495,   1399.1974
 7288, -25521407.1564,  12212823.3329,  24068199.0796,  -3258.9075,   -146.9445,   1399.0102
 7289, -25524665.9647,  12212676.3408,  24069597.9962,  -3258.7090,   -147.0395,   1398.8230
 7290, -25527924.5745,  12212529.2539,  24070996.7257,  -3258.5106,   -147.1345,   1398.6359
 7291, -25531182.9859,  12212382.0719,  24072395.2681,  -3258.3122,   -147.2294,   1398.4488
 7292, -25534441.1989,  12212234.7951,  24073793.6234,  -3258.1138,   -147.3243,   1398.2618
 7293, -25537699.2134,  12212087.4234,  24075191.7916,  -3257.9154,   -147.4191,   1398.0747
 7294, -25540957.0297,  12211939.9569,  24076589.7729,  -3257.7170,   -147.5140,   1397.8878
 7295, -25544214.6475,  12211792.3955,  24077987.5671,  -3257.5187,   -147.6088,   1397.7008
 7296, -25547472.0671,  12211644.7393,  24079385.1745,  -3257.3204,   -147.7036,   1397.5139
 7297, -25550729.2883,  12211496.9883,  24080782.5949,  -3257.1221,   -147.7984,   1397.3270
 7298, -25553986.3113,  12211349.1425,  24082179.8285,  -3256.9239,   -147.8931,   1397.1402
 7299, -25557243.1361,  12211201.2020,  24083576.8753,  -3256.7256,   -147.9878,   1396.9534
 7300, -25560499.7626,  12211053.1669,  24084973.7352,  -3256.5274,   -148.0825,   1396.7666
 7301, -25563756.1910,  12210905.0370,  24086370.4084,  -3256.3292,   -148.1772,   1396.5798
 7302, -25567012.4211,  12210756.8124,  24087766.8949,  -3256.1311,   -148.2719,   1396.3931
 7303, -25570268.4532,  12210608.4933,  24089163.1948,  -3255.9330,   -148.3665,   1396.2065
 7304, -25573524.2871,  12210460.0795,  24090559.3079,  -3255.7348,   -148.4611,   1396.0199
 7305, -25576779.9229,  12210311.5711,  24091955.2345,  -3255.5368,   -148.5556,   1395.8333
 7306, -25580035.3606,  12210162.9682,  24093350.9745,  -3255.3387,   -148.6502,   1395.6467
 7307, -25583290.6003,  12210014.2708,  24094746.5279,  -3255.1407,   -148.7447,   1395.4602
 7308, -25586545.6419,  12209865.4788,  24096141.8948,  -3254.9426,   -148.8392,   1395.2737
 7309, -25589800.4856,  12209716.5924,  24097537.0753,  -3254.7447,   -148.9337,   1395.0872
 7310, -25593055.1312,  12209567.6114,  24098932.0693,  -3254.5467,   -149.0281,   1394.9008
 7311, -25596309.5790,  12209418.5361,  24100326.8770,  -3254.3488,   -149.1226,   1394.7145
 7312, -25599563.8287,  12209269.3663,  24101721.4983,  -3254.1508,   -149.2170,   1394.5281
 7313, -25602817.8806,  12209120.1022,  24103115.9332,  -3253.9529,   -149.3113,   1394.3418
 7314, -25606071.7346,  12208970.7437,  24104510.1819,  -3253.7551,   -149.4057,   1394.1555
 7315, -25609325.3908,  12208821.2908,  24105904.2443,  -3253.5572,   -149.5000,   1393.9693
 7316, -25612578.8491,  12208671.7437,  24107298.1205,  -3253.3594,   -149.5943,   1393.7831
 7317, -25615832.1096,  12208522.1022,  24108691.8105,  -3253.1616,   -149.6886,   1393.5969
 7318, -25619085.1723,  12208372.3665,  24110085.3144,  -3252.9638,   -149.7828,   1393.4108
 7319, -25622338.0373,  12208222.5365,  24111478.6321,  -3252.7661,   -149.8771,   1393.2247
 7320, -25625590.7045,  12208072.6124,  24112871.7638,  -3252.5684,   -149.9713,   1393.0387
 7321, -25628843.1740,  12207922.5940,  24114264.7094,  -3252.3707,   -150.0654,   1392.8526
 7322, -25632095.4459,  12207772.4815,  24115657.4691,  -3252.1730,   -150.1596,   1392.6666
 7323, -25635347.5200,  12207622.2748,  24117050.0427,  -3251.9753,   -150.2537,   1392.4807
 7324, -25638599.3966,  12207471.9740,  24118442.4305,  -3251.7777,   -150.3478,   1392.2948
 7325, -25641851.0755,  12207321.5792,  24119834.6323,  -3251.5801,   -150.4419,   1392.1089
 7326, -25645102.5568,  12207171.0902,  24121226.6483,  -3251.3825,   -150.5360,   1391.9230
 7327, -25648353.8406,  12207020.5072,  24122618.4784,  -3251.1850,   -150.6300,   1391.7372
 7328, -25651604.9268,  12206869.8302,  24124010.1227,  -3250.9874,   -150.7240,   1391.5515
 7329, -25654855.8155,  12206719.0592,  24125401.5813,  -3250.7899,   -150.8180,   1391.3657
 7330, -25658106.5067,  12206568.1943,  24126792.8542,  -3250.5925,   -150.9119,   1391.1800
 7331, -25661357.0004,  12206417.2354,  24128183.9414,  -3250.3950,   -151.0059,   1390.9944
 7332, -25664607.2967,  12206266.1825,  24129574.8429,  -3250.1976,   -151.0998,   1390.8087
 7333, -25667857.3955,  12206115.0358,  24130965.5589,  -3250.0002,   -151.1937,   1390.6231
 7334, -25671107.2970,  12205963.7952,  24132356.0892,  -3249.8028,   -151.2875,   1390.4376
 7335, -25674357.0011,  12205812.4608,  24133746.4340,  -3249.6054,   -151.3814,   1390.2520
 7336, -25677606.5078,  12205661.0325,  24135136.5933,  -3249.4081,   -151.4752,   1390.0666
 7337, -25680855.8172,  12205509.5104,  24136526.5671,  -3249.2108,   -151.5690,   1389.8811
 7338, -25684104.9293,  12205357.8946,  24137916.3555,  -3249.0135,   -151.6627,   1389.6957
 7339, -25687353.8442,  12205206.1850,  24139305.9585,  -3248.8162,   -151.7564,   1389.5103
 7340, -25690602.5617,  12205054.3817,  24140695.3761,  -3248.6190,   -151.8502,   1389.3249
 7341, -25693851.0821,  12204902.4847,  24142084.6084,  -3248.4217,   -151.9438,   1389.1396
 7342, -25697099.4052,  12204750.4940,  24143473.6554,  -3248.2245,   -152.0375,   1388.9544
 7343, -25700347.5312,  12204598.4097,  24144862.5171,  -3248.0274,   -152.1312,   1388.7691
 7344, -25703595.4600,  12204446.2317,  24146251.1936,  -3247.8302,   -152.2248,   1388.5839
 7345, -25706843.1917,  12204293.9602,  24147639.6849,  -3247.6331,   -152.3184,   1388.3987
 7346, -25710090.7262,  12204141.5950,  24149027.9911,  -3247.4360,   -152.4119,   1388.2136
 7347, -25713338.0637,  12203989.1363,  24150416.1121,  -3247.2389,   -152.5055,   1388.0285
 7348, -25716585.2041,  12203836.5841,  24151804.0481,  -3247.0419,   -152.5990,   1387.8434
 7349, -25719832.1475,  12203683.9384,  24153191.7990,  -3246.8449,   -152.6925,   1387.6584
 7350, -25723078.8938,  12203531.1992,  24154579.3648,  -3246.6479,   -152.7859,   1387.4734
 7351, -25726325.4432,  12203378.3665,  24155966.7458,  -3246.4509,   -152.8794,   1387.2884
 7352, -25729571.7956,  12203225.4404,  24157353.9417,  -3246.2539,   -152.9728,   1387.1035
 7353, -25732817.9510,  12203072.4209,  24158740.9528,  -3246.0570,   -153.0662,   1386.9186
 7354, -25736063.9096,  12202919.3080,  24160127.7790,  -3245.8601,   -153.1596,   1386.7338
 7355, -25739309.6712,  12202766.1018,  24161514.4203,  -3245.6632,   -153.2529,   1386.5489
 7356, -25742555.2360,  12202612.8022,  24162900.8769,  -3245.4663,   -153.3462,   1386.3642
 7357, -25745800.6039,  12202459.4093,  24164287.1487,  -3245.2695,   -153.4395,   1386.1794
 7358, -25749045.7750,  12202305.9231,  24165673.2357,  -3245.0727,   -153.5328,   1385.9947
 7359, -25752290.7493,  12202152.3437,  24167059.1380,  -3244.8759,   -153.6261,   1385.8100
 7360, -25755535.5268,  12201998.6710,  24168444.8557,  -3244.6792,   -153.7193,   1385.6254
 7361, -25758780.1076,  12201844.9051,  24169830.3888,  -3244.4824,   -153.8125,   1385.4408
 7362, -25762024.4917,  12201691.0461,  24171215.7373,  -3244.2857,   -153.9057,   1385.2562
 7363, -25765268.6790,  12201537.0938,  24172600.9012,  -3244.0890,   -153.9988,   1385.0716
 7364, -25768512.6697,  12201383.0484,  24173985.8806,  -3243.8923,   -154.0919,   1384.8871
 7365, -25771756.4637,  12201228.9099,  24175370.6755,  -3243.6957,   -154.1850,   1384.7027
 7366, -25775000.0611,  12201074.6784,  24176755.2859,  -3243.4991,   -154.2781,   1384.5182
 7367, -25778243.4619,  12200920.3537,  24178139.7120,  -3243.3025,   -154.3712,   1384.3338
 7368, -25781486.6661,  12200765.9360,  24179523.9536,  -3243.1059,   -154.4642,   1384.1495
 7369, -25784729.6737,  12200611.4253,  24180908.0109,  -3242.9094,   -154.5572,   1383.9651
 7370, -25787972.4848,  12200456.8216,  24182291.8839,  -3242.7128,   -154.6502,   1383.7809
 7371, -25791215.0994,  12200302.1249,  24183675.5726,  -3242.5163,   -154.7432,   1383.5966
 7372, -25794457.5175,  12200147.3352,  24185059.0771,  -3242.3199,   -154.8361,   1383.4124
 7373, -25797699.7391,  12199992.4527,  24186442.3974,  -3242.1234,   -154.9290,   1383.2282
 7374, -25800941.7643,  12199837.4772,  24187825.5335,  -3241.9270,   -155.0219,   1383.0440
 7375, -25804183.5930,  12199682.4089,  24189208.4855,  -3241.7306,   -155.1148,   1382.8599
 7376, -25807425.2254,  12199527.2477,  24190591.2533,  -3241.5342,   -155.2076,   1382.6758
 7377, -25810666.6614,  12199371.9937,  24191973.8371,  -3241.3378,   -155.3004,   1382.4918
 7378, -25813907.9011,  12199216.6469,  24193356.2369,  -3241.1415,   -155.3932,   1382.3078
 7379, -25817148.9444,  12199061.2073,  24194738.4527,  -3240.9452,   -155.4860,   1382.1238
 7380, -25820389.7915,  12198905.6750,  24196120.4845,  -3240.7489,   -155.5787,   1381.9398
 7381, -25823630.4423,  12198750.0499,  24197502.3323,  -3240.5526,   -155.6714,   1381.7559
 7382, -25826870.8968,  12198594.3321,  24198883.9963,  -3240.3564,   -155.7641,   1381.5721
 7383, -25830111.1551,  12198438.5216,  24200265.4765,  -3240.1602,   -155.8568,   1381.3882
 7384, -25833351.2172,  12198282.6185,  24201646.7728,  -3239.9640,   -155.9494,   1381.2044
 7385, -25836591.0831,  12198126.6228,  24203027.8853,  -3239.7678,   -156.0421,   1381.0206
 7386, -25839830.7528,  12197970.5344,  24204408.8140,  -3239.5717,   -156.1347,   1380.8369
 7387, -25843070.2265,  12197814.3535,  24205789.5591,  -3239.3756,   -156.2272,   1380.6532
 7388, -25846309.5040,  12197658.0799,  24207170.1205,  -3239.1795,   -156.3198,   1380.4695
 7389, -25849548.5854,  12197501.7139,  24208550.4982,  -3238.9834,   -156.4123,   1380.2859
 7390, -25852787.4708,  12197345.2553,  24209930.6923,  -3238.7874,   -156.5048,   1380.1023
 7391, -25856026.1601,  12197188.7043,  24211310.7028,  -3238.5913,   -156.5973,   1379.9187
 7392, -25859264.6535,  12197032.0608,  24212690.5298,  -3238.3953,   -156.6897,   1379.7352
 7393, -25862502.9508,  12196875.3248,  24214070.1732,  -3238.1993,   -156.7822,   1379.5517
 7394, -25865741.0522,  12196718.4964,  24215449.6332,  -3238.0034,   -156.8746,   1379.3683
 7395, -25868978.9576,  12196561.5757,  24216828.9098,  -3237.8075,   -156.9670,   1379.1848
 7396, -25872216.6671,  12196404.5625,  24218208.0029,  -3237.6116,   -157.0593,   1379.0015
 7397, -25875454.1807,  12196247.4570,  24219586.9127,  -3237.4157,   -157.1517,   1378.8181
 7398, -25878691.4985,  12196090.2592,  24220965.6392,  -3237.2198,   -157.2440,   1378.6348
 7399, -25881928.6204,  12195932.9691,  24222344.1823,  -3237.0240,   -157.3363,   1378.4515
 7400, -25885165.5464,  12195775.5867,  24223722.5422,  -3236.8282,   -157.4285,   1378.2683
 7401, -25888402.2767,  12195618.1121,  24225100.7188,  -3236.6324,   -157.5208,   1378.0850
 7402, -25891638.8112,  12195460.5452,  24226478.7123,  -3236.4366,   -157.6130,   1377.9019
 7403, -25894875.1500,  12195302.8861,  24227856.5225,  -3236.2409,   -157.7052,   1377.7187
 7404, -25898111.2930,  12195145.1349,  24229234.1497,  -3236.0452,   -157.7973,   1377.5356
 7405, -25901347.2403,  12194987.2915,  24230611.5938,  -3235.8495,   -157.8895,   1377.3525
 7406, -25904582.9919,  12194829.3560,  24231988.8548,  -3235.6538,   -157.9816,   1377.1695
 7407, -25907818.5479,  12194671.3283,  24233365.9327,  -3235.4582,   -158.0737,   1376.9865
 7408, -25911053.9083,  12194513.2086,  24234742.8277,  -3235.2625,   -158.1658,   1376.8035
 7409, -25914289.0730,  12194354.9968,  24236119.5398,  -3235.0669,   -158.2578,   1376.6206
 7410, -25917524.0422,  12194196.6930,  24237496.0689,  -3234.8714,   -158.3498,   1376.4377
 7411, -25920758.8157,  12194038.2972,  24238872.4151,  -3234.6758,   -158.4418,   1376.2548
 7412, -25923993.3938,  12193879.8094,  24240248.5785,  -3234.4803,   -158.5338,   1376.0720
 7413, -25927227.7763,  12193721.2296,  24241624.5590,  -3234.2848,   -158.6258,   1375.8892
 7414, -25930461.9634,  12193562.5578,  24243000.3568,  -3234.0893,   -158.7177,   1375.7064
 7415, -25933695.9549,  12193403.7942,  24244375.9718,  -3233.8938,   -158.8096,   1375.5237
 7416, -25936929.7511,  12193244.9387,  24245751.4042,  -3233.6984,   -158.9015,   1375.3410
 7417, -25940163.3518,  12193085.9913,  24247126.6538,  -3233.5030,   -158.9933,   1375.1583
 7418, -25943396.7571,  12192926.9520,  24248501.7208,  -3233.3076,   -159.0852,   1374.9757
 7419, -25946629.9670,  12192767.8209,  24249876.6052,  -3233.1123,   -159.1770,   1374.7931
 7420, -25949862.9816,  12192608.5981,  24251251.3070,  -3232.9169,   -159.2688,   1374.6105
 7421, -25953095.8008,  12192449.2834,  24252625.8262,  -3232.7216,   -159.3605,   1374.4280
 7422, -25956328.4248,  12192289.8770,  24254000.1630,  -3232.5263,   -159.4523,   1374.2455
 7423, -25959560.8535,  12192130.3789,  24255374.3173,  -3232.3310,   -159.5440,   1374.0631
 7424, -25962793.0869,  12191970.7891,  24256748.2891,  -3232.1358,   -159.6357,   1373.8806
 7425, -25966025.1251,  12191811.1076,  24258122.0786,  -3231.9406,   -159.7273,   1373.6983
 7426, -25969256.9681,  12191651.3344,  24259495.6856,  -3231.7454,   -159.8190,   1373.5159
 7427, -25972488.6158,  12191491.4696,  24260869.1104,  -3231.5502,   -159.9106,   1373.3336
 7428, -25975720.0685,  12191331.5132,  24262242.3528,  -3231.3551,   -160.0022,   1373.1513
 7429, -25978951.3260,  12191171.4652,  24263615.4130,  -3231.1599,   -160.0938,   1372.9691
 7430, -25982182.3883,  12191011.3256,  24264988.2909,  -3230.9648,   -160.1853,   1372.7868
 7431, -25985413.2556,  12190851.0945,  24266360.9867,  -3230.7697,   -160.2769,   1372.6047
 7432, -25988643.9278,  12190690.7719,  24267733.5003,  -3230.5747,   -160.3684,   1372.4225
 7433, -25991874.4050,  12190530.3578,  24269105.8317,  -3230.3797,   -160.4598,   1372.2404
 7434, -25995104.6872,  12190369.8523,  24270477.9811,  -3230.1846,   -160.5513,   1372.0583
 7435, -25998334.7743,  12190209.2553,  24271849.9484,  -3229.9897,   -160.6427,   1371.8763
 7436, -26001564.6665,  12190048.5668,  24273221.7336,  -3229.7947,   -160.7341,   1371.6943
 7437, -26004794.3637,  12189887.7870,  24274593.3369,  -3229.5998,   -160.8255,   1371.5123
 7438, -26008023.8660,  12189726.9158,  24275964.7582,  -3229.4048,   -160.9169,   1371.3304
 7439, -26011253.1734,  12189565.9533,  24277335.9976,  -3229.2100,   -161.0082,   1371.1484
 7440, -26014482.2860,  12189404.8994,  24278707.0551,  -3229.0151,   -161.0995,   1370.9666
 7441, -26017711.2036,  12189243.7542,  24280077.9308,  -3228.8202,   -161.1908,   1370.7847
 7442, -26020939.9264,  12189082.5178,  24281448.6246,  -3228.6254,   -161.2821,   1370.6029
 7443, -26024168.4545,  12188921.1900,  24282819.1367,  -3228.4306,   -161.3733,   1370.4212
 7444, -26027396.7877,  12188759.7711,  24284189.4670,  -3228.2358,   -161.4646,   1370.2394
 7445, -26030624.9262,  12188598.2609,  24285559.6156,  -3228.0411,   -161.5557,   1370.0577
 7446, -26033852.8699,  12188436.6596,  24286929.5824,  -3227.8464,   -161.6469,   1369.8761
 7447, -26037080.6189,  12188274.9671,  24288299.3677,  -3227.6517,   -161.7381,   1369.6944
 7448, -26040308.1733,  12188113.1835,  24289668.9713,  -3227.4570,   -161.8292,   1369.5128
 7449, -26043535.5329,  12187951.3087,  24291038.3934,  -3227.2623,   -161.9203,   1369.3313
 7450, -26046762.6979,  12187789.3429,  24292407.6338,  -3227.0677,   -162.0114,   1369.1497
 7451, -26049989.6683,  12187627.2860,  24293776.6928,  -3226.8731,   -162.1024,   1368.9682
 7452, -26053216.4441,  12187465.1380,  24295145.5703,  -3226.6785,   -162.1935,   1368.7868
 7453, -26056443.0253,  12187302.8991,  24296514.2664,  -3226.4839,   -162.2845,   1368.6053
 7454, -26059669.4120,  12187140.5691,  24297882.7810,  -3226.2894,   -162.3755,   1368.4240
 7455, -26062895.6041,  12186978.1481,  24299251.1143,  -3226.0949,   -162.4664,   1368.2426
 7456, -26066121.6017,  12186815.6363,  24300619.2662,  -3225.9004,   -162.5574,   1368.0613
 7457, -26069347.4049,  12186653.0334,  24301987.2369,  -3225.7059,   -162.6483,   1367.8800
 7458, -26072573.0136,  12186490.3397,  24303355.0262,  -3225.5115,   -162.7392,   1367.6987
 7459, -26075798.4278,  12186327.5551,  24304722.6343,  -3225.3170,   -162.8300,   1367.5175
 7460, -26079023.6477,  12186164.6796,  24306090.0612,  -3225.1226,   -162.9209,   1367.3363
 7461, -26082248.6731,  12186001.7133,  24307457.3069,  -3224.9283,   -163.0117,   1367.1551
 7462, -26085473.5042,  12185838.6562,  24308824.3715,  -3224.7339,   -163.1025,   1366.9740
 7463, -26088698.1410,  12185675.5084,  24310191.2550,  -3224.5396,   -163.1933,   1366.7929
 7464, -26091922.5834,  12185512.2697,  24311557.9574,  -3224.3453,   -163.2840,   1366.6119
 7465, -26095146.8315,  12185348.9403,  24312924.4787,  -3224.1510,   -163.3748,   1366.4309
 7466, -26098370.8854,  12185185.5202,  24314290.8191,  -3223.9567,   -163.4655,   1366.2499
 7467, -26101594.7450,  12185022.0094,  24315656.9785,  -3223.7625,   -163.5561,   1366.0689
 7468, -26104818.4104,  12184858.4079,  24317022.9570,  -3223.5683,   -163.6468,   1365.8880
 7469, -26108041.8816,  12184694.7158,  24318388.7545,  -3223.3741,   -163.7374,   1365.7071
 7470, -26111265.1586,  12184530.9330,  24319754.3712,  -3223.1799,   -163.8280,   1365.5263
 7471, -26114488.2414,  12184367.0597,  24321119.8071,  -3222.9858,   -163.9186,   1365.3455
 7472, -26117711.1302,  12184203.0958,  24322485.0621,  -3222.7917,   -164.0092,   1365.1647
 7473, -26120933.8248,  12184039.0413,  24323850.1364,  -3222.5976,   -164.0997,   1364.9839
 7474, -26124156.3253,  12183874.8963,  24325215.0300,  -3222.4035,   -164.1903,   1364.8032
 7475, -26127378.6318,  12183710.6608,  24326579.7428,  -3222.2094,   -164.2808,   1364.6225
 7476, -26130600.7442,  12183546.3348,  24327944.2750,  -3222.0154,   -164.3712,   1364.4419
 7477, -26133822.6626,  12183381.9183,  24329308.6266,  -3221.8214,   -164.4617,   1364.2613
 7478, -26137044.3871,  12183217.4114,  24330672.7976,  -3221.6274,   -164.5521,   1364.0807
 7479, -26140265.9175,  12183052.8141,  24332036.7880,  -3221.4335,   -164.6425,   1363.9001
 7480, -26143487.2540,  12182888.1264,  24333400.5978,  -3221.2395,   -164.7329,   1363.7196
 7481, -26146708.3966,  12182723.3483,  24334764.2272,  -3221.0456,   -164.8232,   1363.5391
 7482, -26149929.3453,  12182558.4799,  24336127.6761,  -3220.8517,   -164.9136,   1363.3587
 7483, -26153150.1001,  12182393.5212,  24337490.9446,  -3220.6579,   -165.0039,   1363.1783
 7484, -26156370.6611,  12182228.4722,  24338854.0327,  -3220.4640,   -165.0942,   1362.9979
 7485, -26159591.0282,  12182063.3328,  24340216.9404,  -3220.2702,   -165.1844,   1362.8176
 7486, -26162811.2015,  12181898.1033,  24341579.6679,  -3220.0764,   -165.2747,   1362.6373
 7487, -26166031.1810,  12181732.7835,  24342942.2150,  -3219.8827,   -165.3649,   1362.4570
 7488, -26169250.9668,  12181567.3735,  24344304.5818,  -3219.6889,   -165.4551,   1362.2767
 7489, -26172470.5589,  12181401.8733,  24345666.7684,  -3219.4952,   -165.5453,   1362.0965
 7490, -26175689.9572,  12181236.2830,  24347028.7749,  -3219.3015,   -165.6354,   1361.9164
 7491, -26178909.1618,  12181070.6025,  24348390.6012,  -3219.1078,   -165.7255,   1361.7362
 7492, -26182128.1728,  12180904.8319,  24349752.2473,  -3218.9141,   -165.8156,   1361.5561
 7493, -26185346.9902,  12180738.9712,  24351113.7134,  -3218.7205,   -165.9057,   1361.3760
 7494, -26188565.6139,  12180573.0205,  24352474.9994,  -3218.5269,   -165.9958,   1361.1960
 7495, -26191784.0440,  12180406.9797,  24353836.1054,  -3218.3333,   -166.0858,   1361.0160
 7496, -26195002.2805,  12180240.8489,  24355197.0313,  -3218.1398,   -166.1758,   1360.8360
 7497, -26198220.3235,  12180074.6281,  24356557.7774,  -3217.9462,   -166.2658,   1360.6561
 7498, -26201438.1730,  12179908.3173,  24357918.3435,  -3217.7527,   -166.3558,   1360.4762
 7499, -26204655.8289,  12179741.9166,  24359278.7297,  -3217.5592,   -166.4457,   1360.2963
 7500, -26207873.2914,  12179575.4259,  24360638.9361,  -3217.3657,   -166.5356,   1360.1164
 7501, -26211090.5604,  12179408.8453,  24361998.9626,  -3217.1723,   -166.6255,   1359.9366
 7502, -26214307.6360,  12179242.1749,  24363358.8093,  -3216.9789,   -166.7154,   1359.7569
 7503, -26217524.5182,  12179075.4146,  24364718.4763,  -3216.7855,   -166.8052,   1359.5771
 7504, -26220741.2069,  12178908.5644,  24366077.9636,  -3216.5921,   -166.8951,   1359.3974
 7505, -26223957.7024,  12178741.6244,  24367437.2712,  -3216.3987,   -166.9849,   1359.2178
 7506, -26227174.0044,  12178574.5947,  24368796.3991,  -3216.2054,   -167.0746,   1359.0381
 7507, -26230390.1132,  12178407.4752,  24370155.3474,  -3216.0121,   -167.1644,   1358.8585
 7508, -26233606.0286,  12178240.2659,  24371514.1162,  -3215.8188,   -167.2541,   1358.6789
 7509, -26236821.7508,  12178072.9669,  24372872.7053,  -3215.6256,   -167.3438,   1358.4994
 7510, -26240037.2797,  12177905.5782,  24374231.1150,  -3215.4323,   -167.4335,   1358.3199
 7511, -26243252.6154,  12177738.0999,  24375589.3451,  -3215.2391,   -167.5232,   1358.1404
 7512, -26246467.7579,  12177570.5318,  24376947.3958,  -3215.0459,   -167.6128,   1357.9610
 7513, -26249682.7073,  12177402.8742,  24378305.2671,  -3214.8527,   -167.7025,   1357.7816
 7514, -26252897.4634,  12177235.1269,  24379662.9590,  -3214.6596,   -167.7921,   1357.6022
 7515, -26256112.0265,  12177067.2901,  24381020.4715,  -3214.4665,   -167.8816,   1357.4229
 7516, -26259326.3964,  12176899.3637,  24382377.8047,  -3214.2734,   -167.9712,   1357.2436
 7517, -26262540.5732,  12176731.3478,  24383734.9587,  -3214.0803,   -168.0607,   1357.0643
 7518, -26265754.5570,  12176563.2423,  24385091.9334,  -3213.8872,   -168.1502,   1356.8851
 7519, -26268968.3477,  12176395.0474,  24386448.7288,  -3213.6942,   -168.2397,   1356.7059
 7520, -26272181.9454,  12176226.7629,  24387805.3451,  -3213.5012,   -168.3291,   1356.5267
 7521, -26275395.3501,  12176058.3891,  24389161.7822,  -3213.3082,   -168.4186,   1356.3475
 7522, -26278608.5618,  12175889.9258,  24390518.0402,  -3213.1152,   -168.5080,   1356.1684
 7523, -26281821.5806,  12175721.3731,  24391874.1191,  -3212.9223,   -168.5974,   1355.9894
 7524, -26285034.4064,  12175552.7310,  24393230.0190,  -3212.7294,   -168.6868,   1355.8103
 7525, -26288247.0394,  12175383.9996,  24394585.7398,  -3212.5365,   -168.7761,   1355.6313
 7526, -26291459.4794,  12175215.1788,  24395941.2816,  -3212.3436,   -168.8654,   1355.4524
 7527, -26294671.7266,  12175046.2688,  24397296.6445,  -3212.1508,   -168.9547,   1355.2734
 7528, -26297883.7810,  12174877.2694,  24398651.8285,  -3211.9580,   -169.0440,   1355.0945
 7529, -26301095.6426,  12174708.1808,  24400006.8336,  -3211.7652,   -169.1332,   1354.9157
 7530, -26304307.3113,  12174539.0029,  24401361.6598,  -3211.5724,   -169.2225,   1354.7368
 7531, -26307518.7873,  12174369.7359,  24402716.3072,  -3211.3796,   -169.3117,   1354.5580
 7532, -26310730.0706,  12174200.3796,  24404070.7758,  -3211.1869,   -169.4009,   1354.3792
 7533, -26313941.1611,  12174030.9341,  24405425.0657,  -3210.9942,   -169.4900,   1354.2005
 7534, -26317152.0590,  12173861.3995,  24406779.1768,  -3210.8015,   -169.5792,   1354.0218
 7535, -26320362.7641,  12173691.7758,  24408133.1093,  -3210.6088,   -169.6683,   1353.8431
 7536, -26323573.2766,  12173522.0630,  24409486.8631,  -3210.4162,   -169.7574,   1353.6645
 7537, -26326783.5965,  12173352.2611,  24410840.4383,  -3210.2236,   -169.8464,   1353.4859
 7538, -26329993.7238,  12173182.3701,  24412193.8349,  -3210.0310,   -169.9355,   1353.3073
 7539, -26333203.6585,  12173012.3901,  24413547.0529,  -3209.8384,   -170.0245,   1353.1288
 7540, -26336413.4006,  12172842.3210,  24414900.0924,  -3209.6459,   -170.1135,   1352.9503
 7541, -26339622.9502,  12172672.1630,  24416252.9534,  -3209.4533,   -170.2025,   1352.7718
 7542, -26342832.3073,  12172501.9160,  24417605.6360,  -3209.2608,   -170.2915,   1352.5933
 7543, -26346041.4719,  12172331.5801,  24418958.1402,  -3209.0684,   -170.3804,   1352.4149
 7544, -26349250.4441,  12172161.1552,  24420310.4659,  -3208.8759,   -170.4693,   1352.2366
 7545, -26352459.2237,  12171990.6415,  24421662.6133,  -3208.6835,   -170.5582,   1352.0582
 7546, -26355667.8110,  12171820.0388,  24423014.5824,  -3208.4911,   -170.6471,   1351.8799
 7547, -26358876.2059,  12171649.3474,  24424366.3732,  -3208.2987,   -170.7359,   1351.7016
 7548, -26362084.4083,  12171478.5670,  24425717.9857,  -3208.1063,   -170.8247,   1351.5234
 7549, -26365292.4185,  12171307.6979,  24427069.4200,  -3207.9140,   -170.9135,   1351.3452
 7550, -26368500.2363,  12171136.7400,  24428420.6761,  -3207.7216,   -171.0023,   1351.1670
 7551, -26371707.8618,  12170965.6933,  24429771.7540,  -3207.5293,   -171.0911,   1350.9889
 7552, -26374915.2950,  12170794.5578,  24431122.6539,  -3207.3371,   -171.1798,   1350.8108
 7553, -26378122.5359,  12170623.3337,  24432473.3756,  -3207.1448,   -171.2685,   1350.6327
 7554, -26381329.5846,  12170452.0208,  24433823.9193,  -3206.9526,   -171.3572,   1350.4547
 7555, -26384536.4411,  12170280.6193,  24435174.2849,  -3206.7604,   -171.4459,   1350.2766
 7556, -26387743.1054,  12170109.1291,  24436524.4726,  -3206.5682,   -171.5345,   1350.0987
 7557, -26390949.5775,  12169937.5503,  24437874.4822,  -3206.3760,   -171.6231,   1349.9207
 7558, -26394155.8575,  12169765.8829,  24439224.3140,  -3206.1839,   -171.7117,   1349.7428
 7559, -26397361.9453,  12169594.1269,  24440573.9679,  -3205.9918,   -171.8003,   1349.5649
 7560, -26400567.8411,  12169422.2824,  24441923.4439,  -3205.7997,   -171.8888,   1349.3871
 7561, -26403773.5448,  12169250.3493,  24443272.7420,  -3205.6076,   -171.9774,   1349.2093
 7562, -26406979.0564,  12169078.3276,  24444621.8624,  -3205.4156,   -172.0659,   1349.0315
 7563, -26410184.3759,  12168906.2175,  24445970.8050,  -3205.2236,   -172.1544,   1348.8537
 7564, -26413389.5035,  12168734.0190,  24447319.5699,  -3205.0316,   -172.2428,   1348.6760
 7565, -26416594.4391,  12168561.7319,  24448668.1571,  -3204.8396,   -172.3313,   1348.4983
 7566, -26419799.1827,  12168389.3565,  24450016.5666,  -3204.6476,   -172.4197,   1348.3207
 7567, -26423003.7344,  12168216.8926,  24451364.7985,  -3204.4557,   -172.5081,   1348.1431
 7568, -26426208.0941,  12168044.3403,  24452712.8528,  -3204.2638,   -172.5964,   1347.9655
 7569, -26429412.2620,  12167871.6997,  24454060.7295,  -3204.0719,   -172.6848,   1347.7880
 7570, -26432616.2380,  12167698.9708,  24455408.4287,  -3203.8801,   -172.7731,   1347.6104
 7571, -26435820.0221,  12167526.1535,  24456755.9504,  -3203.6882,   -172.8614,   1347.4330
 7572, -26439023.6144,  12167353.2480,  24458103.2947,  -3203.4964,   -172.9497,   1347.2555
 7573, -26442227.0149,  12167180.2542,  24459450.4614,  -3203.3046,   -173.0379,   1347.0781
 7574, -26445430.2236,  12167007.1721,  24460797.4508,  -3203.1128,   -173.1262,   1346.9007
 7575, -26448633.2406,  12166834.0018,  24462144.2628,  -3202.9211,   -173.2144,   1346.7233
 7576, -26451836.0658,  12166660.7433,  24463490.8975,  -3202.7294,   -173.3026,   1346.5460
 7577, -26455038.6993,  12166487.3966,  24464837.3549,  -3202.5376,   -173.3908,   1346.3687
 7578, -26458241.1411,  12166313.9618,  24466183.6350,  -3202.3460,   -173.4789,   1346.1915
 7579, -26461443.3912,  12166140.4388,  24467529.7379,  -3202.1543,   -173.5670,   1346.0143
 7580, -26464645.4497,  12165966.8277,  24468875.6635,  -3201.9627,   -173.6551,   1345.8371
 7581, -26467847.3166,  12165793.1286,  24470221.4120,  -3201.7711,   -173.7432,   1345.6599
 7582, -26471048.9918,  12165619.3413,  24471566.9834,  -3201.5795,   -173.8313,   1345.4828
 7583, -26474250.4755,  12165445.4660,  24472912.3776,  -3201.3879,   -173.9193,   1345.3057
 7584, -26477451.7677,  12165271.5027,  24474257.5948,  -3201.1964,   -174.0073,   1345.1286
 7585, -26480652.8683,  12165097.4514,  24475602.6349,  -3201.0048,   -174.0953,   1344.9516
 7586, -26483853.7774,  12164923.3121,  24476947.4980,  -3200.8133,   -174.1833,   1344.7746
 7587, -26487054.4950,  12164749.0849,  24478292.1842,  -3200.6219,   -174.2712,   1344.5977
 7588, -26490255.0211,  12164574.7697,  24479636.6934,  -3200.4304,   -174.3591,   1344.4207
 7589, -26493455.3558,  12164400.3666,  24480981.0256,  -3200.2390,   -174.4470,   1344.2438
 7590, -26496655.4991,  12164225.8756,  24482325.1810,  -3200.0476,   -174.5349,   1344.0670
 7591, -26499855.4509,  12164051.2968,  24483669.1596,  -3199.8562,   -174.6228,   1343.8901
 7592, -26503055.2114,  12163876.6301,  24485012.9613,  -3199.6648,   -174.7106,   1343.7133
 7593, -26506254.7806,  12163701.8755,  24486356.5863,  -3199.4735,   -174.7984,   1343.5366
 7594, -26509454.1584,  12163527.0332,  24487700.0345,  -3199.2822,   -174.8862,   1343.3598
 7595, -26512653.3449,  12163352.1031,  24489043.3060,  -3199.0909,   -174.9740,   1343.1831
 7596, -26515852.3402,  12163177.0853,  24490386.4008,  -3198.8996,   -175.0617,   1343.0065
 7597, -26519051.1441,  12163001.9797,  24491729.3190,  -3198.7083,   -175.1494,   1342.8298
 7598, -26522249.7569,  12162826.7864,  24493072.0605,  -3198.5171,   -175.2372,   1342.6532
 7599, -26525448.1784,  12162651.5054,  24494414.6255,  -3198.3259,   -175.3248,   1342.4767
 7600, -26528646.4087,  12162476.1367,  24495757.0139,  -3198.1347,   -175.4125,   1342.3001
 7601, -26531844.4479,  12162300.6804,  24497099.2257,  -3197.9436,   -175.5001,   1342.1236
 7602, -26535042.2959,  12162125.1365,  24498441.2611,  -3197.7524,   -175.5877,   1341.9472
 7603, -26538239.9527,  12161949.5050,  24499783.1201,  -3197.5613,   -175.6753,   1341.7707
 7604, -26541437.4185,  12161773.7859,  24501124.8026,  -3197.3702,   -175.7629,   1341.5943
 7605, -26544634.6932,  12161597.9792,  24502466.3087,  -3197.1792,   -175.8504,   1341.4179
 7606, -26547831.7769,  12161422.0850,  24503807.6385,  -3196.9881,   -175.9380,   1341.2416
 7607, -26551028.6695,  12161246.1033,  24505148.7919,  -3196.7971,   -176.0255,   1341.0653
 7608, -26554225.3710,  12161070.0341,  24506489.7690,  -3196.6061,   -176.1129,   1340.8890
 7609, -26557421.8817,  12160893.8774,  24507830.5699,  -3196.4151,   -176.2004,   1340.7128
 7610, -26560618.2013,  12160717.6333,  24509171.1946,  -3196.2242,   -176.2878,   1340.5365
 7611, -26563814.3300,  12160541.3018,  24510511.6430,  -3196.0332,   -176.3752,   1340.3604
 7612, -26567010.2677,  12160364.8828,  24511851.9153,  -3195.8423,   -176.4626,   1340.1842
 7613, -26570206.0146,  12160188.3765,  24513192.0115,  -3195.6514,   -176.5500,   1340.0081
 7614, -26573401.5706,  12160011.7829,  24514531.9315,  -3195.4606,   -176.6373,   1339.8320
 7615, -26576596.9357,  12159835.1018,  24515871.6755,  -3195.2697,   -176.7247,   1339.6560
 7616, -26579792.1101,  12159658.3335,  24517211.2435,  -3195.0789,   -176.8120,   1339.4799
 7617, -26582987.0935,  12159481.4779,  24518550.6354,  -3194.8881,   -176.8993,   1339.3040
 7618, -26586181.8863,  12159304.5350,  24519889.8514,  -3194.6973,   -176.9865,   1339.1280
 7619, -26589376.4882,  12159127.5049,  24521228.8914,  -3194.5066,   -177.0737,   1338.9521
 7620, -26592570.8994,  12158950.3875,  24522567.7556,  -3194.3158,   -177.1610,   1338.7762
 7621, -26595765.1199,  12158773.1830,  24523906.4439,  -3194.1251,   -177.2482,   1338.6003
 7622, -26598959.1497,  12158595.8912,  24525244.9563,  -3193.9344,   -177.3353,   1338.4245
 7623, -26602152.9888,  12158418.5124,  24526583.2929,  -3193.7438,   -177.4225,   1338.2487
 7624, -26605346.6373,  12158241.0463,  24527921.4537,  -3193.5531,   -177.5096,   1338.0730
 7625, -26608540.0951,  12158063.4932,  24529259.4388,  -3193.3625,   -177.5967,   1337.8972
 7626, -26611733.3623,  12157885.8529,  24530597.2482,  -3193.1719,   -177.6838,   1337.7215
 7627, -26614926.4390,  12157708.1256,  24531934.8819,  -3192.9814,   -177.7708,   1337.5459
 7628, -26618119.3250,  12157530.3113,  24533272.3400,  -3192.7908,   -177.8579,   1337.3702
 7629, -26621312.0206,  12157352.4099,  24534609.6224,  -3192.6003,   -177.9449,   1337.1946
 7630, -26624504.5256,  12157174.4215,  24535946.7293,  -3192.4098,   -178.0319,   1337.0191
 7631, -26627696.8401,  12156996.3461,  24537283.6606,  -3192.2193,   -178.1189,   1336.8435
 7632, -26630888.9642,  12156818.1838,  24538620.4164,  -3192.0288,   -178.2058,   1336.6680
 7633, -26634080.8978,  12156639.9345,  24539956.9967,  -3191.8384,   -178.2927,   1336.4926
 7634, -26637272.6410,  12156461.5983,  24541293.4015,  -3191.6480,   -178.3796,   1336.3171
 7635, -26640464.1938,  12156283.1752,  24542629.6309,  -3191.4576,   -178.4665,   1336.1417
 7636, -26643655.5562,  12156104.6653,  24543965.6850,  -3191.2672,   -178.5534,   1335.9663
 7637, -26646846.7282,  12155926.0685,  24545301.5636,  -3191.0769,   -178.6402,   1335.7910
 7638, -26650037.7099,  12155747.3848,  24546637.2670,  -3190.8865,   -178.7270,   1335.6157
 7639, -26653228.5013,  12155568.6144,  24547972.7950,  -3190.6962,   -178.8138,   1335.4404
 7640, -26656419.1024,  12155389.7572,  24549308.1478,  -3190.5060,   -178.9006,   1335.2652
 7641, -26659609.5132,  12155210.8132,  24550643.3254,  -3190.3157,   -178.9874,   1335.0900
 7642, -26662799.7338,  12155031.7824,  24551978.3278,  -3190.1255,   -179.0741,   1334.9148
 7643, -26665989.7641,  12154852.6650,  24553313.1550,  -3189.9352,   -179.1608,   1334.7396
 7644, -26669179.6043,  12154673.4608,  24554647.8070,  -3189.7451,   -179.2475,   1334.5645
 7645, -26672369.2542,  12154494.1700,  24555982.2840,  -3189.5549,   -179.3342,   1334.3894
 7646, -26675558.7140,  12154314.7925,  24557316.5859,  -3189.3647,   -179.4208,   1334.2144
 7647, -26678747.9837,  12154135.3284,  24558650.7128,  -3189.1746,   -179.5074,   1334.0394
 7648, -26681937.0633,  12153955.7777,  24559984.6646,  -3188.9845,   -179.5940,   1333.8644
 7649, -26685125.9527,  12153776.1403,  24561318.4415,  -3188.7944,   -179.6806,   1333.6894
 7650, -26688314.6521,  12153596.4165,  24562652.0434,  -3188.6044,   -179.7672,   1333.5145
 7651, -26691503.1615,  12153416.6060,  24563985.4705,  -3188.4143,   -179.8537,   1333.3396
 7652, -26694691.4808,  12153236.7091,  24565318.7226,  -3188.2243,   -179.9402,   1333.1647
 7653, -26697879.6101,  12153056.7256,  24566651.7999,  -3188.0343,   -180.0267,   1332.9899
 7654, -26701067.5495,  12152876.6557,  24567984.7024,  -3187.8444,   -180.1132,   1332.8151
 7655, -26704255.2989,  12152696.4993,  24569317.4301,  -3187.6544,   -180.1996,   1332.6403
 7656, -26707442.8583,  12152516.2565,  24570649.9831,  -3187.4645,   -180.2860,   1332.4656
 7657, -26710630.2279,  12152335.9272,  24571982.3613,  -3187.2746,   -180.3724,   1332.2909
 7658, -26713817.4075,  12152155.5116,  24573314.5649,  -3187.0847,   -180.4588,   1332.1162
 7659, -26717004.3973,  12151975.0096,  24574646.5938,  -3186.8949,   -180.5452,   1331.9416
 7660, -26720191.1973,  12151794.4212,  24575978.4481,  -3186.7050,   -180.6315,   1331.7670
 7661, -26723377.8074,  12151613.7466,  24577310.1278,  -3186.5152,   -180.7178,   1331.5924
 7662, -26726564.2277,  12151432.9856,  24578641.6329,  -3186.3254,   -180.8041,   1331.4179
 7663, -26729750.4583,  12151252.1383,  24579972.9635,  -3186.1357,   -180.8904,   1331.2434
 7664, -26732936.4991,  12151071.2048,  24581304.1196,  -3185.9459,   -180.9767,   1331.0689
 7665, -26736122.3501,  12150890.1850,  24582635.1013,  -3185.7562,   -181.0629,   1330.8944
 7666, -26739308.0114,  12150709.0790,  24583965.9085,  -3185.5665,   -181.1491,   1330.7200
 7667, -26742493.4831,  12150527.8868,  24585296.5413,  -3185.3768,   -181.2353,   1330.5456
 7668, -26745678.7651,  12150346.6084,  24586626.9998,  -3185.1872,   -181.3214,   1330.3713
 7669, -26748863.8574,  12150165.2439,  24587957.2839,  -3184.9975,   -181.4076,   1330.1970
 7670, -26752048.7602,  12149983.7933,  24589287.3937,  -3184.8079,   -181.4937,   1330.0227
 7671, -26755233.4733,  12149802.2565,  24590617.3293,  -3184.6183,   -181.5798,   1329.8484
 7672, -26758417.9968,  12149620.6337,  24591947.0906,  -3184.4288,   -181.6659,   1329.6742
 7673, -26761602.3308,  12149438.9247,  24593276.6777,  -3184.2392,   -181.7519,   1329.5000
 7674, -26764786.4753,  12149257.1298,  24594606.0906,  -3184.0497,   -181.8380,   1329.3258
 7675, -26767970.4302,  12149075.2488,  24595935.3294,  -3183.8602,   -181.9240,   1329.1517
 7676, -26771154.1957,  12148893.2818,  24597264.3940,  -3183.6707,   -182.0100,   1328.9776
 7677, -26774337.7716,  12148711.2288,  24598593.2846,  -3183.4813,   -182.0960,   1328.8036
 7678, -26777521.1582,  12148529.0899,  24599922.0011,  -3183.2918,   -182.1819,   1328.6295
 7679, -26780704.3553,  12148346.8650,  24601250.5436,  -3183.1024,   -182.2678,   1328.4555
 7680, -26783887.3630,  12148164.5542,  24602578.9122,  -3182.9130,   -182.3537,   1328.2815
 7681, -26787070.1814,  12147982.1576,  24603907.1067,  -3182.7237,   -182.4396,   1328.1076
 7682, -26790252.8104,  12147799.6750,  24605235.1274,  -3182.5343,   -182.5255,   1327.9337
 7683, -26793435.2500,  12147617.1066,  24606562.9742,  -3182.3450,   -182.6113,   1327.7598
 7684, -26796617.5004,  12147434.4524,  24607890.6471,  -3182.1557,   -182.6971,   1327.5860
 7685, -26799799.5614,  12147251.7123,  24609218.1461,  -3181.9664,   -182.7829,   1327.4122
 7686, -26802981.4332,  12147068.8865,  24610545.4714,  -3181.7772,   -182.8687,   1327.2384
 7687, -26806163.1158,  12146885.9749,  24611872.6229,  -3181.5879,   -182.9545,   1327.0646
 7688, -26809344.6091,  12146702.9776,  24613199.6007,  -3181.3987,   -183.0402,   1326.8909
 7689, -26812525.9132,  12146519.8945,  24614526.4048,  -3181.2095,   -183.1259,   1326.7172
 7690, -26815707.0282,  12146336.7257,  24615853.0352,  -3181.0204,   -183.2116,   1326.5436
 7691, -26818887.9540,  12146153.4713,  24617179.4920,  -3180.8312,   -183.2973,   1326.3700
 7692, -26822068.6906,  12145970.1312,  24618505.7751,  -3180.6421,   -183.3829,   1326.1964
 7693, -26825249.2382,  12145786.7055,  24619831.8847,  -3180.4530,   -183.4685,   1326.0228
 7694, -26828429.5966,  12145603.1941,  24621157.8208,  -3180.2639,   -183.5541,   1325.8493
 7695, -26831609.7660,  12145419.5972,  24622483.5833,  -3180.0749,   -183.6397,   1325.6758
 7696, -26834789.7463,  12145235.9147,  24623809.1723,  -3179.8858,   -183.7253,   1325.5023
 7697, -26837969.5377,  12145052.1466,  24625134.5879,  -3179.6968,   -183.8108,   1325.3289
 7698, -26841149.1400,  12144868.2930,  24626459.8301,  -3179.5078,   -183.8964,   1325.1555
 7699, -26844328.5533,  12144684.3539,  24627784.8989,  -3179.3189,   -183.9818,   1324.9821
 7700, -26847507.7777,  12144500.3293,  24629109.7944,  -3179.1299,   -184.0673,   1324.8088
 7701, -26850686.8132,  12144316.2193,  24630434.5165,  -3178.9410,   -184.1528,   1324.6355
 7702, -26853865.6597,  12144132.0238,  24631759.0653,  -3178.7521,   -184.2382,   1324.4622
 7703, -26857044.3174,  12143947.7429,  24633083.4409,  -3178.5632,   -184.3236,   1324.2890
 7704, -26860222.7861,  12143763.3765,  24634407.6433,  -3178.3744,   -184.4090,   1324.1157
 7705, -26863401.0661,  12143578.9248,  24635731.6724,  -3178.1855,   -184.4944,   1323.9426
 7706, -26866579.1572,  12143394.3878,  24637055.5284,  -3177.9967,   -184.5797,   1323.7694
 7707, -26869757.0595,  12143209.7654,  24638379.2112,  -3177.8079,   -184.6651,   1323.5963
 7708, -26872934.7730,  12143025.0577,  24639702.7210,  -3177.6191,   -184.7504,   1323.4232
 7709, -26876112.2978,  12142840.2647,  24641026.0577,  -3177.4304,   -184.8356,   1323.2501
 7710, -26879289.6338,  12142655.3864,  24642349.2213,  -3177.2417,   -184.9209,   1323.0771
 7711, -26882466.7812,  12142470.4229,  24643672.2119,  -3177.0530,   -185.0061,   1322.9041
 7712, -26885643.7398,  12142285.3742,  24644995.0296,  -3176.8643,   -185.0914,   1322.7312
 7713, -26888820.5098,  12142100.2402,  24646317.6743,  -3176.6756,   -185.1766,   1322.5582
 7714, -26891997.0911,  12141915.0210,  24647640.1461,  -3176.4870,   -185.2617,   1322.3853
 7715, -26895173.4838,  12141729.7167,  24648962.4450,  -3176.2984,   -185.3469,   1322.2125
 7716, -26898349.6879,  12141544.3273,  24650284.5710,  -3176.1098,   -185.4320,   1322.0396
 7717, -26901525.7034,  12141358.8527,  24651606.5243,  -3175.9212,   -185.5171,   1321.8668
 7718, -26904701.5303,  12141173.2930,  24652928.3047,  -3175.7327,   -185.6022,   1321.6941
 7719, -26907877.1687,  12140987.6483,  24654249.9124,  -3175.5441,   -185.6873,   1321.5213
 7720, -26911052.6186,  12140801.9184,  24655571.3473,  -3175.3556,   -185.7723,   1321.3486
 7721, -26914227.8800,  12140616.1036,  24656892.6096,  -3175.1672,   -185.8574,   1321.1759
 7722, -26917402.9529,  12140430.2037,  24658213.6992,  -3174.9787,   -185.9424,   1321.0033
 7723, -26920577.8374,  12140244.2188,  24659534.6162,  -3174.7903,   -186.0274,   1320.8307
 7724, -26923752.5335,  12140058.1490,  24660855.3606,  -3174.6018,   -186.1123,   1320.6581
 7725, -26926927.0411,  12139871.9942,  24662175.9324,  -3174.4135,   -186.1973,   1320.4855
 7726, -26930101.3604,  12139685.7545,  24663496.3316,  -3174.2251,   -186.2822,   1320.3130
 7727, -26933275.4913,  12139499.4298,  24664816.5584,  -3174.0367,   -186.3671,   1320.1405
 7728, -26936449.4339,  12139313.0203,  24666136.6126,  -3173.8484,   -186.4520,   1319.9680
 7729, -26939623.1881,  12139126.5259,  24667456.4945,  -3173.6601,   -186.5368,   1319.7956
 7730, -26942796.7541,  12138939.9467,  24668776.2039,  -3173.4718,   -186.6217,   1319.6232
 7731, -26945970.1317,  12138753.2826,  24670095.7409,  -3173.2835,   -186.7065,   1319.4509
 7732, -26949143.3212,  12138566.5337,  24671415.1056,  -3173.0953,   -186.7913,   1319.2785
 7733, -26952316.3224,  12138379.7001,  24672734.2980,  -3172.9071,   -186.8760,   1319.1062
 7734, -26955489.1354,  12138192.7816,  24674053.3180,  -3172.7189,   -186.9608,   1318.9339
 7735, -26958661.7602,  12138005.7785,  24675372.1659,  -3172.5307,   -187.0455,   1318.7617
 7736, -26961834.1968,  12137818.6906,  24676690.8414,  -3172.3426,   -187.1302,   1318.5895
 7737, -26965006.4453,  12137631.5180,  24678009.3448,  -3172.1544,   -187.2149,   1318.4173
 7738, -26968178.5057,  12137444.2608,  24679327.6761,  -3171.9663,   -187.2996,   1318.2452
 7739, -26971350.3780,  12137256.9189,  24680645.8352,  -3171.7782,   -187.3842,   1318.0730
 7740, -26974522.0622,  12137069.4923,  24681963.8222,  -3171.5902,   -187.4689,   1317.9010
 7741, -26977693.5583,  12136881.9812,  24683281.6371,  -3171.4021,   -187.5535,   1317.7289
 7742, -26980864.8665,  12136694.3854,  24684599.2800,  -3171.2141,   -187.6380,   1317.5569
 7743, -26984035.9866,  12136506.7051,  24685916.7508,  -3171.0261,   -187.7226,   1317.3849
 7744, -26987206.9187,  12136318.9402,  24687234.0497,  -3170.8381,   -187.8071,   1317.2129
 7745, -26990377.6628,  12136131.0908,  24688551.1767,  -3170.6502,   -187.8917,   1317.0410
 7746, -26993548.2191,  12135943.1569,  24689868.1317,  -3170.4622,   -187.9762,   1316.8691
 7747, -26996718.5873,  12135755.1385,  24691184.9148,  -3170.2743,   -188.0606,   1316.6972
 7748, -26999888.7677,  12135567.0356,  24692501.5261,  -3170.0864,   -188.1451,   1316.5254
 7749, -27003058.7602,  12135378.8483,  24693817.9656,  -3169.8986,   -188.2295,   1316.3536
 7750, -27006228.5649,  12135190.5766,  24695134.2333,  -3169.7107,   -188.3139,   1316.1818
 7751, -27009398.1817,  12135002.2204,  24696450.3292,  -3169.5229,   -188.3983,   1316.0100
 7752, -27012567.6107,  12134813.7799,  24697766.2534,  -3169.3351,   -188.4827,   1315.8383
 7753, -27015736.8519,  12134625.2550,  24699082.0059,  -3169.1473,   -188.5671,   1315.6666
 7754, -27018905.9054,  12134436.6458,  24700397.5867,  -3168.9596,   -188.6514,   1315.4950
 7755, -27022074.7711,  12134247.9522,  24701712.9959,  -3168.7718,   -188.7357,   1315.3234
 7756, -27025243.4490,  12134059.1744,  24703028.2335,  -3168.5841,   -188.8200,   1315.1518
 7757, -27028411.9393,  12133870.3123,  24704343.2995,  -3168.3964,   -188.9043,   1314.9802
 7758, -27031580.2419,  12133681.3659,  24705658.1939,  -3168.2087,   -188.9885,   1314.8087
 7759, -27034748.3568,  12133492.3353,  24706972.9169,  -3168.0211,   -189.0727,   1314.6372
 7760, -27037916.2841,  12133303.2205,  24708287.4683,  -3167.8335,   -189.1569,   1314.4657
 7761, -27041084.0238,  12133114.0215,  24709601.8483,  -3167.6459,   -189.2411,   1314.2943
 7762, -27044251.5758,  12132924.7383,  24710916.0569,  -3167.4583,   -189.3253,   1314.1229
 7763, -27047418.9403,  12132735.3709,  24712230.0941,  -3167.2707,   -189.4094,   1313.9515
 7764, -27050586.1173,  12132545.9194,  24713543.9600,  -3167.0832,   -189.4935,   1313.7802
 7765, -27053753.1067,  12132356.3839,  24714857.6545,  -3166.8957,   -189.5776,   1313.6089
 7766, -27056919.9086,  12132166.7642,  24716171.1777,  -3166.7082,   -189.6617,   1313.4376
 7767, -27060086.5230,  12131977.0605,  24717484.5296,  -3166.5207,   -189.7458,   1313.2663
 7768, -27063252.9500,  12131787.2727,  24718797.7104,  -3166.3332,   -189.8298,   1313.0951
 7769, -27066419.1895,  12131597.4009,  24720110.7199,  -3166.1458,   -189.9138,   1312.9239
 7770, -27069585.2416,  12131407.4450,  24721423.5582,  -3165.9584,   -189.9978,   1312.7528
 7771, -27072751.1063,  12131217.4052,  24722736.2254,  -3165.7710,   -190.0818,   1312.5816
 7772, -27075916.7836,  12131027.2815,  24724048.7215,  -3165.5836,   -190.1657,   1312.4105
 7773, -27079082.2736,  12130837.0738,  24725361.0465,  -3165.3963,   -190.2497,   1312.2395
 7774, -27082247.5762,  12130646.7822,  24726673.2004,  -3165.2090,   -190.3336,   1312.0684
 7775, -27085412.6916,  12130456.4066,  24727985.1834,  -3165.0217,   -190.4175,   1311.8974
 7776, -27088577.6196,  12130265.9472,  24729296.9953,  -3164.8344,   -190.5013,   1311.7265
 7777, -27091742.3604,  12130075.4040,  24730608.6363,  -3164.6471,   -190.5852,   1311.5555
 7778, -27094906.9139,  12129884.7769,  24731920.1063,  -3164.4599,   -190.6690,   1311.3846
 7779, -27098071.2802,  12129694.0659,  24733231.4055,  -3164.2727,   -190.7528,   1311.2137
 7780, -27101235.4593,  12129503.2712,  24734542.5338,  -3164.0855,   -190.8366,   1311.0429
 7781, -27104399.4512,  12129312.3927,  24735853.4913,  -3163.8983,   -190.9204,   1310.8721
 7782, -27107563.2559,  12129121.4305,  24737164.2779,  -3163.7112,   -191.0041,   1310.7013
 7783, -27110726.8735,  12128930.3845,  24738474.8938,  -3163.5240,   -191.0878,   1310.5305
 7784, -27113890.3040,  12128739.2548,  24739785.3389,  -3163.3369,   -191.1715,   1310.3598
 7785, -27117053.5474,  12128548.0414,  24741095.6133,  -3163.1499,   -191.2552,   1310.1891
 7786, -27120216.6037,  12128356.7444,  24742405.7171,  -3162.9628,   -191.3389,   1310.0184
 7787, -27123379.4730,  12128165.3637,  24743715.6502,  -3162.7758,   -191.4225,   1309.8478
 7788, -27126542.1553,  12127973.8993,  24745025.4126,  -3162.5887,   -191.5061,   1309.6772
 7789, -27129704.6505,  12127782.3514,  24746335.0045,  -3162.4017,   -191.5897,   1309.5066
 7790, -27132866.9587,  12127590.7198,  24747644.4258,  -3162.2148,   -191.6733,   1309.3361
 7791, -27136029.0800,  12127399.0047,  24748953.6766,  -3162.0278,   -191.7569,   1309.1655
 7792, -27139191.0144,  12127207.2061,  24750262.7569,  -3161.8409,   -191.8404,   1308.9951
 7793, -27142352.7618,  12127015.3239,  24751571.6668,  -3161.6540,   -191.9239,   1308.8246
 7794, -27145514.3223,  12126823.3582,  24752880.4061,  -3161.4671,   -192.0074,   1308.6542
 7795, -27148675.6959,  12126631.3091,  24754188.9751,  -3161.2802,   -192.0909,   1308.4838
 7796, -27151836.8827,  12126439.1764,  24755497.3737,  -3161.0934,   -192.1744,   1308.3134
 7797, -27154997.8827,  12126246.9604,  24756805.6020,  -3160.9065,   -192.2578,   1308.1431
 7798, -27158158.6958,  12126054.6609,  24758113.6599,  -3160.7197,   -192.3412,   1307.9728
 7799, -27161319.3222,  12125862.2780,  24759421.5476,  -3160.5330,   -192.4246,   1307.8025
 7800, -27164479.7618,  12125669.8117,  24760729.2650,  -3160.3462,   -192.5080,   1307.6323
 7801, -27167640.0146,  12125477.2620,  24762036.8122,  -3160.1595,   -192.5913,   1307.4621
 7802, -27170800.0807,  12125284.6291,  24763344.1892,  -3159.9727,   -192.6746,   1307.2919
 7803, -27173959.9601,  12125091.9128,  24764651.3960,  -3159.7861,   -192.7580,   1307.1218
 7804, -27177119.6528,  12124899.1132,  24765958.4327,  -3159.5994,   -192.8412,   1306.9516
 7805, -27180279.1589,  12124706.2303,  24767265.2993,  -3159.4127,   -192.9245,   1306.7816
 7806, -27183438.4783,  12124513.2642,  24768571.9959,  -3159.2261,   -193.0078,   1306.6115
 7807, -27186597.6111,  12124320.2148,  24769878.5223,  -3159.0395,   -193.0910,   1306.4415
 7808, -27189756.5573,  12124127.0822,  24771184.8788,  -3158.8529,   -193.1742,   1306.2715
 7809, -27192915.3169,  12123933.8664,  24772491.0653,  -3158.6663,   -193.2574,   1306.1015
 7810, -27196073.8899,  12123740.5675,  24773797.0819,  -3158.4798,   -193.3405,   1305.9316
 7811, -27199232.2765,  12123547.1854,  24775102.9285,  -3158.2933,   -193.4237,   1305.7617
 7812, -27202390.4765,  12123353.7201,  24776408.6052,  -3158.1068,   -193.5068,   1305.5918
 7813, -27205548.4900,  12123160.1718,  24777714.1121,  -3157.9203,   -193.5899,   1305.4220
 7814, -27208706.3171,  12122966.5403,  24779019.4492,  -3157.7338,   -193.6730,   1305.2522
 7815, -27211863.9577,  12122772.8258,  24780324.6165,  -3157.5474,   -193.7561,   1305.0824
 7816, -27215021.4119,  12122579.0282,  24781629.6139,  -3157.3610,   -193.8391,   1304.9126
 7817, -27218178.6797,  12122385.1476,  24782934.4417,  -3157.1746,   -193.9221,   1304.7429
 7818, -27221335.7611,  12122191.1840,  24784239.0998,  -3156.9882,   -194.0051,   1304.5732
 7819, -27224492.6562,  12121997.1374,  24785543.5881,  -3156.8019,   -194.0881,   1304.4036
 7820, -27227649.3649,  12121803.0078,  24786847.9069,  -3156.6156,   -194.1711,   1304.2339
 7821, -27230805.8873,  12121608.7953,  24788152.0560,  -3156.4292,   -194.2540,   1304.0643
 7822, -27233962.2234,  12121414.4998,  24789456.0355,  -3156.2430,   -194.3369,   1303.8948
 7823, -27237118.3732,  12121220.1215,  24790759.8455,  -3156.0567,   -194.4198,   1303.7252
 7824, -27240274.3368,  12121025.6602,  24792063.4860,  -3155.8705,   -194.5027,   1303.5557
 7825, -27243430.1142,  12120831.1161,  24793366.9569,  -3155.6842,   -194.5855,   1303.3862
 7826, -27246585.7053,  12120636.4892,  24794670.2584,  -3155.4980,   -194.6684,   1303.2168
 7827, -27249741.1102,  12120441.7794,  24795973.3905,  -3155.3119,   -194.7512,   1303.0474
 7828, -27252896.3290,  12120246.9868,  24797276.3532,  -3155.1257,   -194.8340,   1302.8780
 7829, -27256051.3617,  12120052.1114,  24798579.1465,  -3154.9396,   -194.9168,   1302.7086
 7830, -27259206.2082,  12119857.1533,  24799881.7704,  -3154.7535,   -194.9995,   1302.5393
 7831, -27262360.8686,  12119662.1124,  24801184.2251,  -3154.5674,   -195.0822,   1302.3700
 7832, -27265515.3429,  12119466.9888,  24802486.5104,  -3154.3813,   -195.1650,   1302.2007
 7833, -27268669.6312,  12119271.7825,  24803788.6265,  -3154.1953,   -195.2477,   1302.0315
 7834, -27271823.7334,  12119076.4935,  24805090.5734,  -3154.0092,   -195.3303,   1301.8623
 7835, -27274977.6496,  12118881.1219,  24806392.3511,  -3153.8232,   -195.4130,   1301.6931
 7836, -27278131.3799,  12118685.6676,  24807693.9596,  -3153.6372,   -195.4956,   1301.5240
 7837, -27281284.9241,  12118490.1307,  24808995.3990,  -3153.4513,   -195.5782,   1301.3548
 7838, -27284438.2824,  12118294.5111,  24810296.6693,  -3153.2653,   -195.6608,   1301.1858
 7839, -27287591.4548,  12118098.8090,  24811597.7706,  -3153.0794,   -195.7434,   1301.0167
 7840, -27290744.4413,  12117903.0244,  24812898.7028,  -3152.8935,   -195.8259,   1300.8477
 7841, -27293897.2418,  12117707.1572,  24814199.4659,  -3152.7076,   -195.9085,   1300.6787
 7842, -27297049.8565,  12117511.2075,  24815500.0601,  -3152.5218,   -195.9910,   1300.5097
 7843, -27300202.2854,  12117315.1753,  24816800.4854,  -3152.3359,   -196.0735,   1300.3408
 7844, -27303354.5284,  12117119.0606,  24818100.7417,  -3152.1501,   -196.1559,   1300.1719
 7845, -27306506.5857,  12116922.8634,  24819400.8292,  -3151.9643,   -196.2384,   1300.0030
 7846, -27309658.4571,  12116726.5839,  24820700.7478,  -3151.7786,   -196.3208,   1299.8342
 7847, -27312810.1428,  12116530.2218,  24822000.4975,  -3151.5928,   -196.4032,   1299.6654
 7848, -27315961.6428,  12116333.7774,  24823300.0785,  -3151.4071,   -196.4856,   1299.4966
 7849, -27319112.9570,  12116137.2507,  24824599.4907,  -3151.2214,   -196.5680,   1299.3278
 7850, -27322264.0856,  12115940.6415,  24825898.7341,  -3151.0357,   -196.6503,   1299.1591
 7851, -27325415.0285,  12115743.9501,  24827197.8088,  -3150.8500,   -196.7326,   1298.9904
 7852, -27328565.7857,  12115547.1763,  24828496.7149,  -3150.6644,   -196.8149,   1298.8217
 7853, -27331716.3573,  12115350.3202,  24829795.4523,  -3150.4788,   -196.8972,   1298.6531
 7854, -27334866.7433,  12115153.3818,  24831094.0211,  -3150.2932,   -196.9795,   1298.4845
 7855, -27338016.9437,  12114956.3612,  24832392.4213,  -3150.1076,   -197.0617,   1298.3159
 7856, -27341166.9585,  12114759.2584,  24833690.6530,  -3149.9221,   -197.1440,   1298.1474
 7857, -27344316.7878,  12114562.0733,  24834988.7161,  -3149.7365,   -197.2262,   1297.9789
 7858, -27347466.4315,  12114364.8061,  24836286.6107,  -3149.5510,   -197.3083,   1297.8104
 7859, -27350615.8898,  12114167.4566,  24837584.3368,  -3149.3655,   -197.3905,   1297.6419
 7860, -27353765.1626,  12113970.0251,  24838881.8946,  -3149.1800,   -197.4727,   1297.4735
 7861, -27356914.2499,  12113772.5113,  24840179.2839,  -3148.9946,   -197.5548,   1297.3051
 7862, -27360063.1518,  12113574.9155,  24841476.5048,  -3148.8092,   -197.6369,   1297.1367
 7863, -27363211.8682,  12113377.2376,  24842773.5574,  -3148.6238,   -197.7190,   1296.9684
 7864, -27366360.3993,  12113179.4776,  24844070.4416,  -3148.4384,   -197.8010,   1296.8001
 7865, -27369508.7450,  12112981.6356,  24845367.1576,  -3148.2530,   -197.8831,   1296.6318
 7866, -27372656.9053,  12112783.7115,  24846663.7053,  -3148.0677,   -197.9651,   1296.4636
 7867, -27375804.8803,  12112585.7054,  24847960.0848,  -3147.8823,   -198.0471,   1296.2954
 7868, -27378952.6700,  12112387.6173,  24849256.2960,  -3147.6970,   -198.1291,   1296.1272
 7869, -27382100.2744,  12112189.4472,  24850552.3391,  -3147.5118,   -198.2110,   1295.9590
 7870, -27385247.6935,  12111991.1952,  24851848.2141,  -3147.3265,   -198.2930,   1295.7909
 7871, -27388394.9274,  12111792.8613,  24853143.9210,  -3147.1413,   -198.3749,   1295.6228
 7872, -27391541.9761,  12111594.4455,  24854439.4597,  -3146.9561,   -198.4568,   1295.4547
 7873, -27394688.8395,  12111395.9477,  24855734.8305,  -3146.7709,   -198.5387,   1295.2867
 7874, -27397835.5178,  12111197.3681,  24857030.0332,  -3146.5857,   -198.6205,   1295.1187
 7875, -27400982.0109,  12110998.7066,  24858325.0679,  -3146.4005,   -198.7024,   1294.9507
 7876, -27404128.3189,  12110799.9634,  24859619.9346,  -3146.2154,   -198.7842,   1294.7828
 7877, -27407274.4418,  12110601.1383,  24860914.6335,  -3146.0303,   -198.8660,   1294.6149
 7878, -27410420.3795,  12110402.2314,  24862209.1644,  -3145.8452,   -198.9478,   1294.4470
 7879, -27413566.1322,  12110203.2427,  24863503.5275,  -3145.6601,   -199.0295,   1294.2791
 7880, -27416711.6998,  12110004.1723,  24864797.7227,  -3145.4751,   -199.1113,   1294.1113
 7881, -27419857.0824,  12109805.0201,  24866091.7501,  -3145.2901,   -199.1930,   1293.9435
 7882, -27423002.2800,  12109605.7863,  24867385.6097,  -3145.1051,   -199.2747,   1293.7757
 7883, -27426147.2926,  12109406.4708,  24868679.3016,  -3144.9201,   -199.3564,   1293.6080
 7884, -27429292.1202,  12109207.0735,  24869972.8257,  -3144.7351,   -199.4380,   1293.4403
 7885, -27432436.7628,  12109007.5947,  24871266.1821,  -3144.5502,   -199.5197,   1293.2726
 7886, -27435581.2206,  12108808.0342,  24872559.3709,  -3144.3653,   -199.6013,   1293.1050
 7887, -27438725.4934,  12108608.3921,  24873852.3921,  -3144.1804,   -199.6829,   1292.9373
 7888, -27441869.5814,  12108408.6684,  24875145.2456,  -3143.9955,   -199.7645,   1292.7698
 7889, -27445013.4844,  12108208.8631,  24876437.9316,  -3143.8107,   -199.8460,   1292.6022
 7890, -27448157.2027,  12108008.9763,  24877730.4501,  -3143.6258,   -199.9276,   1292.4347
 7891, -27451300.7361,  12107809.0080,  24879022.8010,  -3143.4410,   -200.0091,   1292.2672
 7892, -27454444.0847,  12107608.9582,  24880314.9844,  -3143.2562,   -200.0906,   1292.0997
 7893, -27457587.2485,  12107408.8268,  24881607.0004,  -3143.0714,   -200.1721,   1291.9323
 7894, -27460730.2276,  12107208.6140,  24882898.8490,  -3142.8867,   -200.2535,   1291.7649
 7895, -27463873.0219,  12107008.3198,  24884190.5301,  -3142.7020,   -200.3350,   1291.5975
 7896, -27467015.6315,  12106807.9441,  24885482.0439,  -3142.5173,   -200.4164,   1291.4301
 7897, -27470158.0565,  12106607.4870,  24886773.3904,  -3142.3326,   -200.4978,   1291.2628
 7898, -27473300.2967,  12106406.9485,  24888064.5695,  -3142.1479,   -200.5792,   1291.0955
 7899, -27476442.3523,  12106206.3286,  24889355.5814,  -3141.9633,   -200.6605,   1290.9282
 7900, -27479584.2233,  12106005.6274,  24890646.4260,  -3141.7787,   -200.7419,   1290.7610
 7901, -27482725.9096,  12105804.8449,  24891937.1034,  -3141.5941,   -200.8232,   1290.5938
 7902, -27485867.4114,  12105603.9811,  24893227.6136,  -3141.4095,   -200.9045,   1290.4266
 7903, -27489008.7286,  12105403.0359,  24894517.9567,  -3141.2249,   -200.9858,   1290.2595
 7904, -27492149.8612,  12105202.0095,  24895808.1326,  -3141.0404,   -201.0670,   1290.0924
 7905, -27495290.8094,  12105000.9019,  24897098.1415,  -3140.8559,   -201.1483,   1289.9253
 7906, -27498431.5730,  12104799.7130,  24898387.9832,  -3140.6714,   -201.2295,   1289.7582
 7907, -27501572.1521,  12104598.4429,  24899677.6580,  -3140.4869,   -201.3107,   1289.5912
 7908, -27504712.5468,  12104397.0917,  24900967.1657,  -3140.3024,   -201.3919,   1289.4242
 7909, -27507852.7570,  12104195.6592,  24902256.5064,  -3140.1180,   -201.4730,   1289.2572
 7910, -27510992.7828,  12103994.1456,  24903545.6802,  -3139.9336,   -201.5542,   1289.0903
 7911, -27514132.6242,  12103792.5509,  24904834.6870,  -3139.7492,   -201.6353,   1288.9234
 7912, -27517272.2813,  12103590.8750,  24906123.5270,  -3139.5648,   -201.7164,   1288.7565
 7913, -27520411.7539,  12103389.1181,  24907412.2001,  -3139.3805,   -201.7975,   1288.5897
 7914, -27523551.0423,  12103187.2801,  24908700.7064,  -3139.1962,   -201.8785,   1288.4229
 7915, -27526690.1463,  12102985.3611,  24909989.0458,  -3139.0119,   -201.9596,   1288.2561
 7916, -27529829.0660,  12102783.3610,  24911277.2185,  -3138.8276,   -202.0406,   1288.0893
 7917, -27532967.8015,  12102581.2799,  24912565.2244,  -3138.6433,   -202.1216,   1287.9226
 7918, -27536106.3527,  12102379.1178,  24913853.0637,  -3138.4591,   -202.2026,   1287.7559
 7919, -27539244.7196,  12102176.8748,  24915140.7362,  -3138.2749,   -202.2835,   1287.5892
 7920, -27542382.9024,  12101974.5507,  24916428.2421,  -3138.0907,   -202.3645,   1287.4226
 7921, -27545520.9010,  12101772.1458,  24917715.5813,  -3137.9065,   -202.4454,   1287.2559
 7922, -27548658.7154,  12101569.6600,  24919002.7540,  -3137.7223,   -202.5263,   1287.0894
 7923, -27551796.3456,  12101367.0932,  24920289.7601,  -3137.5382,   -202.6072,   1286.9228
 7924, -27554933.7918,  12101164.4456,  24921576.5996,  -3137.3541,   -202.6880,   1286.7563
 7925, -27558071.0538,  12100961.7171,  24922863.2726,  -3137.1700,   -202.7689,   1286.5898
 7926, -27561208.1317,  12100758.9078,  24924149.7792,  -3136.9859,   -202.8497,   1286.4233
 7927, -27564345.0256,  12100556.0177,  24925436.1193,  -3136.8019,   -202.9305,   1286.2569
 7928, -27567481.7355,  12100353.0468,  24926722.2930,  -3136.6178,   -203.0113,   1286.0905
 7929, -27570618.2613,  12100149.9952,  24928008.3003,  -3136.4338,   -203.0921,   1285.9241
 7930, -27573754.6031,  12099946.8627,  24929294.1412,  -3136.2498,   -203.1728,   1285.7578
 7931, -27576890.7609,  12099743.6496,  24930579.8158,  -3136.0659,   -203.2535,   1285.5914
 7932, -27580026.7348,  12099540.3557,  24931865.3241,  -3135.8819,   -203.3342,   1285.4251
 7933, -27583162.5248,  12099336.9811,  24933150.6661,  -3135.6980,   -203.4149,   1285.2589
 7934, -27586298.1308,  12099133.5259,  24934435.8418,  -3135.5141,   -203.4956,   1285.0926
 7935, -27589433.5529,  12098929.9900,  24935720.8514,  -3135.3302,   -203.5762,   1284.9264
 7936, -27592568.7912,  12098726.3734,  24937005.6947,  -3135.1463,   -203.6568,   1284.7603
 7937, -27595703.8456,  12098522.6763,  24938290.3719,  -3134.9625,   -203.7375,   1284.5941
 7938, -27598838.7162,  12098318.8985,  24939574.8830,  -3134.7787,   -203.8180,   1284.4280
 7939, -27601973.4029,  12098115.0402,  24940859.2280,  -3134.5949,   -203.8986,   1284.2619
 7940, -27605107.9059,  12097911.1013,  24942143.4069,  -3134.4111,   -203.9792,   1284.0959
 7941, -27608242.2251,  12097707.0819,  24943427.4197,  -3134.2273,   -204.0597,   1283.9298
 7942, -27611376.3606,  12097502.9820,  24944711.2666,  -3134.0436,   -204.1402,   1283.7638
 7943, -27614510.3123,  12097298.8015,  24945994.9474,  -3133.8599,   -204.2207,   1283.5979
 7944, -27617644.0803,  12097094.5406,  24947278.4623,  -3133.6762,   -204.3011,   1283.4319
 7945, -27620777.6647,  12096890.1993,  24948561.8113,  -3133.4925,   -204.3816,   1283.2660
 7946, -27623911.0654,  12096685.7775,  24949844.9944,  -3133.3089,   -204.4620,   1283.1002
 7947, -27627044.2824,  12096481.2752,  24951128.0116,  -3133.1252,   -204.5424,   1282.9343
 7948, -27630177.3158,  12096276.6926,  24952410.8630,  -3132.9416,   -204.6228,   1282.7685
 7949, -27633310.1656,  12096072.0296,  24953693.5486,  -3132.7580,   -204.7032,   1282.6027
 7950, -27636442.8318,  12095867.2863,  24954976.0684,  -3132.5744,   -204.7835,   1282.4369
 7951, -27639575.3145,  12095662.4626,  24956258.4225,  -3132.3909,   -204.8639,   1282.2712
 7952, -27642707.6136,  12095457.5585,  24957540.6108,  -3132.2074,   -204.9442,   1282.1055
 7953, -27645839.7292,  12095252.5742,  24958822.6334,  -3132.0239,   -205.0245,   1281.9398
 7954, -27648971.6614,  12095047.5096,  24960104.4904,  -3131.8404,   -205.1047,   1281.7742
 7955, -27652103.4100,  12094842.3647,  24961386.1817,  -3131.6569,   -205.1850,   1281.6085
 7956, -27655234.9752,  12094637.1396,  24962667.7075,  -3131.4735,   -205.2652,   1281.4429
 7957, -27658366.3569,  12094431.8343,  24963949.0676,  -3131.2900,   -205.3454,   1281.2774
 7958, -27661497.5553,  12094226.4488,  24965230.2623,  -3131.1066,   -205.4256,   1281.1119
 7959, -27664628.5702,  12094020.9831,  24966511.2914,  -3130.9233,   -205.5058,   1280.9464
 7960, -27667759.4018,  12093815.4372,  24967792.1550,  -3130.7399,   -205.5860,   1280.7809
 7961, -27670890.0500,  12093609.8112,  24969072.8531,  -3130.5566,   -205.6661,   1280.6154
 7962, -27674020.5149,  12093404.1050,  24970353.3859,  -3130.3732,   -205.7462,   1280.4500
 7963, -27677150.7965,  12093198.3188,  24971633.7532,  -3130.1899,   -205.8263,   1280.2846
 7964, -27680280.8948,  12092992.4524,  24972913.9551,  -3130.0067,   -205.9064,   1280.1193
 7965, -27683410.8098,  12092786.5060,  24974193.9917,  -3129.8234,   -205.9864,   1279.9540
 7966, -27686540.5416,  12092580.4796,  24975473.8630,  -3129.6402,   -206.0665,   1279.7887
 7967, -27689670.0901,  12092374.3731,  24976753.5691,  -3129.4569,   -206.1465,   1279.6234
 7968, -27692799.4555,  12092168.1866,  24978033.1098,  -3129.2738,   -206.2265,   1279.4581
 7969, -27695928.6376,  12091961.9201,  24979312.4854,  -3129.0906,   -206.3065,   1279.2929
 7970, -27699057.6366,  12091755.5737,  24980591.6957,  -3128.9074,   -206.3864,   1279.1277
 7971, -27702186.4525,  12091549.1473,  24981870.7409,  -3128.7243,   -206.4664,   1278.9626
 7972, -27705315.0852,  12091342.6410,  24983149.6209,  -3128.5412,   -206.5463,   1278.7975
 7973, -27708443.5349,  12091136.0547,  24984428.3358,  -3128.3581,   -206.6262,   1278.6324
 7974, -27711571.8014,  12090929.3886,  24985706.8856,  -3128.1750,   -206.7061,   1278.4673
 7975, -27714699.8849,  12090722.6426,  24986985.2704,  -3127.9920,   -206.7859,   1278.3023
 7976, -27717827.7854,  12090515.8168,  24988263.4902,  -3127.8089,   -206.8658,   1278.1373
 7977, -27720955.5028,  12090308.9111,  24989541.5449,  -3127.6259,   -206.9456,   1277.9723
 7978, -27724083.0373,  12090101.9256,  24990819.4347,  -3127.4430,   -207.0254,   1277.8073
 7979, -27727210.3887,  12089894.8603,  24992097.1596,  -3127.2600,   -207.1052,   1277.6424
 7980, -27730337.5572,  12089687.7152,  24993374.7195,  -3127.0770,   -207.1849,   1277.4775
 7981, -27733464.5428,  12089480.4904,  24994652.1146,  -3126.8941,   -207.2647,   1277.3126
 7982, -27736591.3455,  12089273.1859,  24995929.3448,  -3126.7112,   -207.3444,   1277.1478
 7983, -27739717.9652,  12089065.8016,  24997206.4102,  -3126.5283,   -207.4241,   1276.9830
 7984, -27742844.4021,  12088858.3377,  24998483.3109,  -3126.3455,   -207.5038,   1276.8182
 7985, -27745970.6562,  12088650.7940,  24999760.0467,  -3126.1626,   -207.5835,   1276.6535
 7986, -27749096.7274,  12088443.1707,  25001036.6178,  -3125.9798,   -207.6631,   1276.4888
 7987, -27752222.6158,  12088235.4678,  25002313.0242,  -3125.7970,   -207.7427,   1276.3241
 7988, -27755348.3214,  12088027.6852,  25003589.2659,  -3125.6142,   -207.8224,   1276.1594
 7989, -27758473.8443,  12087819.8231,  25004865.3430,  -3125.4315,   -207.9019,   1275.9948
 7990, -27761599.1844,  12087611.8813,  25006141.2555,  -3125.2487,   -207.9815,   1275.8302
 7991, -27764724.3417,  12087403.8601,  25007417.0033,  -3125.0660,   -208.0611,   1275.6656
 7992, -27767849.3164,  12087195.7592,  25008692.5867,  -3124.8833,   -208.1406,   1275.5010
 7993, -27770974.1084,  12086987.5789,  25009968.0054,  -3124.7006,   -208.2201,   1275.3365
 7994, -27774098.7177,  12086779.3190,  25011243.2597,  -3124.5180,   -208.2996,   1275.1720
 7995, -27777223.1443,  12086570.9797,  25012518.3495,  -3124.3354,   -208.3791,   1275.0076
 7996, -27780347.3884,  12086362.5609,  25013793.2748,  -3124.1527,   -208.4585,   1274.8431
 7997, -27783471.4498,  12086154.0626,  25015068.0358,  -3123.9701,   -208.5380,   1274.6787
 7998, -27786595.3287,  12085945.4849,  25016342.6323,  -3123.7876,   -208.6174,   1274.5144
 7999, -27789719.0250,  12085736.8278,  25017617.0645,  -3123.6050,   -208.6968,   1274.3500
 8000, -27792842.5387,  12085528.0914,  25018891.3323,  -3123.4225,   -208.7762,   1274.1857
 8001, -27795965.8700,  12085319.2755,  25020165.4359,  -3123.2400,   -208.8555,   1274.0214
 8002, -27799089.0187,  12085110.3803,  25021439.3751,  -3123.0575,   -208.9349,   1273.8571
 8003, -27802211.9850,  12084901.4058,  25022713.1502,  -3122.8750,   -209.0142,   1273.6929
 8004, -27805334.7688,  12084692.3520,  25023986.7610,  -3122.6926,   -209.0935,   1273.5287
 8005, -27808457.3701,  12084483.2189,  25025260.2076,  -3122.5101,   -209.1728,   1273.3645
 8006, -27811579.7891,  12084274.0065,  25026533.4900,  -3122.3277,   -209.2520,   1273.2004
 8007, -27814702.0256,  12084064.7148,  25027806.6084,  -3122.1454,   -209.3313,   1273.0363
 8008, -27817824.0798,  12083855.3440,  25029079.5626,  -3121.9630,   -209.4105,   1272.8722
 8009, -27820945.9516,  12083645.8939,  25030352.3527,  -3121.7806,   -209.4897,   1272.7081
 8010, -27824067.6411,  12083436.3646,  25031624.9788,  -3121.5983,   -209.5689,   1272.5441
 8011, -27827189.1483,  12083226.7561,  25032897.4409,  -3121.4160,   -209.6480,   1272.3801
 8012, -27830310.4731,  12083017.0685,  25034169.7390,  -3121.2337,   -209.7272,   1272.2161
 8013, -27833431.6158,  12082807.3018,  25035441.8732,  -3121.0515,   -209.8063,   1272.0522
 8014, -27836552.5761,  12082597.4559,  25036713.8434,  -3120.8692,   -209.8854,   1271.8883
 8015, -27839673.3542,  12082387.5309,  25037985.6497,  -3120.6870,   -209.9645,   1271.7244
 8016, -27842793.9501,  12082177.5269,  25039257.2921,  -3120.5048,   -210.0436,   1271.5605
 8017, -27845914.3639,  12081967.4438,  25040528.7707,  -3120.3226,   -210.1226,   1271.3967
 8018, -27849034.5954,  12081757.2816,  25041800.0855,  -3120.1405,   -210.2017,   1271.2329
 8019, -27852154.6448,  12081547.0405,  25043071.2364,  -3119.9583,   -210.2807,   1271.0691
 8020, -27855274.5121,  12081336.7203,  25044342.2237,  -3119.7762,   -210.3597,   1270.9054
 8021, -27858394.1972,  12081126.3212,  25045613.0472,  -3119.5941,   -210.4386,   1270.7416
 8022, -27861513.7003,  12080915.8430,  25046883.7070,  -3119.4120,   -210.5176,   1270.5779
 8023, -27864633.0213,  12080705.2860,  25048154.2031,  -3119.2300,   -210.5965,   1270.4143
 8024, -27867752.1603,  12080494.6500,  25049424.5355,  -3119.0479,   -210.6754,   1270.2507
 8025, -27870871.1172,  12080283.9351,  25050694.7044,  -3118.8659,   -210.7543,   1270.0871
 8026, -27873989.8922,  12080073.1413,  25051964.7097,  -3118.6839,   -210.8332,   1269.9235
 8027, -27877108.4851,  12079862.2686,  25053234.5514,  -3118.5020,   -210.9121,   1269.7599
 8028, -27880226.8961,  12079651.3171,  25054504.2295,  -3118.3200,   -210.9909,   1269.5964
 8029, -27883345.1251,  12079440.2868,  25055773.7442,  -3118.1381,   -211.0697,   1269.4329
 8030, -27886463.1723,  12079229.1777,  25057043.0954,  -3117.9562,   -211.1485,   1269.2695
 8031, -27889581.0375,  12079017.9897,  25058312.2832,  -3117.7743,   -211.2273,   1269.1060
 8032, -27892698.7208,  12078806.7230,  25059581.3075,  -3117.5924,   -211.3061,   1268.9426
 8033, -27895816.2223,  12078595.3776,  25060850.1684,  -3117.4106,   -211.3848,   1268.7793
 8034, -27898933.5419,  12078383.9534,  25062118.8660,  -3117.2287,   -211.4636,   1268.6159
 8035, -27902050.6797,  12078172.4504,  25063387.4003,  -3117.0469,   -211.5423,   1268.4526
 8036, -27905167.6357,  12077960.8688,  25064655.7712,  -3116.8651,   -211.6210,   1268.2893
 8037, -27908284.4100,  12077749.2085,  25065923.9789,  -3116.6834,   -211.6996,   1268.1260
 8038, -27911401.0025,  12077537.4696,  25067192.0233,  -3116.5016,   -211.7783,   1267.9628
 8039, -27914517.4132,  12077325.6520,  25068459.9045,  -3116.3199,   -211.8569,   1267.7996
 8040, -27917633.6422,  12077113.7558,  25069727.6225,  -3116.1382,   -211.9355,   1267.6364
 8041, -27920749.6895,  12076901.7810,  25070995.1774,  -3115.9565,   -212.0141,   1267.4733
 8042, -27923865.5552,  12076689.7276,  25072262.5691,  -3115.7748,   -212.0927,   1267.3102
 8043, -27926981.2392,  12076477.5956,  25073529.7977,  -3115.5932,   -212.1712,   1267.1471
 8044, -27930096.7415,  12076265.3851,  25074796.8633,  -3115.4115,   -212.2498,   1266.9840
 8045, -27933212.0623,  12076053.0961,  25076063.7657,  -3115.2299,   -212.3283,   1266.8210
 8046, -27936327.2014,  12075840.7286,  25077330.5052,  -3115.0484,   -212.4068,   1266.6580
 8047, -27939442.1590,  12075628.2825,  25078597.0817,  -3114.8668,   -212.4853,   1266.4950
 8048, -27942556.9350,  12075415.7580,  25079863.4952,  -3114.6852,   -212.5637,   1266.3320
 8049, -27945671.5295,  12075203.1551,  25081129.7458,  -3114.5037,   -212.6422,   1266.1691
 8050, -27948785.9425,  12074990.4737,  25082395.8335,  -3114.3222,   -212.7206,   1266.0062
 8051, -27951900.1740,  12074777.7139,  25083661.7582,  -3114.1407,   -212.7990,   1265.8434
 8052, -27955014.2240,  12074564.8758,  25084927.5202,  -3113.9593,   -212.8774,   1265.6805
 8053, -27958128.0925,  12074351.9592,  25086193.1193,  -3113.7778,   -212.9557,   1265.5177
 8054, -27961241.7796,  12074138.9643,  25087458.5556,  -3113.5964,   -213.0341,   1265.3549
 8055, -27964355.2854,  12073925.8911,  25088723.8292,  -3113.4150,   -213.1124,   1265.1922
 8056, -27967468.6097,  12073712.7395,  25089988.9400,  -3113.2336,   -213.1907,   1265.0295
 8057, -27970581.7526,  12073499.5096,  25091253.8881,  -3113.0523,   -213.2690,   1264.8668
 8058, -27973694.7142,  12073286.2015,  25092518.6736,  -3112.8709,   -213.3473,   1264.7041
 8059, -27976807.4945,  12073072.8151,  25093783.2963,  -3112.6896,   -213.4255,   1264.5415
 8060, -27979920.0935,  12072859.3505,  25095047.7565,  -3112.5083,   -213.5038,   1264.3789
 8061, -27983032.5112,  12072645.8076,  25096312.0540,  -3112.3270,   -213.5820,   1264.2163
 8062, -27986144.7476,  12072432.1865,  25097576.1890,  -3112.1458,   -213.6602,   1264.0537
 8063, -27989256.8027,  12072218.4873,  25098840.1615,  -3111.9645,   -213.7383,   1263.8912
 8064, -27992368.6767,  12072004.7099,  25100103.9714,  -3111.7833,   -213.8165,   1263.7287
 8065, -27995480.3694,  12071790.8543,  25101367.6189,  -3111.6021,   -213.8946,   1263.5662
 8066, -27998591.8809,  12071576.9206,  25102631.1039,  -3111.4210,   -213.9728,   1263.4038
 8067, -28001703.2113,  12071362.9088,  25103894.4264,  -3111.2398,   -214.0509,   1263.2414
 8068, -28004814.3606,  12071148.8189,  25105157.5866,  -3111.0587,   -214.1289,   1263.0790
 8069, -28007925.3287,  12070934.6509,  25106420.5844,  -3110.8776,   -214.2070,   1262.9166
 8070, -28011036.1157,  12070720.4049,  25107683.4199,  -3110.6965,   -214.2850,   1262.7543
 8071, -28014146.7216,  12070506.0809,  25108946.0930,  -3110.5154,   -214.3631,   1262.5920
 8072, -28017257.1464,  12070291.6788,  25110208.6039,  -3110.3343,   -214.4411,   1262.4297
 8073, -28020367.3902,  12070077.1987,  25111470.9525,  -3110.1533,   -214.5191,   1262.2675
 8074, -28023477.4530,  12069862.6407,  25112733.1388,  -3109.9723,   -214.5970,   1262.1053
 8075, -28026587.3348,  12069648.0047,  25113995.1630,  -3109.7913,   -214.6750,   1261.9431
 8076, -28029697.0356,  12069433.2907,  25115257.0250,  -3109.6103,   -214.7529,   1261.7809
 8077, -28032806.5555,  12069218.4989,  25116518.7248,  -3109.4294,   -214.8308,   1261.6188
 8078, -28035915.8944,  12069003.6291,  25117780.2625,  -3109.2484,   -214.9087,   1261.4567
 8079, -28039025.0523,  12068788.6815,  25119041.6382,  -3109.0675,   -214.9866,   1261.2946
 8080, -28042134.0294,  12068573.6559,  25120302.8518,  -3108.8866,   -215.0644,   1261.1325
 8081, -28045242.8256,  12068358.5526,  25121563.9033,  -3108.7058,   -215.1423,   1260.9705
 8082, -28048351.4409,  12068143.3714,  25122824.7928,  -3108.5249,   -215.2201,   1260.8085
 8083, -28051459.8754,  12067928.1124,  25124085.5204,  -3108.3441,   -215.2979,   1260.6466
 8084, -28054568.1291,  12067712.7756,  25125346.0860,  -3108.1633,   -215.3757,   1260.4846
 8085, -28057676.2020,  12067497.3610,  25126606.4897,  -3107.9825,   -215.4534,   1260.3227
 8086, -28060784.0941,  12067281.8687,  25127866.7314,  -3107.8017,   -215.5312,   1260.1608
 8087, -28063891.8054,  12067066.2987,  25129126.8114,  -3107.6210,   -215.6089,   1259.9990
 8088, -28066999.3360,  12066850.6509,  25130386.7294,  -3107.4402,   -215.6866,   1259.8372
 8089, -28070106.6859,  12066634.9255,  25131646.4857,  -3107.2595,   -215.7643,   1259.6754
 8090, -28073213.8550,  12066419.1223,  25132906.0802,  -3107.0788,   -215.8420,   1259.5136
 8091, -28076320.8435,  12066203.2415,  25134165.5129,  -3106.8982,   -215.9196,   1259.3519
 8092, -28079427.6514,  12065987.2831,  25135424.7839,  -3106.7175,   -215.9972,   1259.1902
 8093, -28082534.2786,  12065771.2470,  25136683.8932,  -3106.5369,   -216.0749,   1259.0285
 8094, -28085640.7252,  12065555.1334,  25137942.8409,  -3106.3563,   -216.1525,   1258.8668
 8095, -28088746.9912,  12065338.9421,  25139201.6269,  -3106.1757,   -216.2300,   1258.7052
 8096, -28091853.0766,  12065122.6733,  25140460.2513,  -3105.9951,   -216.3076,   1258.5436
 8097, -28094958.9814,  12064906.3270,  25141718.7141,  -3105.8146,   -216.3851,   1258.3820
 8098, -28098064.7057,  12064689.9031,  25142977.0153,  -3105.6341,   -216.4626,   1258.2205
 8099, -28101170.2495,  12064473.4017,  25144235.1550,  -3105.4536,   -216.5401,   1258.0589
 8100, -28104275.6128,  12064256.8228,  25145493.1332,  -3105.2731,   -216.6176,   1257.8975
 8101, -28107380.7957,  12064040.1665,  25146750.9499,  -3105.0926,   -216.6951,   1257.7360
 8102, -28110485.7980,  12063823.4326,  25148008.6052,  -3104.9122,   -216.7725,   1257.5746
 8103, -28113590.6200,  12063606.6214,  25149266.0990,  -3104.7317,   -216.8500,   1257.4132
 8104, -28116695.2615,  12063389.7327,  25150523.4315,  -3104.5513,   -216.9274,   1257.2518
 8105, -28119799.7226,  12063172.7667,  25151780.6026,  -3104.3709,   -217.0048,   1257.0904
 8106, -28122904.0034,  12062955.7232,  25153037.6124,  -3104.1906,   -217.0821,   1256.9291
 8107, -28126008.1038,  12062738.6024,  25154294.4608,  -3104.0102,   -217.1595,   1256.7678
 8108, -28129112.0239,  12062521.4043,  25155551.1480,  -3103.8299,   -217.2368,   1256.6065
 8109, -28132215.7636,  12062304.1288,  25156807.6739,  -3103.6496,   -217.3141,   1256.4453
 8110, -28135319.3231,  12062086.7760,  25158064.0386,  -3103.4693,   -217.3914,   1256.2841
 8111, -28138422.7023,  12061869.3460,  25159320.2421,  -3103.2891,   -217.4687,   1256.1229
 8112, -28141525.9012,  12061651.8387,  25160576.2845,  -3103.1088,   -217.5460,   1255.9618
 8113, -28144628.9199,  12061434.2541,  25161832.1656,  -3102.9286,   -217.6232,   1255.8006
 8114, -28147731.7584,  12061216.5923,  25163087.8857,  -3102.7484,   -217.7004,   1255.6395
 8115, -28150834.4167,  12060998.8533,  25164343.4447,  -3102.5682,   -217.7776,   1255.4785
 8116, -28153936.8948,  12060781.0371,  25165598.8426,  -3102.3880,   -217.8548,   1255.3174
 8117, -28157039.1927,  12060563.1437,  25166854.0795,  -3102.2079,   -217.9320,   1255.1564
 8118, -28160141.3106,  12060345.1731,  25168109.1554,  -3102.0278,   -218.0091,   1254.9954
 8119, -28163243.2483,  12060127.1254,  25169364.0703,  -3101.8477,   -218.0862,   1254.8344
 8120, -28166345.0059,  12059909.0006,  25170618.8243,  -3101.6676,   -218.1634,   1254.6735
 8121, -28169446.5835,  12059690.7987,  25171873.4174,  -3101.4875,   -218.2404,   1254.5126
 8122, -28172547.9810,  12059472.5197,  25173127.8495,  -3101.3075,   -218.3175,   1254.3517
 8123, -28175649.1984,  12059254.1637,  25174382.1208,  -3101.1275,   -218.3946,   1254.1909
 8124, -28178750.2359,  12059035.7306,  25175636.2313,  -3100.9475,   -218.4716,   1254.0300
 8125, -28181851.0934,  12058817.2205,  25176890.1809,  -3100.7675,   -218.5486,   1253.8693
 8126, -28184951.7709,  12058598.6334,  25178143.9698,  -3100.5875,   -218.6256,   1253.7085
 8127, -28188052.2684,  12058379.9692,  25179397.5979,  -3100.4076,   -218.7026,   1253.5477
 8128, -28191152.5860,  12058161.2281,  25180651.0653,  -3100.2277,   -218.7796,   1253.3870
 8129, -28194252.7237,  12057942.4101,  25181904.3720,  -3100.0478,   -218.8565,   1253.2263
 8130, -28197352.6815,  12057723.5151,  25183157.5180,  -3099.8679,   -218.9334,   1253.0657
 8131, -28200452.4595,  12057504.5432,  25184410.5034,  -3099.6880,   -219.0103,   1252.9051
 8132, -28203552.0576,  12057285.4944,  25185663.3281,  -3099.5082,   -219.0872,   1252.7445
 8133, -28206651.4758,  12057066.3688,  25186915.9923,  -3099.3283,   -219.1641,   1252.5839
 8134, -28209750.7143,  12056847.1662,  25188168.4959,  -3099.1485,   -219.2410,   1252.4233
 8135, -28212849.7729,  12056627.8868,  25189420.8390,  -3098.9688,   -219.3178,   1252.2628
 8136, -28215948.6518,  12056408.5306,  25190673.0215,  -3098.7890,   -219.3946,   1252.1023
 8137, -28219047.3509,  12056189.0976,  25191925.0436,  -3098.6093,   -219.4714,   1251.9419
 8138, -28222145.8703,  12055969.5878,  25193176.9053,  -3098.4295,   -219.5482,   1251.7814
 8139, -28225244.2100,  12055750.0013,  25194428.6065,  -3098.2498,   -219.6249,   1251.6210
 8140, -28228342.3700,  12055530.3380,  25195680.1473,  -3098.0702,   -219.7017,   1251.4606
 8141, -28231440.3504,  12055310.5979,  25196931.5278,  -3097.8905,   -219.7784,   1251.3003
 8142, -28234538.1511,  12055090.7812,  25198182.7479,  -3097.7109,   -219.8551,   1251.1400
 8143, -28237635.7721,  12054870.8877,  25199433.8077,  -3097.5312,   -219.9318,   1250.9797
 8144, -28240733.2135,  12054650.9176,  25200684.7072,  -3097.3516,   -220.0085,   1250.8194
 8145, -28243830.4754,  12054430.8708,  25201935.4465,  -3097.1721,   -220.0851,   1250.6591
 8146, -28246927.5577,  12054210.7473,  25203186.0255,  -3096.9925,   -220.1617,   1250.4989
 8147, -28250024.4604,  12053990.5473,  25204436.4443,  -3096.8130,   -220.2384,   1250.3387
 8148, -28253121.1836,  12053770.2706,  25205686.7030,  -3096.6334,   -220.3150,   1250.1786
 8149, -28256217.7273,  12053549.9174,  25206936.8015,  -3096.4539,   -220.3915,   1250.0184
 8150, -28259314.0915,  12053329.4876,  25208186.7398,  -3096.2745,   -220.4681,   1249.8583
 8151, -28262410.2762,  12053108.9812,  25209436.5181,  -3096.0950,   -220.5446,   1249.6983
 8152, -28265506.2815,  12052888.3983,  25210686.1363,  -3095.9156,   -220.6211,   1249.5382
 8153, -28268602.1074,  12052667.7389,  25211935.5945,  -3095.7361,   -220.6977,   1249.3782
 8154, -28271697.7538,  12052447.0030,  25213184.8927,  -3095.5567,   -220.7741,   1249.2182
 8155, -28274793.2208,  12052226.1907,  25214434.0309,  -3095.3774,   -220.8506,   1249.0582
 8156, -28277888.5085,  12052005.3018,  25215683.0091,  -3095.1980,   -220.9270,   1248.8983
 8157, -28280983.6168,  12051784.3366,  25216931.8274,  -3095.0187,   -221.0035,   1248.7384
 8158, -28284078.5458,  12051563.2949,  25218180.4858,  -3094.8393,   -221.0799,   1248.5785
 8159, -28287173.2955,  12051342.1768,  25219428.9844,  -3094.6600,   -221.1563,   1248.4186
 8160, -28290267.8659,  12051120.9823,  25220677.3231,  -3094.4808,   -221.2327,   1248.2588
 8161, -28293362.2571,  12050899.7115,  25221925.5019,  -3094.3015,   -221.3090,   1248.0990
 8162, -28296456.4689,  12050678.3643,  25223173.5210,  -3094.1223,   -221.3854,   1247.9392
 8163, -28299550.5016,  12050456.9408,  25224421.3803,  -3093.9430,   -221.4617,   1247.7794
 8164, -28302644.3550,  12050235.4410,  25225669.0799,  -3093.7638,   -221.5380,   1247.6197
 8165, -28305738.0293,  12050013.8648,  25226916.6197,  -3093.5847,   -221.6143,   1247.4600
 8166, -28308831.5243,  12049792.2124,  25228163.9999,  -3093.4055,   -221.6905,   1247.3003
 8167, -28311924.8402,  12049570.4838,  25229411.2204,  -3093.2264,   -221.7668,   1247.1407
 8168, -28315017.9770,  12049348.6789,  25230658.2813,  -3093.0472,   -221.8430,   1246.9811
 8169, -28318110.9347,  12049126.7978,  25231905.1826,  -3092.8681,   -221.9192,   1246.8215
 8170, -28321203.7133,  12048904.8405,  25233151.9244,  -3092.6891,   -221.9954,   1246.6619
 8171, -28324296.3128,  12048682.8070,  25234398.5065,  -3092.5100,   -222.0716,   1246.5024
 8172, -28327388.7333,  12048460.6973,  25235644.9292,  -3092.3309,   -222.1477,   1246.3429
 8173, -28330480.9747,  12048238.5115,  25236891.1924,  -3092.1519,   -222.2239,   1246.1834
 8174, -28333573.0372,  12048016.2496,  25238137.2961,  -3091.9729,   -222.3000,   1246.0240
 8175, -28336664.9206,  12047793.9115,  25239383.2403,  -3091.7939,   -222.3761,   1245.8646
 8176, -28339756.6250,  12047571.4974,  25240629.0252,  -3091.6150,   -222.4522,   1245.7052
 8177, -28342848.1506,  12047349.0072,  25241874.6507,  -3091.4360,   -222.5282,   1245.5458
 8178, -28345939.4971,  12047126.4409,  25243120.1168,  -3091.2571,   -222.6043,   1245.3865
 8179, -28349030.6648,  12046903.7986,  25244365.4236,  -3091.0782,   -222.6803,   1245.2271
 8180, -28352121.6536,  12046681.0803,  25245610.5711,  -3090.8993,   -222.7563,   1245.0679
 8181, -28355212.4635,  12046458.2859,  25246855.5593,  -3090.7205,   -222.8323,   1244.9086
 8182, -28358303.0945,  12046235.4156,  25248100.3883,  -3090.5416,   -222.9083,   1244.7494
 8183, -28361393.5467,  12046012.4693,  25249345.0580,  -3090.3628,   -222.9843,   1244.5902
 8184, -28364483.8201,  12045789.4471,  25250589.5686,  -3090.1840,   -223.0602,   1244.4310
 8185, -28367573.9148,  12045566.3490,  25251833.9200,  -3090.0052,   -223.1361,   1244.2718
 8186, -28370663.8306,  12045343.1749,  25253078.1123,  -3089.8265,   -223.2120,   1244.1127
 8187, -28373753.5677,  12045119.9249,  25254322.1454,  -3089.6477,   -223.2879,   1243.9536
 8188, -28376843.1260,  12044896.5991,  25255566.0195,  -3089.4690,   -223.3638,   1243.7945
 8189, -28379932.5057,  12044673.1974,  25256809.7345,  -3089.2903,   -223.4396,   1243.6355
 8190, -28383021.7066,  12044449.7199,  25258053.2905,  -3089.1116,   -223.5154,   1243.4765
 8191, -28386110.7289,  12044226.1665,  25259296.6874,  -3088.9329,   -223.5913,   1243.3175
 8192, -28389199.5725,  12044002.5373,  25260539.9255,  -3088.7543,   -223.6671,   1243.1585
 8193, -28392288.2375,  12043778.8324,  25261783.0045,  -3088.5757,   -223.7428,   1242.9996
 8194, -28395376.7239,  12043555.0517,  25263025.9247,  -3088.3971,   -223.8186,   1242.8407
 8195, -28398465.0316,  12043331.1952,  25264268.6859,  -3088.2185,   -223.8943,   1242.6818
 8196, -28401553.1608,  12043107.2631,  25265511.2883,  -3088.0399,   -223.9700,   1242.5230
 8197, -28404641.1115,  12042883.2552,  25266753.7318,  -3087.8614,   -224.0458,   1242.3641
 8198, -28407728.8836,  12042659.1716,  25267996.0165,  -3087.6828,   -224.1214,   1242.2053
 8199, -28410816.4772,  12042435.0123,  25269238.1425,  -3087.5043,   -224.1971,   1242.0466
 8200, -28413903.8923,  12042210.7774,  25270480.1097,  -3087.3259,   -224.2728,   1241.8878
 8201, -28416991.1289,  12041986.4668,  25271721.9181,  -3087.1474,   -224.3484,   1241.7291
 8202, -28420078.1871,  12041762.0806,  25272963.5679,  -3086.9689,   -224.4240,   1241.5704
 8203, -28423165.0668,  12041537.6188,  25274205.0589,  -3086.7905,   -224.4996,   1241.4117
 8204, -28426251.7681,  12041313.0814,  25275446.3914,  -3086.6121,   -224.5752,   1241.2531
 8205, -28429338.2910,  12041088.4685,  25276687.5652,  -3086.4337,   -224.6507,   1241.0945
 8206, -28432424.6356,  12040863.7800,  25277928.5804,  -3086.2554,   -224.7263,   1240.9359
 8207, -28435510.8018,  12040639.0159,  25279169.4370,  -3086.0770,   -224.8018,   1240.7774
 8208, -28438596.7896,  12040414.1764,  25280410.1351,  -3085.8987,   -224.8773,   1240.6188
 8209, -28441682.5992,  12040189.2613,  25281650.6747,  -3085.7204,   -224.9528,   1240.4603
 8210, -28444768.2304,  12039964.2708,  25282891.0558,  -3085.5421,   -225.0283,   1240.3019
 8211, -28447853.6833,  12039739.2048,  25284131.2784,  -3085.3638,   -225.1037,   1240.1434
 8212, -28450938.9580,  12039514.0634,  25285371.3426,  -3085.1856,   -225.1791,   1239.9850
 8213, -28454024.0545,  12039288.8465,  25286611.2484,  -3085.0073,   -225.2546,   1239.8266
 8214, -28457108.9727,  12039063.5543,  25287850.9958,  -3084.8291,   -225.3300,   1239.6682
 8215, -28460193.7128,  12038838.1866,  25289090.5848,  -3084.6509,   -225.4053,   1239.5099
 8216, -28463278.2746,  12038612.7436,  25290330.0156,  -3084.4728,   -225.4807,   1239.3516
 8217, -28466362.6583,  12038387.2252,  25291569.2880,  -3084.2946,   -225.5560,   1239.1933
 8218, -28469446.8639,  12038161.6315,  25292808.4022,  -3084.1165,   -225.6314,   1239.0350
 8219, -28472530.8913,  12037935.9625,  25294047.3581,  -3083.9384,   -225.7067,   1238.8768
 8220, -28475614.7407,  12037710.2182,  25295286.1558,  -3083.7603,   -225.7820,   1238.7186
 8221, -28478698.4119,  12037484.3986,  25296524.7953,  -3083.5822,   -225.8572,   1238.5604
 8222, -28481781.9051,  12037258.5037,  25297763.2766,  -3083.4042,   -225.9325,   1238.4023
 8223, -28484865.2203,  12037032.5336,  25299001.5998,  -3083.2261,   -226.0077,   1238.2441
 8224, -28487948.3574,  12036806.4882,  25300239.7649,  -3083.0481,   -226.0830,   1238.0860
 8225, -28491031.3166,  12036580.3677,  25301477.7719,  -3082.8701,   -226.1582,   1237.9280
 8226, -28494114.0977,  12036354.1719,  25302715.6208,  -3082.6922,   -226.2333,   1237.7699
 8227, -28497196.7009,  12036127.9010,  25303953.3118,  -3082.5142,   -226.3085,   1237.6119
 8228, -28500279.1261,  12035901.5549,  25305190.8447,  -3082.3363,   -226.3836,   1237.4539
 8229, -28503361.3735,  12035675.1337,  25306428.2196,  -3082.1584,   -226.4588,   1237.2960
 8230, -28506443.4429,  12035448.6374,  25307665.4366,  -3081.9805,   -226.5339,   1237.1380
 8231, -28509525.3344,  12035222.0660,  25308902.4957,  -3081.8026,   -226.6090,   1236.9801
 8232, -28512607.0481,  12034995.4194,  25310139.3968,  -3081.6247,   -226.6841,   1236.8222
 8233, -28515688.5839,  12034768.6978,  25311376.1401,  -3081.4469,   -226.7591,   1236.6644
 8234, -28518769.9419,  12034541.9012,  25312612.7256,  -3081.2691,   -226.8342,   1236.5065
 8235, -28521851.1221,  12034315.0295,  25313849.1532,  -3081.0913,   -226.9092,   1236.3487
 8236, -28524932.1245,  12034088.0828,  25315085.4230,  -3080.9135,   -226.9842,   1236.1910
 8237, -28528012.9491,  12033861.0612,  25316321.5351,  -3080.7358,   -227.0592,   1236.0332
 8238, -28531093.5960,  12033633.9645,  25317557.4895,  -3080.5580,   -227.1341,   1235.8755
 8239, -28534174.0652,  12033406.7929,  25318793.2861,  -3080.3803,   -227.2091,   1235.7178
 8240, -28537254.3567,  12033179.5463,  25320028.9251,  -3080.2026,   -227.2840,   1235.5601
 8241, -28540334.4704,  12032952.2248,  25321264.4064,  -3080.0249,   -227.3589,   1235.4025
 8242, -28543414.4065,  12032724.8284,  25322499.7301,  -3079.8473,   -227.4338,   1235.2449
 8243, -28546494.1650,  12032497.3572,  25323734.8961,  -3079.6696,   -227.5087,   1235.0873
 8244, -28549573.7458,  12032269.8110,  25324969.9046,  -3079.4920,   -227.5836,   1234.9297
 8245, -28552653.1490,  12032042.1900,  25326204.7556,  -3079.3144,   -227.6584,   1234.7722
 8246, -28555732.3747,  12031814.4942,  25327439.4490,  -3079.1368,   -227.7333,   1234.6147
 8247, -28558811.4227,  12031586.7235,  25328673.9849,  -3078.9593,   -227.8081,   1234.4572
 8248, -28561890.2932,  12031358.8780,  25329908.3634,  -3078.7817,   -227.8829,   1234.2997
 8249, -28564968.9862,  12031130.9578,  25331142.5844,  -3078.6042,   -227.9576,   1234.1423
 8250, -28568047.5017,  12030902.9628,  25332376.6480,  -3078.4267,   -228.0324,   1233.9849
 8251, -28571125.8396,  12030674.8930,  25333610.5542,  -3078.2492,   -228.1071,   1233.8275
 8252, -28574204.0001,  12030446.7485,  25334844.3031,  -3078.0718,   -228.1818,   1233.6702
 8253, -28577281.9832,  12030218.5293,  25336077.8946,  -3077.8943,   -228.2566,   1233.5129
 8254, -28580359.7888,  12029990.2354,  25337311.3288,  -3077.7169,   -228.3312,   1233.3556
 8255, -28583437.4170,  12029761.8669,  25338544.6057,  -3077.5395,   -228.4059,   1233.1983
 8256, -28586514.8678,  12029533.4236,  25339777.7254,  -3077.3621,   -228.4806,   1233.0410
 8257, -28589592.1412,  12029304.9057,  25341010.6878,  -3077.1848,   -228.5552,   1232.8838
 8258, -28592669.2373,  12029076.3133,  25342243.4930,  -3077.0074,   -228.6298,   1232.7266
 8259, -28595746.1561,  12028847.6462,  25343476.1411,  -3076.8301,   -228.7044,   1232.5695
 8260, -28598822.8975,  12028618.9045,  25344708.6320,  -3076.6528,   -228.7790,   1232.4123
 8261, -28601899.4616,  12028390.0882,  25345940.9658,  -3076.4755,   -228.8535,   1232.2552
 8262, -28604975.8485,  12028161.1974,  25347173.1425,  -3076.2982,   -228.9281,   1232.0982
 8263, -28608052.0581,  12027932.2320,  25348405.1621,  -3076.1210,   -229.0026,   1231.9411
 8264, -28611128.0904,  12027703.1922,  25349637.0247,  -3075.9437,   -229.0771,   1231.7841
 8265, -28614203.9456,  12027474.0778,  25350868.7303,  -3075.7665,   -229.1516,   1231.6271
 8266, -28617279.6235,  12027244.8890,  25352100.2788,  -3075.5893,   -229.2261,   1231.4701
 8267, -28620355.1243,  12027015.6256,  25353331.6704,  -3075.4122,   -229.3005,   1231.3131
 8268, -28623430.4479,  12026786.2879,  25354562.9051,  -3075.2350,   -229.3750,   1231.1562
 8269, -28626505.5943,  12026556.8757,  25355793.9829,  -3075.0579,   -229.4494,   1230.9993
 8270, -28629580.5637,  12026327.3891,  25357024.9038,  -3074.8808,   -229.5238,   1230.8424
 8271, -28632655.3559,  12026097.8281,  25358255.6678,  -3074.7037,   -229.5982,   1230.6856
 8272, -28635729.9711,  12025868.1927,  25359486.2750,  -3074.5266,   -229.6726,   1230.5288
 8273, -28638804.4091,  12025638.4830,  25360716.7254,  -3074.3496,   -229.7469,   1230.3720
 8274, -28641878.6702,  12025408.6989,  25361947.0190,  -3074.1725,   -229.8212,   1230.2152
 8275, -28644952.7542,  12025178.8405,  25363177.1558,  -3073.9955,   -229.8956,   1230.0585
 8276, -28648026.6612,  12024948.9078,  25364407.1360,  -3073.8185,   -229.9699,   1229.9018
 8277, -28651100.3913,  12024718.9008,  25365636.9594,  -3073.6416,   -230.0441,   1229.7451
 8278, -28654173.9444,  12024488.8196,  25366866.6261,  -3073.4646,   -230.1184,   1229.5884
 8279, -28657247.3205,  12024258.6640,  25368096.1363,  -3073.2877,   -230.1926,   1229.4318
 8280, -28660320.5197,  12024028.4343,  25369325.4898,  -3073.1107,   -230.2669,   1229.2752
 8281, -28663393.5420,  12023798.1303,  25370554.6867,  -3072.9338,   -230.3411,   1229.1186
 8282, -28666466.3874,  12023567.7521,  25371783.7270,  -3072.7570,   -230.4153,   1228.9621
 8283, -28669539.0559,  12023337.2998,  25373012.6108,  -3072.5801,   -230.4894,   1228.8055
 8284, -28672611.5476,  12023106.7733,  25374241.3381,  -3072.4033,   -230.5636,   1228.6490
 8285, -28675683.8625,  12022876.1726,  25375469.9089,  -3072.2265,   -230.6377,   1228.4926
 8286, -28678756.0005,  12022645.4978,  25376698.3232,  -3072.0497,   -230.7119,   1228.3361
 8287, -28681827.9618,  12022414.7489,  25377926.5811,  -3071.8729,   -230.7860,   1228.1797
 8288, -28684899.7463,  12022183.9259,  25379154.6826,  -3071.6961,   -230.8601,   1228.0233
 8289, -28687971.3540,  12021953.0288,  25380382.6277,  -3071.5194,   -230.9341,   1227.8669
 8290, -28691042.7850,  12021722.0576,  25381610.4164,  -3071.3426,   -231.0082,   1227.7106
 8291, -28694114.0393,  12021491.0124,  25382838.0489,  -3071.1659,   -231.0822,   1227.5543
 8292, -28697185.1169,  12021259.8932,  25384065.5250,  -3070.9893,   -231.1562,   1227.3980
 8293, -28700256.0179,  12021028.7000,  25385292.8448,  -3070.8126,   -231.2302,   1227.2417
 8294, -28703326.7422,  12020797.4327,  25386520.0084,  -3070.6360,   -231.3042,   1227.0855
 8295, -28706397.2898,  12020566.0915,  25387747.0158,  -3070.4593,   -231.3782,   1226.9293
 8296, -28709467.6608,  12020334.6764,  25388973.8670,  -3070.2827,   -231.4521,   1226.7731
 8297, -28712537.8552,  12020103.1873,  25390200.5620,  -3070.1061,   -231.5261,   1226.6169
 8298, -28715607.8731,  12019871.6243,  25391427.1008,  -3069.9296,   -231.6000,   1226.4608
 8299, -28718677.7144,  12019639.9874,  25392653.4836,  -3069.7530,   -231.6739,   1226.3047
 8300, -28721747.3791,  12019408.2766,  25393879.7102,  -3069.5765,   -231.7477,   1226.1486
 8301, -28724816.8674,  12019176.4919,  25395105.7808,  -3069.4000,   -231.8216,   1225.9926
 8302, -28727886.1791,  12018944.6334,  25396331.6953,  -3069.2235,   -231.8954,   1225.8365
 8303, -28730955.3144,  12018712.7010,  25397557.4538,  -3069.0470,   -231.9693,   1225.6805
 8304, -28734024.2732,  12018480.6948,  25398783.0564,  -3068.8706,   -232.0431,   1225.5246
 8305, -28737093.0555,  12018248.6149,  25400008.5030,  -3068.6941,   -232.1169,   1225.3686
 8306, -28740161.6615,  12018016.4611,  25401233.7936,  -3068.5177,   -232.1906,   1225.2127
 8307, -28743230.0910,  12017784.2336,  25402458.9283,  -3068.3413,   -232.2644,   1225.0568
 8308, -28746298.3441,  12017551.9323,  25403683.9072,  -3068.1650,   -232.3381,   1224.9009
 8309, -28749366.4209,  12017319.5573,  25404908.7302,  -3067.9886,   -232.4119,   1224.7451
 8310, -28752434.3214,  12017087.1086,  25406133.3973,  -3067.8123,   -232.4856,   1224.5893
 8311, -28755502.0455,  12016854.5862,  25407357.9087,  -3067.6360,   -232.5592,   1224.4335
 8312, -28758569.5933,  12016621.9901,  25408582.2643,  -3067.4597,   -232.6329,   1224.2777
 8313, -28761636.9648,  12016389.3204,  25409806.4641,  -3067.2834,   -232.7066,   1224.1220
 8314, -28764704.1601,  12016156.5770,  25411030.5082,  -3067.1071,   -232.7802,   1223.9662
 8315, -28767771.1791,  12015923.7600,  25412254.3966,  -3066.9309,   -232.8538,   1223.8106
 8316, -28770838.0219,  12015690.8693,  25413478.1293,  -3066.7547,   -232.9274,   1223.6549
 8317, -28773904.6884,  12015457.9051,  25414701.7064,  -3066.5785,   -233.0010,   1223.4993
 8318, -28776971.1788,  12015224.8673,  25415925.1279,  -3066.4023,   -233.0746,   1223.3437
 8319, -28780037.4930,  12014991.7560,  25417148.3938,  -3066.2261,   -233.1481,   1223.1881
 8320, -28783103.6311,  12014758.5711,  25418371.5041,  -3066.0500,   -233.2216,   1223.0325
 8321, -28786169.5930,  12014525.3127,  25419594.4588,  -3065.8739,   -233.2952,   1222.8770
 8322, -28789235.3788,  12014291.9808,  25420817.2581,  -3065.6978,   -233.3687,   1222.7215
 8323, -28792300.9885,  12014058.5754,  25422039.9018,  -3065.5217,   -233.4421,   1222.5660
 8324, -28795366.4221,  12013825.0965,  25423262.3901,  -3065.3456,   -233.5156,   1222.4106
 8325, -28798431.6797,  12013591.5442,  25424484.7229,  -3065.1696,   -233.5890,   1222.2551
 8326, -28801496.7613,  12013357.9185,  25425706.9004,  -3064.9935,   -233.6625,   1222.0997
 8327, -28804561.6668,  12013124.2193,  25426928.9224,  -3064.8175,   -233.7359,   1221.9444
 8328, -28807626.3963,  12012890.4467,  25428150.7891,  -3064.6415,   -233.8093,   1221.7890
 8329, -28810690.9499,  12012656.6007,  25429372.5005,  -3064.4656,   -233.8826,   1221.6337
 8330, -28813755.3275,  12012422.6814,  25430594.0565,  -3064.2896,   -233.9560,   1221.4784
 8331, -28816819.5292,  12012188.6887,  25431815.4573,  -3064.1137,   -234.0293,   1221.3231
 8332, -28819883.5549,  12011954.6227,  25433036.7028,  -3063.9378,   -234.1027,   1221.1679
 8333, -28822947.4047,  12011720.4834,  25434257.7931,  -3063.7619,   -234.1760,   1221.0127
 8334, -28826011.0787,  12011486.2708,  25435478.7281,  -3063.5860,   -234.2493,   1220.8575
 8335, -28829074.5768,  12011251.9849,  25436699.5080,  -3063.4102,   -234.3225,   1220.7023
 8336, -28832137.8990,  12011017.6257,  25437920.1328,  -3063.2343,   -234.3958,   1220.5472
 8337, -28835201.0454,  12010783.1933,  25439140.6024,  -3063.0585,   -234.4690,   1220.3921
 8338, -28838264.0161,  12010548.6877,  25440360.9169,  -3062.8827,   -234.5422,   1220.2370
 8339, -28841326.8109,  12010314.1089,  25441581.0764,  -3062.7069,   -234.6154,   1220.0819
 8340, -28844389.4299,  12010079.4568,  25442801.0808,  -3062.5312,   -234.6886,   1219.9269
 8341, -28847451.8733,  12009844.7316,  25444020.9301,  -3062.3554,   -234.7618,   1219.7719
 8342, -28850514.1408,  12009609.9332,  25445240.6245,  -3062.1797,   -234.8350,   1219.6169
 8343, -28853576.2327,  12009375.0617,  25446460.1639,  -3062.0040,   -234.9081,   1219.4619
 8344, -28856638.1489,  12009140.1171,  25447679.5484,  -3061.8283,   -234.9812,   1219.3070
 8345, -28859699.8894,  12008905.0993,  25448898.7779,  -3061.6527,   -235.0543,   1219.1521
 8346, -28862761.4543,  12008670.0085,  25450117.8526,  -3061.4770,   -235.1274,   1218.9972
 8347, -28865822.8435,  12008434.8445,  25451336.7724,  -3061.3014,   -235.2005,   1218.8424
 8348, -28868884.0571,  12008199.6076,  25452555.5373,  -3061.1258,   -235.2735,   1218.6875
 8349, -28871945.0952,  12007964.2975,  25453774.1475,  -3060.9502,   -235.3465,   1218.5327
 8350, -28875005.9576,  12007728.9145,  25454992.6028,  -3060.7747,   -235.4195,   1218.3780
 8351, -28878066.6445,  12007493.4585,  25456210.9034,  -3060.5991,   -235.4925,   1218.2232
 8352, -28881127.1559,  12007257.9294,  25457429.0492,  -3060.4236,   -235.5655,   1218.0685
 8353, -28884187.4917,  12007022.3274,  25458647.0404,  -3060.2481,   -235.6385,   1217.9138
 8354, -28887247.6520,  12006786.6525,  25459864.8768,  -3060.0726,   -235.7114,   1217.7591
 8355, -28890307.6369,  12006550.9046,  25461082.5586,  -3059.8971,   -235.7844,   1217.6045
 8356, -28893367.4463,  12006315.0838,  25462300.0858,  -3059.7217,   -235.8573,   1217.4498
 8357, -28896427.0803,  12006079.1901,  25463517.4583,  -3059.5462,   -235.9302,   1217.2953
 8358, -28899486.5388,  12005843.2234,  25464734.6763,  -3059.3708,   -236.0030,   1217.1407
 8359, -28902545.8219,  12005607.1840,  25465951.7397,  -3059.1954,   -236.0759,   1216.9861
 8360, -28905604.9297,  12005371.0717,  25467168.6486,  -3059.0201,   -236.1487,   1216.8316
 8361, -28908663.8621,  12005134.8865,  25468385.4029,  -3058.8447,   -236.2216,   1216.6771
 8362, -28911722.6191,  12004898.6285,  25469602.0028,  -3058.6694,   -236.2944,   1216.5227
 8363, -28914781.2008,  12004662.2978,  25470818.4483,  -3058.4941,   -236.3672,   1216.3682
 8364, -28917839.6072,  12004425.8942,  25472034.7393,  -3058.3188,   -236.4399,   1216.2138
 8365, -28920897.8383,  12004189.4179,  25473250.8759,  -3058.1435,   -236.5127,   1216.0594
 8366, -28923955.8942,  12003952.8688,  25474466.8581,  -3057.9682,   -236.5854,   1215.9051
 8367, -28927013.7748,  12003716.2470,  25475682.6860,  -3057.7930,   -236.6582,   1215.7507
 8368, -28930071.4801,  12003479.5525,  25476898.3596,  -3057.6178,   -236.7309,   1215.5964
 8369, -28933129.0103,  12003242.7853,  25478113.8789,  -3057.4426,   -236.8036,   1215.4421
 8370, -28936186.3652,  12003005.9454,  25479329.2439,  -3057.2674,   -236.8762,   1215.2879
 8371, -28939243.5450,  12002769.0328,  25480544.4546,  -3057.0922,   -236.9489,   1215.1336
 8372, -28942300.5497,  12002532.0476,  25481759.5111,  -3056.9171,   -237.0215,   1214.9794
 8373, -28945357.3792,  12002294.9898,  25482974.4135,  -3056.7419,   -237.0941,   1214.8252
 8374, -28948414.0335,  12002057.8593,  25484189.1616,  -3056.5668,   -237.1667,   1214.6711
 8375, -28951470.5128,  12001820.6563,  25485403.7556,  -3056.3917,   -237.2393,   1214.5170
 8376, -28954526.8170,  12001583.3807,  25486618.1955,  -3056.2167,   -237.3119,   1214.3628
 8377, -28957582.9462,  12001346.0325,  25487832.4813,  -3056.0416,   -237.3845,   1214.2088
 8378, -28960638.9003,  12001108.6117,  25489046.6131,  -3055.8666,   -237.4570,   1214.0547
 8379, -28963694.6793,  12000871.1185,  25490260.5908,  -3055.6916,   -237.5295,   1213.9007
 8380, -28966750.2834,  12000633.5527,  25491474.4145,  -3055.5166,   -237.6020,   1213.7467
 8381, -28969805.7125,  12000395.9145,  25492688.0842,  -3055.3416,   -237.6745,   1213.5927
 8382, -28972860.9667,  12000158.2037,  25493901.5999,  -3055.1667,   -237.7470,   1213.4388
 8383, -28975916.0458,  11999920.4205,  25495114.9617,  -3054.9917,   -237.8194,   1213.2848
 8384, -28978970.9501,  11999682.5649,  25496328.1696,  -3054.8168,   -237.8919,   1213.1309
 8385, -28982025.6795,  11999444.6368,  25497541.2236,  -3054.6419,   -237.9643,   1212.9771
 8386, -28985080.2339,  11999206.6363,  25498754.1237,  -3054.4670,   -238.0367,   1212.8232
 8387, -28988134.6135,  11998968.5635,  25499966.8700,  -3054.2922,   -238.1091,   1212.6694
 8388, -28991188.8183,  11998730.4182,  25501179.4625,  -3054.1173,   -238.1814,   1212.5156
 8389, -28994242.8482,  11998492.2006,  25502391.9012,  -3053.9425,   -238.2538,   1212.3618
 8390, -28997296.7033,  11998253.9107,  25503604.1861,  -3053.7677,   -238.3261,   1212.2081
 8391, -29000350.3836,  11998015.5484,  25504816.3173,  -3053.5929,   -238.3984,   1212.0543
 8392, -29003403.8891,  11997777.1138,  25506028.2948,  -3053.4182,   -238.4707,   1211.9007
 8393, -29006457.2199,  11997538.6069,  25507240.1186,  -3053.2434,   -238.5430,   1211.7470
 8394, -29009510.3759,  11997300.0278,  25508451.7888,  -3053.0687,   -238.6153,   1211.5933
 8395, -29012563.3572,  11997061.3764,  25509663.3053,  -3052.8940,   -238.6875,   1211.4397
 8396, -29015616.1639,  11996822.6528,  25510874.6682,  -3052.7193,   -238.7598,   1211.2861
 8397, -29018668.7958,  11996583.8569,  25512085.8776,  -3052.5446,   -238.8320,   1211.1326
 8398, -29021721.2531,  11996344.9888,  25513296.9333,  -3052.3700,   -238.9042,   1210.9790
 8399, -29024773.5357,  11996106.0486,  25514507.8356,  -3052.1953,   -238.9763,   1210.8255
 8400, -29027825.6438,  11995867.0361,  25515718.5843,  -3052.0207,   -239.0485,   1210.6720
 8401, -29030877.5772,  11995627.9516,  25516929.1796,  -3051.8461,   -239.1207,   1210.5185
 8402, -29033929.3360,  11995388.7948,  25518139.6214,  -3051.6715,   -239.1928,   1210.3651
 8403, -29036980.9203,  11995149.5660,  25519349.9098,  -3051.4970,   -239.2649,   1210.2117
 8404, -29040032.3300,  11994910.2650,  25520560.0448,  -3051.3225,   -239.3370,   1210.0583
 8405, -29043083.5652,  11994670.8920,  25521770.0264,  -3051.1479,   -239.4091,   1209.9049
 8406, -29046134.6259,  11994431.4469,  25522979.8547,  -3050.9734,   -239.4811,   1209.7516
 8407, -29049185.5121,  11994191.9297,  25524189.5296,  -3050.7990,   -239.5532,   1209.5983
 8408, -29052236.2238,  11993952.3405,  25525399.0513,  -3050.6245,   -239.6252,   1209.4450
 8409, -29055286.7610,  11993712.6793,  25526608.4197,  -3050.4500,   -239.6972,   1209.2917
 8410, -29058337.1239,  11993472.9461,  25527817.6348,  -3050.2756,   -239.7692,   1209.1385
 8411, -29061387.3123,  11993233.1408,  25529026.6967,  -3050.1012,   -239.8412,   1208.9853
 8412, -29064437.3263,  11992993.2637,  25530235.6054,  -3049.9268,   -239.9132,   1208.8321
 8413, -29067487.1660,  11992753.3145,  25531444.3609,  -3049.7525,   -239.9851,   1208.6789
 8414, -29070536.8313,  11992513.2934,  25532652.9633,  -3049.5781,   -240.0570,   1208.5258
 8415, -29073586.3222,  11992273.2004,  25533861.4125,  -3049.4038,   -240.1290,   1208.3727
 8416, -29076635.6388,  11992033.0355,  25535069.7087,  -3049.2295,   -240.2008,   1208.2196
 8417, -29079684.7812,  11991792.7987,  25536277.8517,  -3049.0552,   -240.2727,   1208.0666
 8418, -29082733.7492,  11991552.4901,  25537485.8418,  -3048.8809,   -240.3446,   1207.9135
 8419, -29085782.5430,  11991312.1096,  25538693.6788,  -3048.7067,   -240.4164,   1207.7605
 8420, -29088831.1625,  11991071.6572,  25539901.3628,  -3048.5324,   -240.4883,   1207.6075
 8421, -29091879.6079,  11990831.1331,  25541108.8939,  -3048.3582,   -240.5601,   1207.4546
 8422, -29094927.8790,  11990590.5371,  25542316.2720,  -3048.1840,   -240.6319,   1207.3016
 8423, -29097975.9759,  11990349.8693,  25543523.4972,  -3048.0098,   -240.7036,   1207.1487
 8424, -29101023.8986,  11990109.1298,  25544730.5695,  -3047.8357,   -240.7754,   1206.9959
 8425, -29104071.6472,  11989868.3185,  25545937.4889,  -3047.6615,   -240.8472,   1206.8430
 8426, -29107119.2217,  11989627.4355,  25547144.2555,  -3047.4874,   -240.9189,   1206.6902
 8427, -29110166.6221,  11989386.4808,  25548350.8693,  -3047.3133,   -240.9906,   1206.5374
 8428, -29113213.8483,  11989145.4543,  25549557.3303,  -3047.1392,   -241.0623,   1206.3846
 8429, -29116260.9005,  11988904.3562,  25550763.6385,  -3046.9652,   -241.1340,   1206.2318
 8430, -29119307.7786,  11988663.1864,  25551969.7939,  -3046.7911,   -241.2056,   1206.0791
 8431, -29122354.4827,  11988421.9450,  25553175.7967,  -3046.6171,   -241.2773,   1205.9264
 8432, -29125401.0128,  11988180.6319,  25554381.6467,  -3046.4431,   -241.3489,   1205.7737
 8433, -29128447.3689,  11987939.2472,  25555587.3441,  -3046.2691,   -241.4205,   1205.6211
 8434, -29131493.5510,  11987697.7909,  25556792.8889,  -3046.0951,   -241.4921,   1205.4684
 8435, -29134539.5591,  11987456.2630,  25557998.2810,  -3045.9212,   -241.5637,   1205.3158
 8436, -29137585.3933,  11987214.6635,  25559203.5206,  -3045.7472,   -241.6352,   1205.1633
 8437, -29140631.0536,  11986972.9925,  25560408.6076,  -3045.5733,   -241.7068,   1205.0107
 8438, -29143676.5399,  11986731.2500,  25561613.5420,  -3045.3994,   -241.7783,   1204.8582
 8439, -29146721.8524,  11986489.4359,  25562818.3239,  -3045.2255,   -241.8498,   1204.7057
 8440, -29149766.9910,  11986247.5503,  25564022.9534,  -3045.0517,   -241.9213,   1204.5532
 8441, -29152811.9558,  11986005.5933,  25565227.4304,  -3044.8778,   -241.9928,   1204.4008
 8442, -29155856.7467,  11985763.5647,  25566431.7549,  -3044.7040,   -242.0643,   1204.2483
 8443, -29158901.3638,  11985521.4648,  25567635.9270,  -3044.5302,   -242.1357,   1204.0959
 8444, -29161945.8071,  11985279.2934,  25568839.9468,  -3044.3564,   -242.2071,   1203.9436
 8445, -29164990.0767,  11985037.0505,  25570043.8141,  -3044.1827,   -242.2785,   1203.7912
 8446, -29168034.1725,  11984794.7363,  25571247.5292,  -3044.0089,   -242.3499,   1203.6389
 8447, -29171078.0945,  11984552.3507,  25572451.0919,  -3043.8352,   -242.4213,   1203.4866
 8448, -29174121.8429,  11984309.8937,  25573654.5023,  -3043.6615,   -242.4927,   1203.3343
 8449, -29177165.4175,  11984067.3653,  25574857.7605,  -3043.4878,   -242.5640,   1203.1821
 8450, -29180208.8185,  11983824.7656,  25576060.8665,  -3043.3141,   -242.6353,   1203.0298
 8451, -29183252.0458,  11983582.0946,  25577263.8202,  -3043.1405,   -242.7067,   1202.8776
 8452, -29186295.0994,  11983339.3523,  25578466.6217,  -3042.9668,   -242.7780,   1202.7255
 8453, -29189337.9795,  11983096.5387,  25579669.2711,  -3042.7932,   -242.8492,   1202.5733
 8454, -29192380.6859,  11982853.6539,  25580871.7683,  -3042.6196,   -242.9205,   1202.4212
 8455, -29195423.2187,  11982610.6978,  25582074.1135,  -3042.4461,   -242.9917,   1202.2691
 8456, -29198465.5780,  11982367.6704,  25583276.3065,  -3042.2725,   -243.0630,   1202.1170
 8457, -29201507.7637,  11982124.5718,  25584478.3475,  -3042.0990,   -243.1342,   1201.9650
 8458, -29204549.7759,  11981881.4021,  25585680.2364,  -3041.9254,   -243.2054,   1201.8129
 8459, -29207591.6146,  11981638.1611,  25586881.9734,  -3041.7519,   -243.2766,   1201.6609
 8460, -29210633.2798,  11981394.8490,  25588083.5583,  -3041.5784,   -243.3477,   1201.5090
 8461, -29213674.7715,  11981151.4657,  25589284.9913,  -3041.4050,   -243.4189,   1201.3570
 8462, -29216716.0897,  11980908.0113,  25590486.2724,  -3041.2315,   -243.4900,   1201.2051
 8463, -29219757.2345,  11980664.4857,  25591687.4015,  -3041.0581,   -243.5611,   1201.0532
 8464, -29222798.2059,  11980420.8891,  25592888.3788,  -3040.8847,   -243.6322,   1200.9013
 8465, -29225839.0039,  11980177.2213,  25594089.2041,  -3040.7113,   -243.7033,   1200.7495
 8466, -29228879.6286,  11979933.4825,  25595289.8777,  -3040.5379,   -243.7743,   1200.5976
 8467, -29231920.0798,  11979689.6726,  25596490.3995,  -3040.3646,   -243.8454,   1200.4459
 8468, -29234960.3577,  11979445.7917,  25597690.7694,  -3040.1912,   -243.9164,   1200.2941
 8469, -29238000.4623,  11979201.8398,  25598890.9876,  -3040.0179,   -243.9874,   1200.1423
 8470, -29241040.3936,  11978957.8169,  25600091.0541,  -3039.8446,   -244.0584,   1199.9906
 8471, -29244080.1516,  11978713.7229,  25601290.9688,  -3039.6714,   -244.1294,   1199.8389
 8472, -29247119.7363,  11978469.5580,  25602490.7319,  -3039.4981,   -244.2004,   1199.6872
 8473, -29250159.1478,  11978225.3222,  25603690.3433,  -3039.3249,   -244.2713,   1199.5356
 8474, -29253198.3861,  11977981.0154,  25604889.8031,  -3039.1516,   -244.3423,   1199.3840
 8475, -29256237.4511,  11977736.6377,  25606089.1112,  -3038.9784,   -244.4132,   1199.2324
 8476, -29259276.3429,  11977492.1890,  25607288.2678,  -3038.8052,   -244.4841,   1199.0808
 8477, -29262315.0616,  11977247.6695,  25608487.2728,  -3038.6321,   -244.5550,   1198.9292
 8478, -29265353.6071,  11977003.0791,  25609686.1263,  -3038.4589,   -244.6258,   1198.7777
 8479, -29268391.9795,  11976758.4179,  25610884.8283,  -3038.2858,   -244.6967,   1198.6262
 8480, -29271430.1787,  11976513.6858,  25612083.3788,  -3038.1127,   -244.7675,   1198.4747
 8481, -29274468.2049,  11976268.8829,  25613281.7778,  -3037.9396,   -244.8383,   1198.3233
 8482, -29277506.0579,  11976024.0092,  25614480.0254,  -3037.7665,   -244.9091,   1198.1719
 8483, -29280543.7379,  11975779.0646,  25615678.1216,  -3037.5935,   -244.9799,   1198.0205
 8484, -29283581.2449,  11975534.0493,  25616876.0663,  -3037.4204,   -245.0507,   1197.8691
 8485, -29286618.5788,  11975288.9633,  25618073.8598,  -3037.2474,   -245.1214,   1197.7178
 8486, -29289655.7397,  11975043.8065,  25619271.5019,  -3037.0744,   -245.1922,   1197.5664
 8487, -29292692.7276,  11974798.5790,  25620468.9926,  -3036.9014,   -245.2629,   1197.4151
 8488, -29295729.5426,  11974553.2808,  25621666.3321,  -3036.7285,   -245.3336,   1197.2639
 8489, -29298766.1846,  11974307.9118,  25622863.5204,  -3036.5555,   -245.4043,   1197.1126
 8490, -29301802.6537,  11974062.4722,  25624060.5574,  -3036.3826,   -245.4749,   1196.9614
 8491, -29304838.9498,  11973816.9620,  25625257.4431,  -3036.2097,   -245.5456,   1196.8102
 8492, -29307875.0731,  11973571.3811,  25626454.1777,  -3036.0368,   -245.6162,   1196.6590
 8493, -29310911.0235,  11973325.7295,  25627650.7612,  -3035.8640,   -245.6868,   1196.5079
 8494, -29313946.8010,  11973080.0074,  25628847.1935,  -3035.6911,   -245.7574,   1196.3567
 8495, -29316982.4057,  11972834.2146,  25630043.4746,  -3035.5183,   -245.8280,   1196.2056
 8496, -29320017.8376,  11972588.3513,  25631239.6047,  -3035.3455,   -245.8986,   1196.0546
 8497, -29323053.0966,  11972342.4174,  25632435.5838,  -3035.1727,   -245.9692,   1195.9035
 8498, -29326088.1829,  11972096.4130,  25633631.4118,  -3034.9999,   -246.0397,   1195.7525
 8499, -29329123.0964,  11971850.3380,  25634827.0887,  -3034.8271,   -246.1102,   1195.6015
 8500, -29332157.8372,  11971604.1926,  25636022.6147,  -3034.6544,   -246.1807,   1195.4505
 8501, -29335192.4052,  11971357.9766,  25637217.9898,  -3034.4817,   -246.2512,   1195.2996
 8502, -29338226.8005,  11971111.6901,  25638413.2138,  -3034.3090,   -246.3217,   1195.1486
 8503, -29341261.0231,  11970865.3332,  25639608.2870,  -3034.1363,   -246.3921,   1194.9977
 8504, -29344295.0731,  11970618.9058,  25640803.2093,  -3033.9636,   -246.4626,   1194.8468
 8505, -29347328.9504,  11970372.4080,  25641997.9807,  -3033.7910,   -246.5330,   1194.6960
 8506, -29350362.6550,  11970125.8398,  25643192.6013,  -3033.6183,   -246.6034,   1194.5452
 8507, -29353396.1871,  11969879.2012,  25644387.0711,  -3033.4457,   -246.6738,   1194.3944
 8508, -29356429.5465,  11969632.4922,  25645581.3900,  -3033.2731,   -246.7442,   1194.2436
 8509, -29359462.7334,  11969385.7128,  25646775.5582,  -3033.1006,   -246.8145,   1194.0928
 8510, -29362495.7477,  11969138.8631,  25647969.5757,  -3032.9280,   -246.8849,   1193.9421
 8511, -29365528.5894,  11968891.9431,  25649163.4425,  -3032.7555,   -246.9552,   1193.7914
 8512, -29368561.2587,  11968644.9527,  25650357.1585,  -3032.5830,   -247.0255,   1193.6407
 8513, -29371593.7554,  11968397.8920,  25651550.7239,  -3032.4105,   -247.0958,   1193.4901
 8514, -29374626.0796,  11968150.7610,  25652744.1387,  -3032.2380,   -247.1661,   1193.3394
 8515, -29377658.2314,  11967903.5598,  25653937.4028,  -3032.0655,   -247.2364,   1193.1888
 8516, -29380690.2107,  11967656.2883,  25655130.5163,  -3031.8931,   -247.3066,   1193.0383
 8517, -29383722.0176,  11967408.9466,  25656323.4793,  -3031.7207,   -247.3768,   1192.8877
 8518, -29386753.6520,  11967161.5347,  25657516.2917,  -3031.5483,   -247.4470,   1192.7372
 8519, -29389785.1141,  11966914.0525,  25658708.9536,  -3031.3759,   -247.5172,   1192.5867
 8520, -29392816.4038,  11966666.5002,  25659901.4650,  -3031.2035,   -247.5874,   1192.4362
 8521, -29395847.5211,  11966418.8777,  25661093.8260,  -3031.0312,   -247.6576,   1192.2857
 8522, -29398878.4661,  11966171.1850,  25662286.0365,  -3030.8588,   -247.7277,   1192.1353
 8523, -29401909.2388,  11965923.4222,  25663478.0966,  -3030.6865,   -247.7979,   1191.9849
 8524, -29404939.8391,  11965675.5893,  25664670.0063,  -3030.5142,   -247.8680,   1191.8345
 8525, -29407970.2672,  11965427.6862,  25665861.7656,  -3030.3419,   -247.9381,   1191.6841
 8526, -29411000.5230,  11965179.7131,  25667053.3745,  -3030.1697,   -248.0082,   1191.5338
 8527, -29414030.6066,  11964931.6699,  25668244.8332,  -3029.9974,   -248.0782,   1191.3835
 8528, -29417060.5179,  11964683.5566,  25669436.1415,  -3029.8252,   -248.1483,   1191.2332
 8529, -29420090.2570,  11964435.3733,  25670627.2996,  -3029.6530,   -248.2183,   1191.0829
 8530, -29423119.8239,  11964187.1200,  25671818.3074,  -3029.4808,   -248.2883,   1190.9327
 8531, -29426149.2187,  11963938.7967,  25673009.1650,  -3029.3087,   -248.3583,   1190.7825
 8532, -29429178.4413,  11963690.4033,  25674199.8724,  -3029.1365,   -248.4283,   1190.6323
 8533, -29432207.4917,  11963441.9400,  25675390.4297,  -3028.9644,   -248.4983,   1190.4822
 8534, -29435236.3701,  11963193.4067,  25676580.8367,  -3028.7923,   -248.5683,   1190.3320
 8535, -29438265.0763,  11962944.8035,  25677771.0937,  -3028.6202,   -248.6382,   1190.1819
 8536, -29441293.6105,  11962696.1303,  25678961.2005,  -3028.4481,   -248.7081,   1190.0318
 8537, -29444321.9725,  11962447.3873,  25680151.1573,  -3028.2761,   -248.7780,   1189.8817
 8538, -29447350.1626,  11962198.5743,  25681340.9640,  -3028.1040,   -248.8479,   1189.7317
 8539, -29450378.1806,  11961949.6915,  25682530.6207,  -3027.9320,   -248.9178,   1189.5817
 8540, -29453406.0266,  11961700.7387,  25683720.1274,  -3027.7600,   -248.9876,   1189.4317
 8541, -29456433.7006,  11961451.7162,  25684909.4842,  -3027.5880,   -249.0575,   1189.2817
 8542, -29459461.2027,  11961202.6238,  25686098.6909,  -3027.4161,   -249.1273,   1189.1318
 8543, -29462488.5327,  11960953.4616,  25687287.7478,  -3027.2441,   -249.1971,   1188.9819
 8544, -29465515.6909,  11960704.2296,  25688476.6547,  -3027.0722,   -249.2669,   1188.8320
 8545, -29468542.6771,  11960454.9278,  25689665.4117,  -3026.9003,   -249.3367,   1188.6821
 8546, -29471569.4915,  11960205.5562,  25690854.0189,  -3026.7284,   -249.4064,   1188.5323
 8547, -29474596.1339,  11959956.1149,  25692042.4763,  -3026.5565,   -249.4762,   1188.3825
 8548, -29477622.6045,  11959706.6038,  25693230.7839,  -3026.3847,   -249.5459,   1188.2327
 8549, -29480648.9032,  11959457.0230,  25694418.9416,  -3026.2128,   -249.6156,   1188.0829
 8550, -29483675.0302,  11959207.3725,  25695606.9496,  -3026.0410,   -249.6853,   1187.9331
 8551, -29486700.9853,  11958957.6524,  25696794.8079,  -3025.8692,   -249.7550,   1187.7834
 8552, -29489726.7686,  11958707.8625,  25697982.5165,  -3025.6974,   -249.8247,   1187.6337
 8553, -29492752.3802,  11958458.0030,  25699170.0754,  -3025.5257,   -249.8943,   1187.4841
 8554, -29495777.8200,  11958208.0739,  25700357.4846,  -3025.3539,   -249.9640,   1187.3344
 8555, -29498803.0880,  11957958.0751,  25701544.7442,  -3025.1822,   -250.0336,   1187.1848
 8556, -29501828.1844,  11957708.0067,  25702731.8542,  -3025.0105,   -250.1032,   1187.0352
 8557, -29504853.1090,  11957457.8688,  25703918.8146,  -3024.8388,   -250.1728,   1186.8856
 8558, -29507877.8620,  11957207.6612,  25705105.6254,  -3024.6671,   -250.2423,   1186.7361
 8559, -29510902.4433,  11956957.3841,  25706292.2867,  -3024.4955,   -250.3119,   1186.5865
 8560, -29513926.8530,  11956707.0375,  25707478.7985,  -3024.3239,   -250.3814,   1186.4370
 8561, -29516951.0911,  11956456.6213,  25708665.1608,  -3024.1522,   -250.4509,   1186.2876
 8562, -29519975.1575,  11956206.1356,  25709851.3736,  -3023.9806,   -250.5204,   1186.1381
 8563, -29522999.0524,  11955955.5804,  25711037.4370,  -3023.8091,   -250.5899,   1185.9887
 8564, -29526022.7757,  11955704.9557,  25712223.3510,  -3023.6375,   -250.6594,   1185.8393
 8565, -29529046.3274,  11955454.2616,  25713409.1156,  -3023.4660,   -250.7289,   1185.6899
 8566, -29532069.7076,  11955203.4980,  25714594.7308,  -3023.2944,   -250.7983,   1185.5405
 8567, -29535092.9163,  11954952.6650,  25715780.1966,  -3023.1229,   -250.8677,   1185.3912
 8568, -29538115.9535,  11954701.7626,  25716965.5132,  -3022.9515,   -250.9371,   1185.2419
 8569, -29541138.8192,  11954450.7908,  25718150.6804,  -3022.7800,   -251.0065,   1185.0926
 8570, -29544161.5135,  11954199.7495,  25719335.6984,  -3022.6085,   -251.0759,   1184.9434
 8571, -29547184.0363,  11953948.6390,  25720520.5672,  -3022.4371,   -251.1453,   1184.7941
 8572, -29550206.3877,  11953697.4590,  25721705.2867,  -3022.2657,   -251.2146,   1184.6449
 8573, -29553228.5677,  11953446.2098,  25722889.8570,  -3022.0943,   -251.2839,   1184.4957
 8574, -29556250.5763,  11953194.8912,  25724074.2781,  -3021.9229,   -251.3532,   1184.3466
 8575, -29559272.4135,  11952943.5033,  25725258.5501,  -3021.7516,   -251.4225,   1184.1974
 8576, -29562294.0794,  11952692.0461,  25726442.6730,  -3021.5802,   -251.4918,   1184.0483
 8577, -29565315.5739,  11952440.5196,  25727626.6468,  -3021.4089,   -251.5611,   1183.8992
 8578, -29568336.8972,  11952188.9239,  25728810.4715,  -3021.2376,   -251.6303,   1183.7502
 8579, -29571358.0491,  11951937.2589,  25729994.1471,  -3021.0663,   -251.6996,   1183.6011
 8580, -29574379.0298,  11951685.5247,  25731177.6737,  -3020.8950,   -251.7688,   1183.4521
 8581, -29577399.8392,  11951433.7214,  25732361.0513,  -3020.7238,   -251.8380,   1183.3031
 8582, -29580420.4774,  11951181.8488,  25733544.2800,  -3020.5526,   -251.9072,   1183.1542
 8583, -29583440.9443,  11950929.9070,  25734727.3596,  -3020.3813,   -251.9763,   1183.0052
 8584, -29586461.2401,  11950677.8961,  25735910.2904,  -3020.2101,   -252.0455,   1182.8563
 8585, -29589481.3646,  11950425.8160,  25737093.0722,  -3020.0390,   -252.1146,   1182.7074
 8586, -29592501.3180,  11950173.6668,  25738275.7052,  -3019.8678,   -252.1838,   1182.5585
 8587, -29595521.1003,  11949921.4485,  25739458.1893,  -3019.6967,   -252.2529,   1182.4097
 8588, -29598540.7114,  11949669.1611,  25740640.5245,  -3019.5256,   -252.3220,   1182.2609
 8589, -29601560.1514,  11949416.8046,  25741822.7110,  -3019.3544,   -252.3910,   1182.1121
 8590, -29604579.4203,  11949164.3790,  25743004.7487,  -3019.1834,   -252.4601,   1181.9633
 8591, -29607598.5181,  11948911.8844,  25744186.6376,  -3019.0123,   -252.5291,   1181.8145
 8592, -29610617.4449,  11948659.3207,  25745368.3777,  -3018.8412,   -252.5982,   1181.6658
 8593, -29613636.2006,  11948406.6881,  25746549.9692,  -3018.6702,   -252.6672,   1181.5171
 8594, -29616654.7853,  11948153.9864,  25747731.4120,  -3018.4992,   -252.7362,   1181.3684
 8595, -29619673.1990,  11947901.2157,  25748912.7061,  -3018.3282,   -252.8052,   1181.2198
 8596, -29622691.4417,  11947648.3761,  25750093.8515,  -3018.1572,   -252.8741,   1181.0712
 8597, -29625709.5135,  11947395.4675,  25751274.8484,  -3017.9863,   -252.9431,   1180.9225
 8598, -29628727.4143,  11947142.4900,  25752455.6966,  -3017.8153,   -253.0120,   1180.7740
 8599, -29631745.1441,  11946889.4435,  25753636.3963,  -3017.6444,   -253.0809,   1180.6254
 8600, -29634762.7031,  11946636.3282,  25754816.9475,  -3017.4735,   -253.1498,   1180.4769
 8601, -29637780.0912,  11946383.1439,  25755997.3501,  -3017.3026,   -253.2187,   1180.3284
 8602, -29640797.3084,  11946129.8908,  25757177.6042,  -3017.1318,   -253.2876,   1180.1799
 8603, -29643814.3547,  11945876.5688,  25758357.7099,  -3016.9609,   -253.3564,   1180.0314
 8604, -29646831.2302,  11945623.1779,  25759537.6671,  -3016.7901,   -253.4253,   1179.8830
 8605, -29649847.9348,  11945369.7183,  25760717.4758,  -3016.6193,   -253.4941,   1179.7346
 8606, -29652864.4687,  11945116.1898,  25761897.1362,  -3016.4485,   -253.5629,   1179.5862
 8607, -29655880.8318,  11944862.5925,  25763076.6482,  -3016.2777,   -253.6317,   1179.4378
 8608, -29658897.0241,  11944608.9264,  25764256.0119,  -3016.1069,   -253.7004,   1179.2895
 8609, -29661913.0456,  11944355.1916,  25765435.2272,  -3015.9362,   -253.7692,   1179.1412
 8610, -29664928.8965,  11944101.3880,  25766614.2942,  -3015.7655,   -253.8379,   1178.9929
 8611, -29667944.5766,  11943847.5157,  25767793.2130,  -3015.5948,   -253.9067,   1178.8446
 8612, -29670960.0860,  11943593.5747,  25768971.9835,  -3015.4241,   -253.9754,   1178.6964
 8613, -29673975.4247,  11943339.5650,  25770150.6057,  -3015.2534,   -254.0441,   1178.5481
 8614, -29676990.5928,  11943085.4865,  25771329.0798,  -3015.0828,   -254.1128,   1178.4000
 8615, -29680005.5903,  11942831.3394,  25772507.4056,  -3014.9121,   -254.1814,   1178.2518
 8616, -29683020.4171,  11942577.1237,  25773685.5833,  -3014.7415,   -254.2501,   1178.1036
 8617, -29686035.0733,  11942322.8393,  25774863.6129,  -3014.5709,   -254.3187,   1177.9555
 8618, -29689049.5589,  11942068.4863,  25776041.4943,  -3014.4003,   -254.3873,   1177.8074
 8619, -29692063.8740,  11941814.0647,  25777219.2277,  -3014.2298,   -254.4559,   1177.6593
 8620, -29695078.0185,  11941559.5744,  25778396.8130,  -3014.0592,   -254.5245,   1177.5113
 8621, -29698091.9924,  11941305.0156,  25779574.2503,  -3013.8887,   -254.5931,   1177.3633
 8622, -29701105.7959,  11941050.3883,  25780751.5395,  -3013.7182,   -254.6616,   1177.2152
 8623, -29704119.4289,  11940795.6924,  25781928.6808,  -3013.5477,   -254.7302,   1177.0673
 8624, -29707132.8914,  11940540.9279,  25783105.6741,  -3013.3773,   -254.7987,   1176.9193
 8625, -29710146.1834,  11940286.0950,  25784282.5194,  -3013.2068,   -254.8672,   1176.7714
 8626, -29713159.3050,  11940031.1935,  25785459.2168,  -3013.0364,   -254.9357,   1176.6235
 8627, -29716172.2561,  11939776.2236,  25786635.7664,  -3012.8660,   -255.0042,   1176.4756
 8628, -29719185.0369,  11939521.1852,  25787812.1680,  -3012.6956,   -255.0726,   1176.3277
 8629, -29722197.6472,  11939266.0783,  25788988.4218,  -3012.5252,   -255.1411,   1176.1799
 8630, -29725210.0872,  11939010.9030,  25790164.5278,  -3012.3548,   -255.2095,   1176.0321
 8631, -29728222.3569,  11938755.6593,  25791340.4860,  -3012.1845,   -255.2779,   1175.8843
 8632, -29731234.4562,  11938500.3472,  25792516.2964,  -3012.0141,   -255.3463,   1175.7365
 8633, -29734246.3852,  11938244.9667,  25793691.9591,  -3011.8438,   -255.4147,   1175.5888
 8634, -29737258.1439,  11937989.5178,  25794867.4740,  -3011.6736,   -255.4831,   1175.4411
 8635, -29740269.7323,  11937734.0006,  25796042.8412,  -3011.5033,   -255.5514,   1175.2934
 8636, -29743281.1505,  11937478.4150,  25797218.0607,  -3011.3330,   -255.6198,   1175.1457
 8637, -29746292.3984,  11937222.7611,  25798393.1326,  -3011.1628,   -255.6881,   1174.9981
 8638, -29749303.4760,  11936967.0388,  25799568.0569,  -3010.9926,   -255.7564,   1174.8504
 8639, -29752314.3835,  11936711.2483,  25800742.8335,  -3010.8224,   -255.8247,   1174.7028
 8640, -29755325.1208,  11936455.3895,  25801917.4626,  -3010.6522,   -255.8929,   1174.5553
 8641, -29758335.6879,  11936199.4625,  25803091.9441,  -3010.4820,   -255.9612,   1174.4077
 8642, -29761346.0849,  11935943.4671,  25804266.2780,  -3010.3119,   -256.0294,   1174.2602
 8643, -29764356.3117,  11935687.4036,  25805440.4644,  -3010.1418,   -256.0977,   1174.1127
 8644, -29767366.3684,  11935431.2718,  25806614.5034,  -3009.9717,   -256.1659,   1173.9652
 8645, -29770376.2550,  11935175.0719,  25807788.3949,  -3009.8016,   -256.2341,   1173.8178
 8646, -29773385.9716,  11934918.8037,  25808962.1389,  -3009.6315,   -256.3022,   1173.6703
 8647, -29776395.5180,  11934662.4674,  25810135.7355,  -3009.4614,   -256.3704,   1173.5229
 8648, -29779404.8944,  11934406.0629,  25811309.1847,  -3009.2914,   -256.4386,   1173.3755
 8649, -29782414.1008,  11934149.5903,  25812482.4866,  -3009.1214,   -256.5067,   1173.2282
 8650, -29785423.1372,  11933893.0495,  25813655.6411,  -3008.9514,   -256.5748,   1173.0808
 8651, -29788432.0036,  11933636.4406,  25814828.6483,  -3008.7814,   -256.6429,   1172.9335
 8652, -29791440.7000,  11933379.7637,  25816001.5082,  -3008.6114,   -256.7110,   1172.7862
 8653, -29794449.2265,  11933123.0187,  25817174.2208,  -3008.4415,   -256.7791,   1172.6390
 8654, -29797457.5830,  11932866.2056,  25818346.7861,  -3008.2716,   -256.8471,   1172.4917
 8655, -29800465.7696,  11932609.3244,  25819519.2042,  -3008.1016,   -256.9152,   1172.3445
 8656, -29803473.7863,  11932352.3753,  25820691.4751,  -3007.9318,   -256.9832,   1172.1973
 8657, -29806481.6331,  11932095.3581,  25821863.5989,  -3007.7619,   -257.0512,   1172.0501
 8658, -29809489.3101,  11931838.2729,  25823035.5755,  -3007.5920,   -257.1192,   1171.9030
 8659, -29812496.8172,  11931581.1197,  25824207.4049,  -3007.4222,   -257.1872,   1171.7559
 8660, -29815504.1544,  11931323.8986,  25825379.0872,  -3007.2524,   -257.2551,   1171.6088
 8661, -29818511.3219,  11931066.6095,  25826550.6225,  -3007.0826,   -257.3231,   1171.4617
 8662, -29821518.3196,  11930809.2524,  25827722.0106,  -3006.9128,   -257.3910,   1171.3147
 8663, -29824525.1474,  11930551.8275,  25828893.2518,  -3006.7430,   -257.4589,   1171.1676
 8664, -29827531.8056,  11930294.3346,  25830064.3459,  -3006.5733,   -257.5268,   1171.0206
 8665, -29830538.2940,  11930036.7738,  25831235.2930,  -3006.4035,   -257.5947,   1170.8736
 8666, -29833544.6126,  11929779.1452,  25832406.0932,  -3006.2338,   -257.6626,   1170.7267
 8667, -29836550.7616,  11929521.4487,  25833576.7464,  -3006.0641,   -257.7304,   1170.5798
 8668, -29839556.7409,  11929263.6844,  25834747.2527,  -3005.8944,   -257.7983,   1170.4328
 8669, -29842562.5505,  11929005.8522,  25835917.6121,  -3005.7248,   -257.8661,   1170.2860
 8670, -29845568.1904,  11928747.9522,  25837087.8247,  -3005.5551,   -257.9339,   1170.1391
 8671, -29848573.6607,  11928489.9844,  25838257.8903,  -3005.3855,   -258.0017,   1169.9923
 8672, -29851578.9614,  11928231.9488,  25839427.8092,  -3005.2159,   -258.0695,   1169.8454
 8673, -29854584.0925,  11927973.8455,  25840597.5812,  -3005.0463,   -258.1372,   1169.6987
 8674, -29857589.0541,  11927715.6744,  25841767.2065,  -3004.8767,   -258.2050,   1169.5519
 8675, -29860593.8460,  11927457.4356,  25842936.6850,  -3004.7072,   -258.2727,   1169.4051
 8676, -29863598.4684,  11927199.1290,  25844106.0168,  -3004.5377,   -258.3404,   1169.2584
 8677, -29866602.9213,  11926940.7547,  25845275.2018,  -3004.3681,   -258.4081,   1169.1117
 8678, -29869607.2047,  11926682.3128,  25846444.2402,  -3004.1986,   -258.4758,   1168.9650
 8679, -29872611.3186,  11926423.8032,  25847613.1320,  -3004.0292,   -258.5435,   1168.8184
 8680, -29875615.2630,  11926165.2259,  25848781.8770,  -3003.8597,   -258.6111,   1168.6718
 8681, -29878619.0380,  11925906.5809,  25849950.4755,  -3003.6902,   -258.6788,   1168.5252
 8682, -29881622.6435,  11925647.8684,  25851118.9274,  -3003.5208,   -258.7464,   1168.3786
 8683, -29884626.0797,  11925389.0882,  25852287.2327,  -3003.3514,   -258.8140,   1168.2320
 8684, -29887629.3464,  11925130.2404,  25853455.3915,  -3003.1820,   -258.8816,   1168.0855
 8685, -29890632.4437,  11924871.3250,  25854623.4037,  -3003.0126,   -258.9491,   1167.9390
 8686, -29893635.3717,  11924612.3421,  25855791.2695,  -3002.8433,   -259.0167,   1167.7925
 8687, -29896638.1303,  11924353.2916,  25856958.9887,  -3002.6739,   -259.0843,   1167.6460
 8688, -29899640.7196,  11924094.1736,  25858126.5616,  -3002.5046,   -259.1518,   1167.4996
 8689, -29902643.1395,  11923834.9881,  25859293.9880,  -3002.3353,   -259.2193,   1167.3532
 8690, -29905645.3902,  11923575.7350,  25860461.2680,  -3002.1660,   -259.2868,   1167.2068
 8691, -29908647.4716,  11923316.4145,  25861628.4016,  -3001.9968,   -259.3543,   1167.0604
 8692, -29911649.3837,  11923057.0265,  25862795.3889,  -3001.8275,   -259.4218,   1166.9141
 8693, -29914651.1267,  11922797.5710,  25863962.2298,  -3001.6583,   -259.4892,   1166.7678
 8694, -29917652.7003,  11922538.0481,  25865128.9244,  -3001.4891,   -259.5566,   1166.6215
 8695, -29920654.1048,  11922278.4577,  25866295.4727,  -3001.3199,   -259.6241,   1166.4752
 8696, -29923655.3401,  11922018.7999,  25867461.8748,  -3001.1507,   -259.6915,   1166.3290
 8697, -29926656.4062,  11921759.0748,  25868628.1307,  -3000.9815,   -259.7589,   1166.1827
 8698, -29929657.3032,  11921499.2822,  25869794.2403,  -3000.8124,   -259.8262,   1166.0365
 8699, -29932658.0310,  11921239.4223,  25870960.2037,  -3000.6433,   -259.8936,   1165.8903
 8700, -29935658.5897,  11920979.4950,  25872126.0210,  -3000.4742,   -259.9609,   1165.7442
 8701, -29938658.9793,  11920719.5004,  25873291.6921,  -3000.3051,   -260.0283,   1165.5981
 8702, -29941659.1999,  11920459.4384,  25874457.2171,  -3000.1360,   -260.0956,   1165.4519
 8703, -29944659.2514,  11920199.3092,  25875622.5960,  -2999.9669,   -260.1629,   1165.3059
 8704, -29947659.1338,  11919939.1127,  25876787.8288,  -2999.7979,   -260.2302,   1165.1598
 8705, -29950658.8472,  11919678.8488,  25877952.9156,  -2999.6289,   -260.2974,   1165.0138
 8706, -29953658.3916,  11919418.5178,  25879117.8563,  -2999.4599,   -260.3647,   1164.8677
 8707, -29956657.7670,  11919158.1194,  25880282.6511,  -2999.2909,   -260.4319,   1164.7217
 8708, -29959656.9734,  11918897.6539,  25881447.2998,  -2999.1219,   -260.4992,   1164.5758
 8709, -29962656.0109,  11918637.1211,  25882611.8026,  -2998.9530,   -260.5664,   1164.4298
 8710, -29965654.8794,  11918376.5211,  25883776.1595,  -2998.7841,   -260.6336,   1164.2839
 8711, -29968653.5790,  11918115.8540,  25884940.3705,  -2998.6152,   -260.7007,   1164.1380
 8712, -29971652.1097,  11917855.1197,  25886104.4355,  -2998.4463,   -260.7679,   1163.9921
 8713, -29974650.4715,  11917594.3182,  25887268.3548,  -2998.2774,   -260.8351,   1163.8463
 8714, -29977648.6645,  11917333.4495,  25888432.1281,  -2998.1085,   -260.9022,   1163.7005
 8715, -29980646.6886,  11917072.5138,  25889595.7557,  -2997.9397,   -260.9693,   1163.5546
 8716, -29983644.5439,  11916811.5109,  25890759.2374,  -2997.7709,   -261.0364,   1163.4089
 8717, -29986642.2303,  11916550.4410,  25891922.5734,  -2997.6021,   -261.1035,   1163.2631
 8718, -29989639.7480,  11916289.3040,  25893085.7636,  -2997.4333,   -261.1706,   1163.1174
 8719, -29992637.0969,  11916028.0999,  25894248.8082,  -2997.2645,   -261.2376,   1162.9717
 8720, -29995634.2770,  11915766.8287,  25895411.7070,  -2997.0957,   -261.3047,   1162.8260
 8721, -29998631.2884,  11915505.4905,  25896574.4601,  -2996.9270,   -261.3717,   1162.6803
 8722, -30001628.1310,  11915244.0853,  25897737.0676,  -2996.7583,   -261.4387,   1162.5347
 8723, -30004624.8049,  11914982.6131,  25898899.5294,  -2996.5896,   -261.5057,   1162.3890
 8724, -30007621.3102,  11914721.0740,  25900061.8457,  -2996.4209,   -261.5727,   1162.2434
 8725, -30010617.6468,  11914459.4678,  25901224.0163,  -2996.2522,   -261.6396,   1162.0979
 8726, -30013613.8147,  11914197.7947,  25902386.0414,  -2996.0836,   -261.7066,   1161.9523
 8727, -30016609.8140,  11913936.0546,  25903547.9210,  -2995.9150,   -261.7735,   1161.8068
 8728, -30019605.6446,  11913674.2476,  25904709.6550,  -2995.7464,   -261.8404,   1161.6613
 8729, -30022601.3067,  11913412.3737,  25905871.2436,  -2995.5778,   -261.9073,   1161.5158
 8730, -30025596.8002,  11913150.4329,  25907032.6867,  -2995.4092,   -261.9742,   1161.3704
 8731, -30028592.1251,  11912888.4253,  25908193.9843,  -2995.2406,   -262.0411,   1161.2249
 8732, -30031587.2815,  11912626.3507,  25909355.1365,  -2995.0721,   -262.1080,   1161.0795
 8733, -30034582.2693,  11912364.2093,  25910516.1434,  -2994.9036,   -262.1748,   1160.9341
 8734, -30037577.0886,  11912102.0011,  25911677.0048,  -2994.7351,   -262.2416,   1160.7888
 8735, -30040571.7394,  11911839.7260,  25912837.7209,  -2994.5666,   -262.3085,   1160.6434
 8736, -30043566.2218,  11911577.3842,  25913998.2917,  -2994.3981,   -262.3753,   1160.4981
 8737, -30046560.5356,  11911314.9755,  25915158.7171,  -2994.2297,   -262.4420,   1160.3528
 8738, -30049554.6811,  11911052.5001,  25916318.9973,  -2994.0612,   -262.5088,   1160.2075
 8739, -30052548.6581,  11910789.9579,  25917479.1322,  -2993.8928,   -262.5756,   1160.0623
 8740, -30055542.4667,  11910527.3490,  25918639.1219,  -2993.7244,   -262.6423,   1159.9171
 8741, -30058536.1069,  11910264.6733,  25919798.9664,  -2993.5560,   -262.7090,   1159.7719
 8742, -30061529.5787,  11910001.9309,  25920958.6656,  -2993.3877,   -262.7757,   1159.6267
 8743, -30064522.8822,  11909739.1219,  25922118.2198,  -2993.2193,   -262.8424,   1159.4815
 8744, -30067516.0174,  11909476.2461,  25923277.6287,  -2993.0510,   -262.9091,   1159.3364
 8745, -30070508.9842,  11909213.3037,  25924436.8926,  -2992.8827,   -262.9758,   1159.1913
 8746, -30073501.7827,  11908950.2946,  25925596.0113,  -2992.7144,   -263.0424,   1159.0462
 8747, -30076494.4130,  11908687.2189,  25926754.9850,  -2992.5461,   -263.1090,   1158.9011
 8748, -30079486.8749,  11908424.0765,  25927913.8136,  -2992.3778,   -263.1757,   1158.7561
 8749, -30082479.1687,  11908160.8675,  25929072.4972,  -2992.2096,   -263.2423,   1158.6111
 8750, -30085471.2942,  11907897.5920,  25930231.0358,  -2992.0414,   -263.3088,   1158.4661
 8751, -30088463.2514,  11907634.2498,  25931389.4294,  -2991.8732,   -263.3754,   1158.3211
 8752, -30091455.0405,  11907370.8411,  25932547.6781,  -2991.7050,   -263.4420,   1158.1762
 8753, -30094446.6614,  11907107.3659,  25933705.7818,  -2991.5368,   -263.5085,   1158.0313
 8754, -30097438.1142,  11906843.8241,  25934863.7406,  -2991.3687,   -263.5750,   1157.8864
 8755, -30100429.3988,  11906580.2158,  25936021.5545,  -2991.2005,   -263.6416,   1157.7415
 8756, -30103420.5152,  11906316.5410,  25937179.2236,  -2991.0324,   -263.7081,   1157.5966
 8757, -30106411.4636,  11906052.7997,  25938336.7478,  -2990.8643,   -263.7745,   1157.4518
 8758, -30109402.2439,  11905788.9919,  25939494.1272,  -2990.6962,   -263.8410,   1157.3070
 8759, -30112392.8560,  11905525.1177,  25940651.3618,  -2990.5282,   -263.9075,   1157.1622
 8760, -30115383.3002,  11905261.1770,  25941808.4516,  -2990.3601,   -263.9739,   1157.0174
 8761, -30118373.5763,  11904997.1699,  25942965.3967,  -2990.1921,   -264.0403,   1156.8727
 8762, -30121363.6844,  11904733.0964,  25944122.1970,  -2990.0241,   -264.1067,   1156.7280
 8763, -30124353.6244,  11904468.9565,  25945278.8526,  -2989.8561,   -264.1731,   1156.5833
 8764, -30127343.3965,  11904204.7502,  25946435.3636,  -2989.6881,   -264.2395,   1156.4386
 8765, -30130333.0006,  11903940.4775,  25947591.7299,  -2989.5201,   -264.3059,   1156.2940
 8766, -30133322.4368,  11903676.1385,  25948747.9515,  -2989.3522,   -264.3722,   1156.1493
 8767, -30136311.7051,  11903411.7331,  25949904.0286,  -2989.1843,   -264.4385,   1156.0047
 8768, -30139300.8054,  11903147.2614,  25951059.9610,  -2989.0164,   -264.5048,   1155.8602
 8769, -30142289.7378,  11902882.7234,  25952215.7489,  -2988.8485,   -264.5712,   1155.7156
 8770, -30145278.5023,  11902618.1191,  25953371.3923,  -2988.6806,   -264.6374,   1155.5711
 8771, -30148267.0990,  11902353.4485,  25954526.8911,  -2988.5128,   -264.7037,   1155.4266
 8772, -30151255.5278,  11902088.7117,  25955682.2454,  -2988.3449,   -264.7700,   1155.2821
 8773, -30154243.7889,  11901823.9086,  25956837.4553,  -2988.1771,   -264.8362,   1155.1376
 8774, -30157231.8820,  11901559.0393,  25957992.5207,  -2988.0093,   -264.9024,   1154.9932
 8775, -30160219.8074,  11901294.1037,  25959147.4416,  -2987.8415,   -264.9686,   1154.8488
 8776, -30163207.5651,  11901029.1020,  25960302.2182,  -2987.6737,   -265.0348,   1154.7044
 8777, -30166195.1549,  11900764.0341,  25961456.8504,  -2987.5060,   -265.1010,   1154.5600
 8778, -30169182.5771,  11900498.8999,  25962611.3382,  -2987.3383,   -265.1672,   1154.4156
 8779, -30172169.8315,  11900233.6997,  25963765.6817,  -2987.1705,   -265.2333,   1154.2713
 8780, -30175156.9182,  11899968.4333,  25964919.8809,  -2987.0028,   -265.2995,   1154.1270
 8781, -30178143.8372,  11899703.1007,  25966073.9357,  -2986.8352,   -265.3656,   1153.9827
 8782, -30181130.5885,  11899437.7020,  25967227.8463,  -2986.6675,   -265.4317,   1153.8385
 8783, -30184117.1722,  11899172.2373,  25968381.6127,  -2986.4999,   -265.4978,   1153.6942
 8784, -30187103.5882,  11898906.7064,  25969535.2348,  -2986.3322,   -265.5639,   1153.5500
 8785, -30190089.8367,  11898641.1095,  25970688.7128,  -2986.1646,   -265.6299,   1153.4058
 8786, -30193075.9175,  11898375.4465,  25971842.0466,  -2985.9970,   -265.6960,   1153.2617
 8787, -30196061.8307,  11898109.7175,  25972995.2362,  -2985.8295,   -265.7620,   1153.1175
 8788, -30199047.5764,  11897843.9225,  25974148.2816,  -2985.6619,   -265.8280,   1152.9734
 8789, -30202033.1545,  11897578.0614,  25975301.1830,  -2985.4944,   -265.8941,   1152.8293
 8790, -30205018.5651,  11897312.1344,  25976453.9403,  -2985.3268,   -265.9600,   1152.6853
 8791, -30208003.8082,  11897046.1414,  25977606.5535,  -2985.1593,   -266.0260,   1152.5412
 8792, -30210988.8838,  11896780.0824,  25978759.0227,  -2984.9918,   -266.0920,   1152.3972
 8793, -30213973.7919,  11896513.9574,  25979911.3479,  -2984.8244,   -266.1579,   1152.2532
 8794, -30216958.5326,  11896247.7665,  25981063.5290,  -2984.6569,   -266.2238,   1152.1092
 8795, -30219943.1058,  11895981.5097,  25982215.5662,  -2984.4895,   -266.2898,   1151.9652
 8796, -30222927.5115,  11895715.1870,  25983367.4595,  -2984.3221,   -266.3557,   1151.8213
 8797, -30225911.7499,  11895448.7984,  25984519.2088,  -2984.1547,   -266.4215,   1151.6774
 8798, -30228895.8209,  11895182.3439,  25985670.8143,  -2983.9873,   -266.4874,   1151.5335
 8799, -30231879.7245,  11894915.8236,  25986822.2758,  -2983.8199,   -266.5533,   1151.3896
 8800, -30234863.4607,  11894649.2374,  25987973.5935,  -2983.6526,   -266.6191,   1151.2458
 8801, -30237847.0296,  11894382.5854,  25989124.7673,  -2983.4852,   -266.6849,   1151.1019
 8802, -30240830.4312,  11894115.8675,  25990275.7974,  -2983.3179,   -266.7507,   1150.9581
 8803, -30243813.6655,  11893849.0839,  25991426.6836,  -2983.1506,   -266.8165,   1150.8144
 8804, -30246796.7325,  11893582.2345,  25992577.4261,  -2982.9834,   -266.8823,   1150.6706
 8805, -30249779.6322,  11893315.3192,  25993728.0249,  -2982.8161,   -266.9481,   1150.5269
 8806, -30252762.3647,  11893048.3383,  25994878.4799,  -2982.6488,   -267.0138,   1150.3832
 8807, -30255744.9299,  11892781.2916,  25996028.7912,  -2982.4816,   -267.0796,   1150.2395
 8808, -30258727.3279,  11892514.1791,  25997178.9589,  -2982.3144,   -267.1453,   1150.0958
 8809, -30261709.5587,  11892247.0010,  25998328.9828,  -2982.1472,   -267.2110,   1149.9522
 8810, -30264691.6224,  11891979.7571,  25999478.8632,  -2981.9800,   -267.2767,   1149.8086
 8811, -30267673.5188,  11891712.4476,  26000628.6000,  -2981.8129,   -267.3424,   1149.6650
 8812, -30270655.2481,  11891445.0724,  26001778.1931,  -2981.6457,   -267.4080,   1149.5214
 8813, -30273636.8103,  11891177.6315,  26002927.6428,  -2981.4786,   -267.4737,   1149.3778
 8814, -30276618.2054,  11890910.1250,  26004076.9488,  -2981.3115,   -267.5393,   1149.2343
 8815, -30279599.4334,  11890642.5529,  26005226.1114,  -2981.1444,   -267.6049,   1149.0908
 8816, -30282580.4943,  11890374.9151,  26006375.1305,  -2980.9774,   -267.6705,   1148.9473
 8817, -30285561.3881,  11890107.2118,  26007524.0061,  -2980.8103,   -267.7361,   1148.8039
 8818, -30288542.1149,  11889839.4429,  26008672.7382,  -2980.6433,   -267.8017,   1148.6604
 8819, -30291522.6747,  11889571.6084,  26009821.3269,  -2980.4763,   -267.8673,   1148.5170
 8820, -30294503.0674,  11889303.7084,  26010969.7722,  -2980.3093,   -267.9328,   1148.3736
 8821, -30297483.2932,  11889035.7428,  26012118.0742,  -2980.1423,   -267.9983,   1148.2303
 8822, -30300463.3520,  11888767.7117,  26013266.2328,  -2979.9753,   -268.0639,   1148.0869
 8823, -30303443.2438,  11888499.6151,  26014414.2480,  -2979.8084,   -268.1294,   1147.9436
 8824, -30306422.9687,  11888231.4530,  26015562.1199,  -2979.6414,   -268.1948,   1147.8003
 8825, -30309402.5267,  11887963.2254,  26016709.8486,  -2979.4745,   -268.2603,   1147.6570
 8826, -30312381.9178,  11887694.9324,  26017857.4340,  -2979.3076,   -268.3258,   1147.5138
 8827, -30315361.1419,  11887426.5739,  26019004.8761,  -2979.1407,   -268.3912,   1147.3705
 8828, -30318340.1992,  11887158.1500,  26020152.1750,  -2978.9739,   -268.4566,   1147.2273
 8829, -30321319.0897,  11886889.6606,  26021299.3307,  -2978.8070,   -268.5220,   1147.0841
 8830, -30324297.8133,  11886621.1059,  26022446.3433,  -2978.6402,   -268.5874,   1146.9410
 8831, -30327276.3701,  11886352.4857,  26023593.2127,  -2978.4734,   -268.6528,   1146.7978
 8832, -30330254.7601,  11886083.8002,  26024739.9389,  -2978.3066,   -268.7182,   1146.6547
 8833, -30333232.9833,  11885815.0493,  26025886.5221,  -2978.1398,   -268.7836,   1146.5116
 8834, -30336211.0397,  11885546.2331,  26027032.9621,  -2977.9731,   -268.8489,   1146.3685
 8835, -30339188.9294,  11885277.3516,  26028179.2591,  -2977.8063,   -268.9142,   1146.2255
 8836, -30342166.6524,  11885008.4047,  26029325.4131,  -2977.6396,   -268.9795,   1146.0824
 8837, -30345144.2086,  11884739.3925,  26030471.4240,  -2977.4729,   -269.0448,   1145.9394
 8838, -30348121.5982,  11884470.3151,  26031617.2919,  -2977.3062,   -269.1101,   1145.7964
 8839, -30351098.8211,  11884201.1723,  26032763.0169,  -2977.1395,   -269.1754,   1145.6535
 8840, -30354075.8773,  11883931.9643,  26033908.5989,  -2976.9729,   -269.2406,   1145.5105
 8841, -30357052.7668,  11883662.6911,  26035054.0380,  -2976.8062,   -269.3059,   1145.3676
 8842, -30360029.4897,  11883393.3527,  26036199.3342,  -2976.6396,   -269.3711,   1145.2247
 8843, -30363006.0461,  11883123.9490,  26037344.4875,  -2976.4730,   -269.4363,   1145.0819
 8844, -30365982.4358,  11882854.4801,  26038489.4979,  -2976.3064,   -269.5015,   1144.9390
 8845, -30368958.6589,  11882584.9460,  26039634.3655,  -2976.1399,   -269.5667,   1144.7962
 8846, -30371934.7155,  11882315.3468,  26040779.0903,  -2975.9733,   -269.6318,   1144.6534
 8847, -30374910.6056,  11882045.6824,  26041923.6723,  -2975.8068,   -269.6970,   1144.5106
 8848, -30377886.3291,  11881775.9529,  26043068.1115,  -2975.6403,   -269.7621,   1144.3678
 8849, -30380861.8861,  11881506.1582,  26044212.4080,  -2975.4738,   -269.8272,   1144.2251
 8850, -30383837.2766,  11881236.2985,  26045356.5617,  -2975.3073,   -269.8923,   1144.0824
 8851, -30386812.5006,  11880966.3736,  26046500.5728,  -2975.1408,   -269.9574,   1143.9397
 8852, -30389787.5582,  11880696.3836,  26047644.4411,  -2974.9744,   -270.0225,   1143.7970
 8853, -30392762.4494,  11880426.3286,  26048788.1668,  -2974.8079,   -270.0875,   1143.6544
 8854, -30395737.1741,  11880156.2085,  26049931.7499,  -2974.6415,   -270.1526,   1143.5118
 8855, -30398711.7324,  11879886.0234,  26051075.1904,  -2974.4751,   -270.2176,   1143.3692
 8856, -30401686.1244,  11879615.7733,  26052218.4882,  -2974.3087,   -270.2826,   1143.2266
 8857, -30404660.3499,  11879345.4582,  26053361.6435,  -2974.1424,   -270.3476,   1143.0840
 8858, -30407634.4091,  11879075.0780,  26054504.6563,  -2973.9760,   -270.4126,   1142.9415
 8859, -30410608.3020,  11878804.6329,  26055647.5265,  -2973.8097,   -270.4776,   1142.7990
 8860, -30413582.0286,  11878534.1228,  26056790.2542,  -2973.6434,   -270.5426,   1142.6565
 8861, -30416555.5888,  11878263.5478,  26057932.8395,  -2973.4771,   -270.6075,   1142.5140
 8862, -30419528.9828,  11877992.9078,  26059075.2823,  -2973.3108,   -270.6724,   1142.3716
 8863, -30422502.2105,  11877722.2029,  26060217.5826,  -2973.1446,   -270.7374,   1142.2291
 8864, -30425475.2719,  11877451.4331,  26061359.7406,  -2972.9783,   -270.8023,   1142.0867
 8865, -30428448.1671,  11877180.5984,  26062501.7561,  -2972.8121,   -270.8671,   1141.9444
 8866, -30431420.8962,  11876909.6988,  26063643.6293,  -2972.6459,   -270.9320,   1141.8020
 8867, -30434393.4590,  11876638.7343,  26064785.3602,  -2972.4797,   -270.9969,   1141.6597
 8868, -30437365.8556,  11876367.7050,  26065926.9487,  -2972.3135,   -271.0617,   1141.5174
 8869, -30440338.0860,  11876096.6109,  26067068.3949,  -2972.1474,   -271.1265,   1141.3751
 8870, -30443310.1503,  11875825.4519,  26068209.6989,  -2971.9812,   -271.1914,   1141.2328
 8871, -30446282.0485,  11875554.2282,  26069350.8606,  -2971.8151,   -271.2562,   1141.0906
 8872, -30449253.7806,  11875282.9396,  26070491.8800,  -2971.6490,   -271.3209,   1140.9484
 8873, -30452225.3466,  11875011.5863,  26071632.7573,  -2971.4829,   -271.3857,   1140.8062
 8874, -30455196.7465,  11874740.1682,  26072773.4923,  -2971.3169,   -271.4505,   1140.6640
 8875, -30458167.9803,  11874468.6854,  26073914.0852,  -2971.1508,   -271.5152,   1140.5218
 8876, -30461139.0481,  11874197.1378,  26075054.5360,  -2970.9848,   -271.5799,   1140.3797
 8877, -30464109.9498,  11873925.5255,  26076194.8446,  -2970.8188,   -271.6447,   1140.2376
 8878, -30467080.6856,  11873653.8485,  26077335.0112,  -2970.6528,   -271.7094,   1140.0955
 8879, -30470051.2554,  11873382.1068,  26078475.0356,  -2970.4868,   -271.7740,   1139.9534
 8880, -30473021.6591,  11873110.3004,  26079614.9180,  -2970.3208,   -271.8387,   1139.8114
 8881, -30475991.8970,  11872838.4294,  26080754.6584,  -2970.1549,   -271.9034,   1139.6694
 8882, -30478961.9689,  11872566.4937,  26081894.2568,  -2969.9889,   -271.9680,   1139.5274
 8883, -30481931.8748,  11872294.4934,  26083033.7131,  -2969.8230,   -272.0326,   1139.3854
 8884, -30484901.6149,  11872022.4285,  26084173.0275,  -2969.6571,   -272.0972,   1139.2434
 8885, -30487871.1890,  11871750.2989,  26085312.2000,  -2969.4912,   -272.1618,   1139.1015
 8886, -30490840.5973,  11871478.1048,  26086451.2305,  -2969.3254,   -272.2264,   1138.9596
 8887, -30493809.8397,  11871205.8461,  26087590.1192,  -2969.1595,   -272.2910,   1138.8177
 8888, -30496778.9163,  11870933.5229,  26088728.8660,  -2968.9937,   -272.3555,   1138.6758
 8889, -30499747.8271,  11870661.1350,  26089867.4709,  -2968.8279,   -272.4201,   1138.5340
 8890, -30502716.5721,  11870388.6827,  26091005.9340,  -2968.6621,   -272.4846,   1138.3922
 8891, -30505685.1513,  11870116.1659,  26092144.2553,  -2968.4963,   -272.5491,   1138.2504
 8892, -30508653.5647,  11869843.5845,  26093282.4348,  -2968.3305,   -272.6136,   1138.1086
 8893, -30511621.8123,  11869570.9386,  26094420.4725,  -2968.1648,   -272.6781,   1137.9669
 8894, -30514589.8942,  11869298.2283,  26095558.3685,  -2967.9991,   -272.7426,   1137.8251
 8895, -30517557.8104,  11869025.4535,  26096696.1227,  -2967.8333,   -272.8070,   1137.6834
 8896, -30520525.5609,  11868752.6143,  26097833.7353,  -2967.6677,   -272.8714,   1137.5417
 8897, -30523493.1458,  11868479.7106,  26098971.2062,  -2967.5020,   -272.9359,   1137.4001
 8898, -30526460.5649,  11868206.7426,  26100108.5354,  -2967.3363,   -273.0003,   1137.2584
 8899, -30529427.8184,  11867933.7101,  26101245.7230,  -2967.1707,   -273.0647,   1137.1168
 8900, -30532394.9063,  11867660.6132,  26102382.7690,  -2967.0050,   -273.1291,   1136.9752
 8901, -30535361.8285,  11867387.4520,  26103519.6734,  -2966.8394,   -273.1934,   1136.8336
 8902, -30538328.5851,  11867114.2264,  26104656.4363,  -2966.6738,   -273.2578,   1136.6921
 8903, -30541295.1762,  11866840.9364,  26105793.0576,  -2966.5083,   -273.3221,   1136.5505
 8904, -30544261.6017,  11866567.5822,  26106929.5374,  -2966.3427,   -273.3864,   1136.4090
 8905, -30547227.8616,  11866294.1636,  26108065.8756,  -2966.1772,   -273.4507,   1136.2675
 8906, -30550193.9561,  11866020.6807,  26109202.0724,  -2966.0117,   -273.5150,   1136.1261
 8907, -30553159.8850,  11865747.1335,  26110338.1278,  -2965.8461,   -273.5793,   1135.9846
 8908, -30556125.6484,  11865473.5220,  26111474.0417,  -2965.6807,   -273.6436,   1135.8432
 8909, -30559091.2463,  11865199.8463,  26112609.8142,  -2965.5152,   -273.7078,   1135.7018
 8910, -30562056.6787,  11864926.1064,  26113745.4453,  -2965.3497,   -273.7721,   1135.5604
 8911, -30565021.9458,  11864652.3022,  26114880.9351,  -2965.1843,   -273.8363,   1135.4191
 8912, -30567987.0473,  11864378.4338,  26116016.2835,  -2965.0189,   -273.9005,   1135.2777
 8913, -30570951.9835,  11864104.5012,  26117151.4906,  -2964.8535,   -273.9647,   1135.1364
 8914, -30573916.7543,  11863830.5044,  26118286.5564,  -2964.6881,   -274.0289,   1134.9951
 8915, -30576881.3597,  11863556.4434,  26119421.4809,  -2964.5227,   -274.0930,   1134.8539
 8916, -30579845.7997,  11863282.3183,  26120556.2642,  -2964.3574,   -274.1572,   1134.7126
 8917, -30582810.0744,  11863008.1290,  26121690.9062,  -2964.1920,   -274.2213,   1134.5714
 8918, -30585774.1838,  11862733.8756,  26122825.4070,  -2964.0267,   -274.2855,   1134.4302
 8919, -30588738.1278,  11862459.5581,  26123959.7666,  -2963.8614,   -274.3496,   1134.2890
 8920, -30591701.9066,  11862185.1765,  26125093.9851,  -2963.6961,   -274.4137,   1134.1479
 8921, -30594665.5201,  11861910.7307,  26126228.0624,  -2963.5308,   -274.4777,   1134.0067
 8922, -30597628.9683,  11861636.2210,  26127361.9986,  -2963.3656,   -274.5418,   1133.8656
 8923, -30600592.2512,  11861361.6471,  26128495.7937,  -2963.2004,   -274.6059,   1133.7245
 8924, -30603555.3690,  11861087.0092,  26129629.4477,  -2963.0351,   -274.6699,   1133.5835
 8925, -30606518.3215,  11860812.3073,  26130762.9606,  -2962.8699,   -274.7339,   1133.4424
 8926, -30609481.1089,  11860537.5414,  26131896.3325,  -2962.7048,   -274.7979,   1133.3014
 8927, -30612443.7311,  11860262.7115,  26133029.5634,  -2962.5396,   -274.8619,   1133.1604
 8928, -30615406.1881,  11859987.8176,  26134162.6534,  -2962.3744,   -274.9259,   1133.0194
 8929, -30618368.4800,  11859712.8597,  26135295.6023,  -2962.2093,   -274.9899,   1132.8785
 8930, -30621330.6067,  11859437.8378,  26136428.4103,  -2962.0442,   -275.0538,   1132.7375
 8931, -30624292.5684,  11859162.7520,  26137561.0774,  -2961.8791,   -275.1178,   1132.5966
 8932, -30627254.3649,  11858887.6023,  26138693.6035,  -2961.7140,   -275.1817,   1132.4557
 8933, -30630215.9964,  11858612.3886,  26139825.9888,  -2961.5490,   -275.2456,   1132.3149
 8934, -30633177.4628,  11858337.1111,  26140958.2333,  -2961.3839,   -275.3095,   1132.1740
 8935, -30636138.7642,  11858061.7697,  26142090.3368,  -2961.2189,   -275.3734,   1132.0332
 8936, -30639099.9006,  11857786.3644,  26143222.2996,  -2961.0539,   -275.4372,   1131.8924
 8937, -30642060.8720,  11857510.8952,  26144354.1216,  -2960.8889,   -275.5011,   1131.7516
 8938, -30645021.6783,  11857235.3622,  26145485.8028,  -2960.7239,   -275.5649,   1131.6108
 8939, -30647982.3197,  11856959.7653,  26146617.3433,  -2960.5589,   -275.6288,   1131.4701
 8940, -30650942.7962,  11856684.1047,  26147748.7430,  -2960.3940,   -275.6926,   1131.3294
 8941, -30653903.1077,  11856408.3802,  26148880.0021,  -2960.2290,   -275.7564,   1131.1887
 8942, -30656863.2543,  11856132.5920,  26150011.1204,  -2960.0641,   -275.8201,   1131.0480
 8943, -30659823.2360,  11855856.7399,  26151142.0981,  -2959.8992,   -275.8839,   1130.9074
 8944, -30662783.0528,  11855580.8241,  26152272.9351,  -2959.7344,   -275.9477,   1130.7667
 8945, -30665742.7047,  11855304.8446,  26153403.6316,  -2959.5695,   -276.0114,   1130.6261
 8946, -30668702.1917,  11855028.8014,  26154534.1874,  -2959.4047,   -276.0751,   1130.4855
 8947, -30671661.5140,  11854752.6944,  26155664.6027,  -2959.2398,   -276.1388,   1130.3450
 8948, -30674620.6714,  11854476.5237,  26156794.8774,  -2959.0750,   -276.2025,   1130.2044
 8949, -30677579.6640,  11854200.2893,  26157925.0115,  -2958.9102,   -276.2662,   1130.0639
 8950, -30680538.4918,  11853923.9913,  26159055.0052,  -2958.7454,   -276.3299,   1129.9234
 8951, -30683497.1549,  11853647.6295,  26160184.8584,  -2958.5807,   -276.3935,   1129.7829
 8952, -30686455.6532,  11853371.2042,  26161314.5711,  -2958.4159,   -276.4572,   1129.6425
 8953, -30689413.9868,  11853094.7152,  26162444.1434,  -2958.2512,   -276.5208,   1129.5021
 8954, -30692372.1556,  11852818.1626,  26163573.5752,  -2958.0865,   -276.5844,   1129.3617
 8955, -30695330.1598,  11852541.5464,  26164702.8667,  -2957.9218,   -276.6480,   1129.2213
 8956, -30698287.9993,  11852264.8666,  26165832.0178,  -2957.7571,   -276.7116,   1129.0809
 8957, -30701245.6741,  11851988.1232,  26166961.0285,  -2957.5925,   -276.7752,   1128.9406
 8958, -30704203.1842,  11851711.3162,  26168089.8989,  -2957.4278,   -276.8387,   1128.8002
 8959, -30707160.5297,  11851434.4458,  26169218.6290,  -2957.2632,   -276.9023,   1128.6599
 8960, -30710117.7106,  11851157.5117,  26170347.2188,  -2957.0986,   -276.9658,   1128.5197
 8961, -30713074.7269,  11850880.5142,  26171475.6683,  -2956.9340,   -277.0293,   1128.3794
 8962, -30716031.5786,  11850603.4531,  26172603.9775,  -2956.7694,   -277.0928,   1128.2392
 8963, -30718988.2658,  11850326.3286,  26173732.1466,  -2956.6049,   -277.1563,   1128.0989
 8964, -30721944.7884,  11850049.1406,  26174860.1754,  -2956.4403,   -277.2198,   1127.9588
 8965, -30724901.1464,  11849771.8891,  26175988.0641,  -2956.2758,   -277.2832,   1127.8186
 8966, -30727857.3400,  11849494.5741,  26177115.8126,  -2956.1113,   -277.3467,   1127.6784
 8967, -30730813.3690,  11849217.1958,  26178243.4210,  -2955.9468,   -277.4101,   1127.5383
 8968, -30733769.2336,  11848939.7540,  26179370.8892,  -2955.7823,   -277.4735,   1127.3982
 8969, -30736724.9337,  11848662.2488,  26180498.2174,  -2955.6179,   -277.5369,   1127.2581
 8970, -30739680.4694,  11848384.6802,  26181625.4055,  -2955.4534,   -277.6003,   1127.1181
 8971, -30742635.8406,  11848107.0482,  26182752.4535,  -2955.2890,   -277.6637,   1126.9780
 8972, -30745591.0474,  11847829.3529,  26183879.3615,  -2955.1246,   -277.7270,   1126.8380
 8973, -30748546.0898,  11847551.5942,  26185006.1295,  -2954.9602,   -277.7904,   1126.6980
 8974, -30751500.9678,  11847273.7722,  26186132.7576,  -2954.7958,   -277.8537,   1126.5580
 8975, -30754455.6815,  11846995.8868,  26187259.2456,  -2954.6315,   -277.9170,   1126.4181
 8976, -30757410.2308,  11846717.9382,  26188385.5937,  -2954.4671,   -277.9803,   1126.2781
 8977, -30760364.6158,  11846439.9262,  26189511.8019,  -2954.3028,   -278.0436,   1126.1382
 8978, -30763318.8364,  11846161.8510,  26190637.8702,  -2954.1385,   -278.1069,   1125.9984
 8979, -30766272.8928,  11845883.7125,  26191763.7986,  -2953.9742,   -278.1701,   1125.8585
 8980, -30769226.7849,  11845605.5108,  26192889.5872,  -2953.8100,   -278.2334,   1125.7186
 8981, -30772180.5127,  11845327.2458,  26194015.2359,  -2953.6457,   -278.2966,   1125.5788
 8982, -30775134.0763,  11845048.9175,  26195140.7448,  -2953.4815,   -278.3598,   1125.4390
 8983, -30778087.4756,  11844770.5261,  26196266.1140,  -2953.3172,   -278.4230,   1125.2992
 8984, -30781040.7108,  11844492.0715,  26197391.3433,  -2953.1530,   -278.4862,   1125.1595
 8985, -30783993.7817,  11844213.5537,  26198516.4329,  -2952.9888,   -278.5494,   1125.0197
 8986, -30786946.6885,  11843934.9727,  26199641.3828,  -2952.8247,   -278.6126,   1124.8800
 8987, -30789899.4310,  11843656.3286,  26200766.1930,  -2952.6605,   -278.6757,   1124.7403
 8988, -30792852.0095,  11843377.6213,  26201890.8635,  -2952.4964,   -278.7388,   1124.6007
 8989, -30795804.4238,  11843098.8509,  26203015.3944,  -2952.3323,   -278.8020,   1124.4610
 8990, -30798756.6740,  11842820.0174,  26204139.7856,  -2952.1681,   -278.8651,   1124.3214
 8991, -30801708.7601,  11842541.1208,  26205264.0372,  -2952.0041,   -278.9282,   1124.1818
 8992, -30804660.6821,  11842262.1611,  26206388.1492,  -2951.8400,   -278.9912,   1124.0422
 8993, -30807612.4401,  11841983.1384,  26207512.1216,  -2951.6759,   -279.0543,   1123.9026
 8994, -30810564.0340,  11841704.0525,  26208635.9545,  -2951.5119,   -279.1173,   1123.7631
 8995, -30813515.4639,  11841424.9037,  26209759.6478,  -2951.3479,   -279.1804,   1123.6236
 8996, -30816466.7297,  11841145.6918,  26210883.2016,  -2951.1839,   -279.2434,   1123.4841
 8997, -30819417.8316,  11840866.4169,  26212006.6160,  -2951.0199,   -279.3064,   1123.3446
 8998, -30822368.7695,  11840587.0790,  26213129.8909,  -2950.8559,   -279.3694,   1123.2052
 8999, -30825319.5434,  11840307.6781,  26214253.0263,  -2950.6920,   -279.4324,   1123.0657
 9000, -30828270.1534,  11840028.2142,  26215376.0223,  -2950.5280,   -279.4954,   1122.9263
