#CatalogNumber	Epoch	C11	C22	C33
25544	2008-09-20T12:00:00	2.325537e+05	3.789575e+04	9.718082e+03
