#CatalogNumber	Epoch	C11	C12	C13	C22	C23	C33
25544	2008-09-20T12:00:00	3.010103e+04	4.325928e+04	8.309618e+03	2.201644e+05	-2.700357e+04	2.990218e+04
